"ID","Language_ID","Headword","Part_Of_Speech","Headword_Raw","Headword_Normalized","Homonym_Number","Classification_Family","Translation_Raw","Variants_JSON","Examples_JSON","Comment","Source","Publication_Status","Validation_Status","Transcription_Status"
"RD-000001","tar","A","Vt","A","a","","Vt","Buscar","[""pret.: ari; fut.: ama""]","[""Nijeni ama cahué. Voy a buscar el caballo. ¡Ábasi! ¡Vayan a buscarlo! [pret.: ari; fut.: ama] Ábia simíbari, fueron a buscarlo. Abo, lo buscaremos, uds. lo buscarán. Ásagá, si lo busca. Ásiga, buscándolo. Ay, lo buscaba.""]","Nijeni ama cahué. Voy a buscar el caballo. ¡Ábasi! ¡Vayan a buscarlo! [pret.: ari; fut.: ama] Ábia simíbari, fueron a buscarlo. Abo, lo buscaremos, uds. lo buscarán. Ásagá, si lo busca. Ásiga, buscándolo. Ay, lo buscaba.","SRC-02[3]","Autorizada para difusión","Pendiente de validación lingüística","Transcrito"
"RD-000002","tar","Abé","Adv","Abé","abe","","Adv","Hoy","[]","[""1. Abé huarú ucuri. Hoy llovió mucho. 2.Hace rato. Véase jipi, curipi.""]","1. Abé huarú ucuri. Hoy llovió mucho. 2.Hace rato. Véase jipi, curipi.","SRC-02[3]","Autorizada para difusión","Pendiente de validación lingüística","Transcrito"
"RD-000003","tar","Abi, abiyena","Adv","Abi, abiyena","abi, abiyena","","Adv","Sí","[""abiyena""]","[""¿Acha mi 'yárati? Ayena, abi. ¿Se lo dieron? Sí.""]","¿Acha mi 'yárati? Ayena, abi. ¿Se lo dieron? Sí.","SRC-02[3]","Autorizada para difusión","Pendiente de validación lingüística","Transcrito"
"RD-000004","tar","Abijí","Adv","Abijí","abiji","","Adv","Todavía, aún","[]","[""¡Abijí buhué!, ¡Espera todavía! Abijí que cho ucú, todavía no llueve. I'yábijí temprano todavía. Abijí tibíami, sobrante. Abijí ucú, todavía llueve.""]","¡Abijí buhué!, ¡Espera todavía! Abijí que cho ucú, todavía no llueve. I'yábijí temprano todavía. Abijí tibíami, sobrante. Abijí ucú, todavía llueve.","SRC-02[3]","Autorizada para difusión","Pendiente de validación lingüística","Transcrito"
"RD-000005","tar","Aboni","Pron","Aboni","aboni","","Pron","Ellos, ellas","[]","[""Aboni pirérachi, habitación de ellos.""]","Aboni pirérachi, habitación de ellos.","SRC-02[3]","Autorizada para difusión","Pendiente de validación lingüística","Transcrito"
"RD-000006","tar","Acá","S","1Acá","aca","1","S","Cara, nariz","[]","[""Binoy acara, su cara. Binoy acárachi, en su cara. Véase cho'ó.""]","Binoy acara, su cara. Binoy acárachi, en su cara. Véase cho'ó.","SRC-02[3]","Autorizada para difusión","Pendiente de validación lingüística","Transcrito"
"RD-000007","tar","Acá","Vi","2Acá","aca","2","Vi","1. Tener sal 2. Está dulce o sabroso","[]","[""¿Acha gará acá muní?, ¿Tienen suficiente sal los frijoles? Hue gará acá je'ná muní, están muy bien de sal estos frijoles.""]","¿Acha gará acá muní?, ¿Tienen suficiente sal los frijoles? Hue gará acá je'ná muní, están muy bien de sal estos frijoles.","SRC-02[3]","Autorizada para difusión","Pendiente de validación lingüística","Transcrito"
"RD-000008","tar","Acá","S","3Acá","aca","3","S","Huarache","[]","[""Nijeni quetasi te acá, no tengo huaraches.""]","Nijeni quetasi te acá, no tengo huaraches.","SRC-02[3]","Autorizada para difusión","Pendiente de validación lingüística","Transcrito"
"RD-000009","tar","Acará","Vi","Acará","acara","","Vi","Poner (huaraches)","[]","[]","","SRC-02[3]","Autorizada para difusión","Pendiente de validación lingüística","Transcrito"
"RD-000010","tar","Acarapu","Vi","Acarapu","acarapu","","Vi","Quitarse (huaraches)","[]","[]","","SRC-02[3]","Autorizada para difusión","Pendiente de validación lingüística","Transcrito"
"RD-000011","tar","Acarapta","Vt","Acarapta","acarapta","","Vt","Quitar (huaraches)","[]","[]","","SRC-02[3]","Autorizada para difusión","Pendiente de validación lingüística","Transcrito"
"RD-000012","tar","Acá","Vi","4Acá","aca","4","Vi","Embotarse, quitarse (el filo)","[]","[""Ripurá acari, se embotó el hacha.""]","Ripurá acari, se embotó el hacha.","SRC-02[3]","Autorizada para difusión","Pendiente de validación lingüística","Transcrito"
"RD-000013","tar","Acáami","Adj","Acáami","acaami","","Adj","1. Salado 2. Dulce","[]","[]","","SRC-02[3]","Autorizada para difusión","Pendiente de validación lingüística","Transcrito"
"RD-000014","tar","Acáanami","Adj","Acáanami","acaanami","","Adj","Sano de pie o de brazo (se usa negativamente)","[]","[""Echi rijoy que acáanami ju, mapujiti binoy ronórachi nacórami ju, Ese hombre es cojo porque tiene la pierna chueca. Que acáanami, cojo. Que acanáami biréana ronochí, cojo de una pierna.""]","Echi rijoy que acáanami ju, mapujiti binoy ronórachi nacórami ju, Ese hombre es cojo porque tiene la pierna chueca. Que acáanami, cojo. Que acanáami biréana ronochí, cojo de una pierna.","SRC-02[3]","Autorizada para difusión","Pendiente de validación lingüística","Transcrito"
"RD-000015","tar","Acabó","S","Acabó","acabo","","S","Hoyo de la nariz, ventana de la nariz","[]","[]","","SRC-02[3]","Autorizada para difusión","Pendiente de validación lingüística","Transcrito"
"RD-000016","tar","Acáchura","S","Acáchura","acachura","","S","1. Abuela paterna 2. Nieta (de la abuela paterna)","[]","[""Echi nijé onorá iyera nijé acáchura ju, la mamá de mi papá es mi abuela paterna. Nijé acáchura, mi abuela (la mamá de mi papá).""]","Echi nijé onorá iyera nijé acáchura ju, la mamá de mi papá es mi abuela paterna. Nijé acáchura, mi abuela (la mamá de mi papá).","SRC-02[3-4]","Autorizada para difusión","Pendiente de validación lingüística","Transcrito"
"RD-000017","tar","Acahui","Vt","Acahui","acahui","","Vt","Salar","[]","[]","","SRC-02[4]","Autorizada para difusión","Pendiente de validación lingüística","Transcrito"
"RD-000018","tar","Acajihua","S","Acajihua","acajihua","","S","Correa","[]","[""Acajihua ma su'rari, ya se soltó la correa del huarache.""]","Acajihua ma su'rari, ya se soltó la correa del huarache.","SRC-02[4]","Autorizada para difusión","Pendiente de validación lingüística","Transcrito"
"RD-000019","tar","Acajihua","Vr","Acajihua","acajihua","","Vr","Ponerse correas a los huaraches","[]","[""Nijé acajíhuara, mis correas""]","Nijé acajíhuara, mis correas","SRC-02[4]","Autorizada para difusión","Pendiente de validación lingüística","Transcrito"
"RD-000020","tar","Acami","Adj sing","Acami","acami","","Adj","Vivo","[]","[""Abijí acami ju cochí, todavía está vivo el perro.""]","Abijí acami ju cochí, todavía está vivo el perro.","SRC-02[4]","Autorizada para difusión","Pendiente de validación lingüística","Transcrito"
"RD-000021","tar","Acaná","Adv","Acaná","acana","","Adv","Boca abajo","[]","[""Acaná huichiri, se cayó boca abajo. ¡Acaná achá bitori! ¡Voltea el cajete (boca abajo)!""]","Acaná huichiri, se cayó boca abajo. ¡Acaná achá bitori! ¡Voltea el cajete (boca abajo)!","SRC-02[4]","Autorizada para difusión","Pendiente de validación lingüística","Transcrito"
"RD-000022","tar","Acánami","Pp","Acánami","acanami","","Pp","Aliviado (de pie, brazo, etc.), sano así","[]","[]","","SRC-02[4]","Autorizada para difusión","Pendiente de validación lingüística","Transcrito"
"RD-000023","tar","Acará","Vt","1Acará","acara","1","Vt","Herrar","[]","[]","","SRC-02[4]","Autorizada para difusión","Pendiente de validación lingüística","Transcrito"
"RD-000024","tar","Acará","S","2Acará","acara","2","S","Rostro","[]","[]","","SRC-02[4]","Autorizada para difusión","Pendiente de validación lingüística","Transcrito"
"RD-000025","tar","Acha","Adv","Acha","acha","","Adv","¿Acaso…? (solo se usa en preguntas)","[]","[""¿Acha gará ju?, ¿Estás bien? ¿Quecha gará ju?, ¿No estás bien?""]","¿Acha gará ju?, ¿Estás bien? ¿Quecha gará ju?, ¿No estás bien?","SRC-02[4]","Autorizada para difusión","Pendiente de validación lingüística","Transcrito"
"RD-000026","tar","Achá","Vt","Achá","acha","","Vt","Poner (una sola cosa o persona), colocar","[""pl.: muchuhua""]","[""Echo'ná achámani, voy a ponerlo allí. Nijeni naquiri echo'ná achayá, yo quería ponerlo allí. Echo'ná achárati, fue puesto allí. Sicochi achari rité, puso la piedra en el rincón. [pl.: muchuhua]""]","Echo'ná achámani, voy a ponerlo allí. Nijeni naquiri echo'ná achayá, yo quería ponerlo allí. Echo'ná achárati, fue puesto allí. Sicochi achari rité, puso la piedra en el rincón. [pl.: muchuhua]","SRC-02[4]","Autorizada para difusión","Pendiente de validación lingüística","Transcrito"
"RD-000027","tar","Achagó","S","Achagó","achago","","S","Una mata espinosa (semejante a la manzanilla; las chivas comen las ramitas)","[]","[""Achagóachi, lugar donde hay esa mata.""]","Achagóachi, lugar donde hay esa mata.","SRC-02[4]","Autorizada para difusión","Pendiente de validación lingüística","Transcrito"
"RD-000028","tar","Achapa","Vt","Achapa","achapa","","Vt","Golpear ropa o cobija sobre una roca o con un palo para quitar el agua.","[]","[]","","SRC-02[4]","Autorizada para difusión","Pendiente de validación lingüística","Transcrito"
"RD-000029","tar","'Aché","Vi","'Aché","'ache","","Vi","Atiesarse (de frío), morirse (de frío)","[]","[""Biré táa tohuí 'acheca mucuri, mapujiti quetasi teri quima, un niño chiquito se atiesó, y murió así, porque no tenía cobija.""]","Biré táa tohuí 'acheca mucuri, mapujiti quetasi teri quima, un niño chiquito se atiesó, y murió así, porque no tenía cobija.","SRC-02[4]","Autorizada para difusión","Pendiente de validación lingüística","Transcrito"
"RD-000030","tar","Achí","Vt","Achí","achi","","Vt","Reír, sonreír","[]","[""Echi jaré rarámuri huabé achiri maparí nijé huichiri, los tarahumaras se rieron mucho cuando me caí.""]","Echi jaré rarámuri huabé achiri maparí nijé huichiri, los tarahumaras se rieron mucho cuando me caí.","SRC-02[4]","Autorizada para difusión","Pendiente de validación lingüística","Transcrito"
"RD-000031","tar","Achíami","Adj","Achíami","achiami","","Adj","Risueño","[]","[]","","SRC-02[4]","Autorizada para difusión","Pendiente de validación lingüística","Transcrito"
"RD-000032","tar","Achigó yiri ju","","Achigó yiri ju","achigo yiri ju","","Sin clasificar","Es igual","[]","[""Véase néchigo""]","Véase néchigo","SRC-02[4]","Autorizada para difusión","Pendiente de validación lingüística","Transcrito"
"RD-000033","tar","Achigórigá","Adv","Achigórigá","achigoriga","","Adv","De la misma manera, así también","[]","[""Echi rijoy nihuari biré namuti achigórigá mapurigá rihuari echo'ná huarúrachi, ese hombre hizo una cosa de la misma manera que vió en la ciudad.""]","Echi rijoy nihuari biré namuti achigórigá mapurigá rihuari echo'ná huarúrachi, ese hombre hizo una cosa de la misma manera que vió en la ciudad.","SRC-02[4]","Autorizada para difusión","Pendiente de validación lingüística","Transcrito"
"RD-000034","tar","A'huí","Vi","A'huí","a'hui","","Vi","Brotar, nacer o germinar (semillas)","[""pret.: a'huiri, fut.: a'huimea""]","[""[pret.: a'huiri, fut.: a'huimea]""]","[pret.: a'huiri, fut.: a'huimea]","SRC-02[4]","Autorizada para difusión","Pendiente de validación lingüística","Transcrito"
"RD-000035","tar","Ahuínari","Adv pl","Ahuínari","ahuinari","","Adv","Solos","[""sing.: bi'neri""]","[""[sing.: bi'neri]""]","[sing.: bi'neri]","SRC-02[4]","Autorizada para difusión","Pendiente de validación lingüística","Transcrito"
"RD-000036","tar","A'huínari","Adv","A'huínari","a'huinari","","Adv","Aparte","[]","[""Aboni a'huínara niráa napahuiri, ellos se juntaron aparte de los demás.""]","Aboni a'huínara niráa napahuiri, ellos se juntaron aparte de los demás.","SRC-02[4]","Autorizada para difusión","Pendiente de validación lingüística","Transcrito"
"RD-000037","tar","Ajó","Vt","1Ajó","ajo","1","Vt","Desgranar maíz","[]","[]","","SRC-02[4]","Autorizada para difusión","Pendiente de validación lingüística","Transcrito"
"RD-000038","tar","Ajó","S","2Ajó","ajo","2","S","Mosquito, zancudo","[]","[]","","SRC-02[5]","Autorizada para difusión","Pendiente de validación lingüística","Transcrito"
"RD-000039","tar","A'lara","Vt","A'lara","a'lara","","Vt","Mejorar, arreglar, preparar","[""véase ca'rara""]","[""Hue charé buhué; auchecho cu a'larabo, está muy malo el camino; lo arreglaremos. Vease ca'rara""]","Hue charé buhué; auchecho cu a'larabo, está muy malo el camino; lo arreglaremos. Vease ca'rara","SRC-02[5]","Autorizada para difusión","Pendiente de validación lingüística","Transcrito"
"RD-000040","tar","Alimuri","S","Alimuri","alimuri","","S","Decalitro","[]","[]","","SRC-02[5]","Autorizada para difusión","Pendiente de validación lingüística","Transcrito"
"RD-000041","tar","Amá","S","Amá","ama","","S","Hígado","[]","[]","","SRC-02[5]","Autorizada para difusión","Pendiente de validación lingüística","Transcrito"
"RD-000042","tar","Amaré","Vi","Amaré","amare","","Vi","Tener hígado","[]","[""Huáasi amará, hígado de vaca""]","Huáasi amará, hígado de vaca","SRC-02[5]","Autorizada para difusión","Pendiente de validación lingüística","Transcrito"
"RD-000043","tar","Amachí","Vt","Amachí","amachi","","Vt","Rezar","[]","[""Echi jaré pagótami mo'huiri echo'ná pachá ri'obachi; ma amachima, la gente ya entró en la iglesia; van a rezar.""]","Echi jaré pagótami mo'huiri echo'ná pachá ri'obachi; ma amachima, la gente ya entró en la iglesia; van a rezar.","SRC-02[5]","Autorizada para difusión","Pendiente de validación lingüística","Transcrito"
"RD-000044","tar","Amachícarahuami","Adj","Amachícarahuami","amachicarahuami","","Adj","Perteneciente a la acción de rezar","[]","[]","","SRC-02[5]","Autorizada para difusión","Pendiente de validación lingüística","Transcrito"
"RD-000045","tar","Amarú","Vi","Amarú","amaru","","Vi","Estar entero","[]","[""Auchériga atí bachí; abijí amarúami ju, así está la cabalaza; todavía está enter.""]","Auchériga atí bachí; abijí amarúami ju, así está la cabalaza; todavía está enter.","SRC-02[5]","Autorizada para difusión","Pendiente de validación lingüística","Transcrito"
"RD-000046","tar","Amarúami","Adj","Amarúami","amaruami","","Adj","Entero","[]","[]","","SRC-02[5]","Autorizada para difusión","Pendiente de validación lingüística","Transcrito"
"RD-000047","tar","Amí","Vt","Amí","ami","","Vt","Buscar","[]","[""Nijeni simea huenomí ámia, voy a buscar dinero Símabo huenomí ábia, vamos a buscar dinero. ¡Amí!, ¡Vaya a buscarlo! Ámia simiri, fue a buscarlo.""]","Nijeni simea huenomí ámia, voy a buscar dinero Símabo huenomí ábia, vamos a buscar dinero. ¡Amí!, ¡Vaya a buscarlo! Ámia simiri, fue a buscarlo.","SRC-02[5]","Autorizada para difusión","Pendiente de validación lingüística","Transcrito"
"RD-000048","tar","Amígohua","S","Amígohua","amigohua","","S","Amigo","[]","[""Nijé amígohuara, mis amigos""]","Nijé amígohuara, mis amigos","SRC-02[5]","Autorizada para difusión","Pendiente de validación lingüística","Transcrito"
"RD-000049","tar","Amóo, amoque","S","Amóo, amoque","amoo, amoque","","S","Panal, miel de abeja","[""amoque""]","[""Huamí ripá coráachi chucú biré amóo, allá arriba, en la escarpadura, está colgado un panal.""]","Huamí ripá coráachi chucú biré amóo, allá arriba, en la escarpadura, está colgado un panal.","SRC-02[5]","Autorizada para difusión","Pendiente de validación lingüística","Transcrito"
"RD-000050","tar","Aná","Adv","1Aná","ana","1","Adv","De otro modo","[]","[""Aná cho niráa ra'ichari, habló de otro modo.""]","Aná cho niráa ra'ichari, habló de otro modo.","SRC-02[5]","Autorizada para difusión","Pendiente de validación lingüística","Transcrito"
"RD-000051","tar","Aná","S","2Aná","ana","2","S","1. Ala 2. Aleta","[]","[""Churuguí anará, alas de pájaro Rochí anará, aletas de pez""]","Churuguí anará, alas de pájaro Rochí anará, aletas de pez","SRC-02[5]","Autorizada para difusión","Pendiente de validación lingüística","Transcrito"
"RD-000052","tar","A’nabáa","Vi","A’nabáa","a'nabaa","","Vi","Juntarse","[]","[""Jena’í piréami pagótami a’nabáari echo’ná comurachi, la gente de aquí se juntó en la casa de la comunidad""]","Jena’í piréami pagótami a’nabáari echo’ná comurachi, la gente de aquí se juntó en la casa de la comunidad","SRC-02[5]","Autorizada para difusión","Pendiente de validación lingüística","Transcrito"
"RD-000053","tar","Anacha","Vi","Anacha","anacha","","Vi","Aguantar","[""pret.: anáchari; fut.: anachama""]","[""Maparí rarajípari, échi rijoy quetasi anáchari, cuando corrieron con la bolsa, ese hombre no aguantó. Biquiyá norí chopi anáchari, solamente aguantó tres vueltas. Ne huabé ocó ramichí; nijeni quetasi omero huaminabi anacha, me duele mucho la muela; no puedo aguantarla más. [pret.: anáchari; fut.: anachama]""]","Maparí rarajípari, échi rijoy quetasi anáchari, cuando corrieron con la bolsa, ese hombre no aguantó. Biquiyá norí chopi anáchari, solamente aguantó tres vueltas. Ne huabé ocó ramichí; nijeni quetasi omero huaminabi anacha, me duele mucho la muela; no puedo aguantarla más. [pret.: anáchari; fut.: anachama]","SRC-02[5]","Autorizada para difusión","Pendiente de validación lingüística","Transcrito"
"RD-000054","tar","Anachapa","Vi","Anachapa","anachapa","","Vi","Aletear","[]","[]","","SRC-02[5]","Autorizada para difusión","Pendiente de validación lingüística","Transcrito"
"RD-000055","tar","A’nagú","Adv","A’nagú","a'nagu","","Adv","Mutuamente, unos a otros","[]","[]","","SRC-02[5]","Autorizada para difusión","Pendiente de validación lingüística","Transcrito"
"RD-000056","tar","Anahué","Vi","Anahué","anahue","","Vi","Aletear","[]","[]","","SRC-02[5]","Autorizada para difusión","Pendiente de validación lingüística","Transcrito"
"RD-000057","tar","Anahui","Vt","Anahui","anahui","","Vt","Medir, pesar","[""pret.: anpahuari; fut.: anáhuima""]","[""Gará anáhuari echi sunú, mapurigá ibiri chópirigá chapimea, midieron bien el maíz, para que cada uno reciba la misma cantidad. [pret.: anpahuari; fut.: anáhuima]""]","Gará anáhuari echi sunú, mapurigá ibiri chópirigá chapimea, midieron bien el maíz, para que cada uno reciba la misma cantidad. [pret.: anpahuari; fut.: anáhuima]","SRC-02[5-6]","Autorizada para difusión","Pendiente de validación lingüística","Transcrito"
"RD-000058","tar","A’nahuí","Adv","A’nahuí","a'nahui","","Adv","1. Al mismo tiempo 2. igual","[]","[""A’nahuí ochérari, nacieron al mismo tiempo. Ne a’nahuí buyari, salieron al mismo tiempo. Ocuánica ne a'nahuí ju, los dos son iguales. A'nahuí ju, son iguales""]","A’nahuí ochérari, nacieron al mismo tiempo. Ne a’nahuí buyari, salieron al mismo tiempo. Ocuánica ne a'nahuí ju, los dos son iguales. A'nahuí ju, son iguales","SRC-02[6]","Autorizada para difusión","Pendiente de validación lingüística","Transcrito"
"RD-000059","tar","A'najata","Vt","A'najata","a'najata","","Vt","Perseguir","[""pret.: a'najátari; fut.: a’najátama""]","[""Echi rijoy quimá chigósari, echijiti a'najátabo, ese hombre se robó una cobija; por eso lo perseguiremos. [pret.: a'najátari; fut.: a’najátama]""]","Echi rijoy quimá chigósari, echijiti a'najátabo, ese hombre se robó una cobija; por eso lo perseguiremos. [pret.: a'najátari; fut.: a’najátama]","SRC-02[6]","Autorizada para difusión","Pendiente de validación lingüística","Transcrito"
"RD-000060","tar","A'namótami","Adv","A'namótami","a'namotami","","Adv","Uno encima del otro","[]","[]","","SRC-02[6]","Autorizada para difusión","Pendiente de validación lingüística","Transcrito"
"RD-000061","tar","A'namótana","Vt","A'namótana","a'namotana","","Vt","Poner (uno encima del otro)","[]","[""Napabuca a'namótana muchúhuari, las puso una encima de la otra, haciendo un montón.""]","Napabuca a'namótana muchúhuari, las puso una encima de la otra, haciendo un montón.","SRC-02[6]","Autorizada para difusión","Pendiente de validación lingüística","Transcrito"
"RD-000062","tar","Anara","Vt","Anara","anara","","Vt","Igualar","[]","[]","","SRC-02[6]","Autorizada para difusión","Pendiente de validación lingüística","Transcrito"
"RD-000063","tar","A'nayáhuari","S pl","A'nayáhuari","a'nayahuari","","S","Los que vivieron hace mucho, los espíritus de los antepasados","[]","[""Jaré rarámuri mayé mapu echi jaré qui'yá piréami pagótami arihuá abijí 'yena jena'í, echijiti maparí echi jaré rarámuri huabé majajáratami ju, rocogó niráa, aboni mayé mapu a'nayáhuari 'yena. Algunos tarahumaras creen que los espíritus de los que vivieron hace mucho todavía andan aquí, por eso, cuando ellos están muy asustados en la noche, creen que los espíritus de los antepasados andan por ahí.""]","Jaré rarámuri mayé mapu echi jaré qui'yá piréami pagótami arihuá abijí 'yena jena'í, echijiti maparí echi jaré rarámuri huabé majajáratami ju, rocogó niráa, aboni mayé mapu a'nayáhuari 'yena. Algunos tarahumaras creen que los espíritus de los que vivieron hace mucho todavía andan aquí, por eso, cuando ellos están muy asustados en la noche, creen que los espíritus de los antepasados andan por ahí.","SRC-02[6]","Autorizada para difusión","Pendiente de validación lingüística","Transcrito"
"RD-000064","tar","Ané","Vt","Ané","ane","","Vt","Decir","[]","[""Maparí echi rijoy ra'íchari tamí yuhua, binoy tamí aneri mapu binoy onorá ma mucuri, cuando ese hombre habló conmigo, me dijo que su papá ya había muerto.""]","Maparí echi rijoy ra'íchari tamí yuhua, binoy tamí aneri mapu binoy onorá ma mucuri, cuando ese hombre habló conmigo, me dijo que su papá ya había muerto.","SRC-02[6]","Autorizada para difusión","Pendiente de validación lingüística","Transcrito"
"RD-000065","tar","Ané","Vi","Ané","ane","","Vi","Sonar fuerte","[]","[""Jeané, le dice esto Anebi, le hubiéramos dicho Anemi, le hubiera dicho""]","Jeané, le dice esto Anebi, le hubiéramos dicho Anemi, le hubiera dicho","SRC-02[6]","Autorizada para difusión","Pendiente de validación lingüística","Transcrito"
"RD-000066","tar","Anérami","Pp","Anérami","anerami","","Pp","Le fue dicho","[]","[]","","SRC-02[6]","Autorizada para difusión","Pendiente de validación lingüística","Transcrito"
"RD-000067","tar","Anérati","Vi","Anérati","anerati","","Vi","Fue dicho fue avisado (pasivo)","[]","[]","","SRC-02[6]","Autorizada para difusión","Pendiente de validación lingüística","Transcrito"
"RD-000068","tar","Anéchani","Vi","Anéchani","anechani","","Vi","Rezumbar","[]","[]","","SRC-02[6]","Autorizada para difusión","Pendiente de validación lingüística","Transcrito"
"RD-000069","tar","Aní","Vi","Aní","ani","","Vi","Decir","[]","[]","","SRC-02[6]","Autorizada para difusión","Pendiente de validación lingüística","Transcrito"
"RD-000070","tar","Anihuami","Pp","Anihuami","anihuami","","Pp","Querer decir","[]","[""¿Churigá anihuami ju?, ¿Qué quiere decir?""]","¿Churigá anihuami ju?, ¿Qué quiere decir?","SRC-02[6]","Autorizada para difusión","Pendiente de validación lingüística","Transcrito"
"RD-000071","tar","Anirá","Vi","Anirá","anira","","Vi","Decir","[]","[""¿Churigá anirá?, ¿Cómo dirá?""]","¿Churigá anirá?, ¿Cómo dirá?","SRC-02[6]","Autorizada para difusión","Pendiente de validación lingüística","Transcrito"
"RD-000072","tar","Aniríhuachi","Adv","Aniríhuachi","anirihuachi","","Adv","En el tiempo en que se dice","[]","[]","","SRC-02[6]","Autorizada para difusión","Pendiente de validación lingüística","Transcrito"
"RD-000073","tar","Aniríhuami","Pp","Aniríhuami","anirihuami","","Pp","Nombrado","[]","[""Samichí aniríhuachi, lugar nombrado Samachique""]","Samichí aniríhuachi, lugar nombrado Samachique","SRC-02[6]","Autorizada para difusión","Pendiente de validación lingüística","Transcrito"
"RD-000074","tar","Aoréachi","S","Aoréachi","aoreachi","","S","Tascatal","[]","[]","","SRC-02[7]","Autorizada para difusión","Pendiente de validación lingüística","Transcrito"
"RD-000075","tar","Aorí","S","Aorí","aori","","S","Táscate (un árbol de la familia del cedro)","[]","[]","","SRC-02[7]","Autorizada para difusión","Pendiente de validación lingüística","Transcrito"
"RD-000076","tar","Apabera","Vi","Apabera","apabera","","Vi","Andar acarreando (en el lomo)","[""fut.: apabérama""]","[""[fut.: apabérama]""]","[fut.: apabérama]","SRC-02[7]","Autorizada para difusión","Pendiente de validación lingüística","Transcrito"
"RD-000077","tar","Apanérohua","S","Apanérohua","apanerohua","","S","Compañero","[]","[]","","SRC-02[7]","Autorizada para difusión","Pendiente de validación lingüística","Transcrito"
"RD-000078","tar","Aparocha","S","Aparocha","aparocha","","S","Abuelo materno","[]","[""Echi nijé iyera onorá nijé aparóchahuara ju, el papá de mi madre es mi abuelo materno.""]","Echi nijé iyera onorá nijé aparóchahuara ju, el papá de mi madre es mi abuelo materno.","SRC-02[7]","Autorizada para difusión","Pendiente de validación lingüística","Transcrito"
"RD-000079","tar","Aparocha","S","Aparocha","aparocha","","S","Nieto (del abuelo materno)","[]","[""Echi nijé iyera onorá nijé aparóchahuara ju, el papá de mi madre es mi abuelo materno.""]","Echi nijé iyera onorá nijé aparóchahuara ju, el papá de mi madre es mi abuelo materno.","SRC-02[7]","Autorizada para difusión","Pendiente de validación lingüística","Transcrito"
"RD-000080","tar","Aparú","Vi","Aparú","aparu","","Vi","Estar bravo","[]","[]","","SRC-02[7]","Autorizada para difusión","Pendiente de validación lingüística","Transcrito"
"RD-000081","tar","Aparúami","Adj","Aparúami","aparuami","","Adj","Bravo, cruel, feroz, malvado, valiente, violento","[]","[]","","SRC-02[7]","Autorizada para difusión","Pendiente de validación lingüística","Transcrito"
"RD-000082","tar","Apé","Vt","Apé","ape","","Vt","Echar a la espalda","[]","[""Nijé apema, yo voy a traerlo en la espalda. Echi rijoy apema cuco, ese hombre se va a echar un tercio de leña en la espalda.""]","Nijé apema, yo voy a traerlo en la espalda. Echi rijoy apema cuco, ese hombre se va a echar un tercio de leña en la espalda.","SRC-02[7]","Autorizada para difusión","Pendiente de validación lingüística","Transcrito"
"RD-000083","tar","Apera","Vt sing","Apera","apera","","Vt","Llevar en la espalda","[""fut.: aperama; pl.: pabera""]","[""Ripópachi apérama sunú, va a llevar el (saco de) maíz en la espalda. [fut.: aperama; pl.: pabera]""]","Ripópachi apérama sunú, va a llevar el (saco de) maíz en la espalda. [fut.: aperama; pl.: pabera]","SRC-02[7]","Autorizada para difusión","Pendiente de validación lingüística","Transcrito"
"RD-000084","tar","Apurá","Vi","Apurá","apura","","Vi","Hacer olas (el agua)","[]","[]","","SRC-02[7]","Autorizada para difusión","Pendiente de validación lingüística","Transcrito"
"RD-000085","tar","Apurí","S","Apurí","apuri","","S","Un árbol de la barranca","[]","[]","","SRC-02[7]","Autorizada para difusión","Pendiente de validación lingüística","Transcrito"
"RD-000086","tar","Aqué","Vi","1Aqué","aque","1","Vi","Tener huaraches","[]","[""Véase acá""]","Véase acá","SRC-02[7]","Autorizada para difusión","Pendiente de validación lingüística","Transcrito"
"RD-000087","tar","Aqué","Vi","2Aqué","aque","2","Vi","Nadar","[]","[]","","SRC-02[7]","Autorizada para difusión","Pendiente de validación lingüística","Transcrito"
"RD-000088","tar","Aquibi","Vi sing","Aquibi","aquibi","","Vi","Desaparecer","[""pl.: mo'huibi""]","[""[pl.: mo'huibi]""]","[pl.: mo'huibi]","SRC-02[7]","Autorizada para difusión","Pendiente de validación lingüística","Transcrito"
"RD-000089","tar","Arara","S","Arara","arara","","S","Arado","[]","[]","","SRC-02[7]","Autorizada para difusión","Pendiente de validación lingüística","Transcrito"
"RD-000090","tar","Aré","Vt","Aré","are","","Vt","Descornar","[]","[""Echi toro tamí chi'iburi; ma huaminá arémani, ese toro me acorneó; ya voy a descornarlo.""]","Echi toro tamí chi'iburi; ma huaminá arémani, ese toro me acorneó; ya voy a descornarlo.","SRC-02[7]","Autorizada para difusión","Pendiente de validación lingüística","Transcrito"
"RD-000091","tar","Arí","Adv","Arí","ari","","Adv","Tarde","[]","[""Jipi arí, hoy en la tarde, enseguida""]","Jipi arí, hoy en la tarde, enseguida","SRC-02[7]","Autorizada para difusión","Pendiente de validación lingüística","Transcrito"
"RD-000092","tar","Arí biché","","Arí biché","ari biche","","Sin clasificar","Entonces","[]","[]","","SRC-02[7]","Autorizada para difusión","Pendiente de validación lingüística","Transcrito"
"RD-000093","tar","Ariché","Vi","Ariché","ariche","","Vi","Tardar, dilatar","[]","[]","","SRC-02[7]","Autorizada para difusión","Pendiente de validación lingüística","Transcrito"
"RD-000094","tar","Arigá","","Arigá","ariga","","Sin clasificar","A pesar de, de todos modos","[]","[""Arigá ruráachi nochabo, a pesar del frío vamos a trabajar. Arigá 'huérari, urgente Ariga 'huérari ju, es menester""]","Arigá ruráachi nochabo, a pesar del frío vamos a trabajar. Arigá 'huérari, urgente Ariga 'huérari ju, es menester","SRC-02[7]","Autorizada para difusión","Pendiente de validación lingüística","Transcrito"
"RD-000095","tar","Arihua","Vi","Arihua","arihua","","Vi","Ser tarde, atardecer","[]","[""Ma arihua, terico chonama, ya es tarde, pronto va a obscurecer.""]","Ma arihua, terico chonama, ya es tarde, pronto va a obscurecer.","SRC-02[7]","Autorizada para difusión","Pendiente de validación lingüística","Transcrito"
"RD-000096","tar","Arihuá","S","Arihuá","arihua","","S","Alma","[]","[]","","SRC-02[7]","Autorizada para difusión","Pendiente de validación lingüística","Transcrito"
"RD-000097","tar","Arihué","Vt","Arihué","arihue","","Vt","Dejar","[""pp.: arihuérami; fut.: arihuema""]","[""Rijoy huaminá arihueri binoy upira, el hombre dejó a su esposa. Echo'ná bitichí arihueri ripurá, dejó el hacha en la casa. ¡Arihué! ¡Quetasi namó orá!, ¡Déjalo! iNo le hagas nada! [pp.: arihuérami; fut.: arihuema]""]","Rijoy huaminá arihueri binoy upira, el hombre dejó a su esposa. Echo'ná bitichí arihueri ripurá, dejó el hacha en la casa. ¡Arihué! ¡Quetasi namó orá!, ¡Déjalo! iNo le hagas nada! [pp.: arihuérami; fut.: arihuema]","SRC-02[7]","Autorizada para difusión","Pendiente de validación lingüística","Transcrito"
"RD-000098","tar","Arimuri","S","Arimuri","arimuri","","S","Almud","[]","[]","","SRC-02[8]","Autorizada para difusión","Pendiente de validación lingüística","Transcrito"
"RD-000099","tar","A'rínaromí","Adv","A'rínaromí","a'rinaromi","","Adv","Al poco rato","[]","[""Maparimi cu simiri, que ayó, pe a'rínaromí échico nahuarí, a poco de haberse ido usted, llegó él.""]","Maparimi cu simiri, que ayó, pe a'rínaromí échico nahuarí, a poco de haberse ido usted, llegó él.","SRC-02[8]","Autorizada para difusión","Pendiente de validación lingüística","Transcrito"
"RD-000100","tar","Ariósibá","Interj","Ariósibá","ariosiba","","Interj","¡Adiós!","[]","[]","","SRC-02[8]","Autorizada para difusión","Pendiente de validación lingüística","Transcrito"
"RD-000101","tar","Arirí","Interj","Arirí","ariri","","Interj","iAy!","[]","[]","","SRC-02[8]","Autorizada para difusión","Pendiente de validación lingüística","Transcrito"
"RD-000102","tar","Aró","Vi","Aró","aro","","Vi","Marchitarse","[]","[]","","SRC-02[8]","Autorizada para difusión","Pendiente de validación lingüística","Transcrito"
"RD-000103","tar","Asahua","Vy","Asahua","asahua","","V","Acudir","[]","[]","","SRC-02[8]","Autorizada para difusión","Pendiente de validación lingüística","Transcrito"
"RD-000104","tar","Asapa","Vt","Asapa","asapa","","Vt","Sacudir","[]","[""Cará asápari quimá, mapujiti hue napisóori. Sacudió bien la cobija, porque tenía mucho polvo.""]","Cará asápari quimá, mapujiti hue napisóori. Sacudió bien la cobija, porque tenía mucho polvo.","SRC-02[8]","Autorizada para difusión","Pendiente de validación lingüística","Transcrito"
"RD-000105","tar","Asayé","S pl","Asayé","asaye","","S","Enemigos","[""sing.: sayé""]","[""[sing.: sayé]""]","[sing.: sayé]","SRC-02[8]","Autorizada para difusión","Pendiente de validación lingüística","Transcrito"
"RD-000106","tar","Asé","Vt","Asé","ase","","Vt","Montar (un animal)","[]","[""Cahué asigá cu simiri. Montando el caballo, se fué. Que cho binéami ju aserihua. Todavía no está entrenado a ser montado. Asigá montando""]","Cahué asigá cu simiri. Montando el caballo, se fué. Que cho binéami ju aserihua. Todavía no está entrenado a ser montado. Asigá montando","SRC-02[8]","Autorizada para difusión","Pendiente de validación lingüística","Transcrito"
"RD-000107","tar","Así","Adv","Así","asi","","Adv","También","[]","[""Binoy upira así simiri. Su esposa también se fue.""]","Binoy upira así simiri. Su esposa también se fue.","SRC-02[8]","Autorizada para difusión","Pendiente de validación lingüística","Transcrito"
"RD-000108","tar","Asibá","Imper","Asibá","asiba","","Imper","Siéntate","[]","[""Mami risiri inaria, echo'ná ritérari moba asibá. Ya te cansaste de andar, siéntate allí sobre la piedra.""]","Mami risiri inaria, echo'ná ritérari moba asibá. Ya te cansaste de andar, siéntate allí sobre la piedra.","SRC-02[8]","Autorizada para difusión","Pendiente de validación lingüística","Transcrito"
"RD-000109","tar","Asiba","Vi sing","Asiba","asiba","","Vi","Sentarse","[]","[""Pachá asíbaga, huarú co'huari. Sentándose adentro, comió mucho. Echo'ná escuélachi asíbami rihuárini. Le ví sentado allí, en la escuela.""]","Pachá asíbaga, huarú co'huari. Sentándose adentro, comió mucho. Echo'ná escuélachi asíbami rihuárini. Le ví sentado allí, en la escuela.","SRC-02[8]","Autorizada para difusión","Pendiente de validación lingüística","Transcrito"
"RD-000110","tar","Asiba","","Asiba","asiba","","Sin clasificar","Quedarse (cosa)","[""pl.: muchiba""]","[""Echi huarú rité ripana jonsa cabótasa, huami ri’ré asíbari. Esa piedra rodó desde arriba y se quedó allí abajo. [pl.: muchiba] asináari vi quería sentarse""]","Echi huarú rité ripana jonsa cabótasa, huami ri’ré asíbari. Esa piedra rodó desde arriba y se quedó allí abajo. [pl.: muchiba] asináari vi quería sentarse","SRC-02[8]","Autorizada para difusión","Pendiente de validación lingüística","Transcrito"
"RD-000111","tar","Asira","Vi","Asira","asira","","Vi","Estar sentado (haciendo algo)","[]","[""Oserí 'nénia asírari. Estaba sentado leyendo.""]","Oserí 'nénia asírari. Estaba sentado leyendo.","SRC-02[8]","Autorizada para difusión","Pendiente de validación lingüística","Transcrito"
"RD-000112","tar","Asisi","Vi","Asisi","asisi","","Vi","Levantarse (de estar acostado)","[]","[]","","SRC-02[8]","Autorizada para difusión","Pendiente de validación lingüística","Transcrito"
"RD-000113","tar","Atá","S","Atá","ata","","S","Arco (para flechas)","[]","[]","","SRC-02[8]","Autorizada para difusión","Pendiente de validación lingüística","Transcrito"
"RD-000114","tar","Atachó","Vi","Atachó","atacho","","Vi","Pudrirse (mazorcas)","[]","[""Atachórami podridas (mazorcas)""]","Atachórami podridas (mazorcas)","SRC-02[8]","Autorizada para difusión","Pendiente de validación lingüística","Transcrito"
"RD-000115","tar","Atahuépata","Vt","Atahuépata","atahuepata","","Vt","Podar","[]","[]","","SRC-02[8]","Autorizada para difusión","Pendiente de validación lingüística","Transcrito"
"RD-000116","tar","Até","Vi","Até","ate","","Vi","Tener arco","[""pp.: atéami""]","[""[pp.: atéami]""]","[pp.: atéami]","SRC-02[8]","Autorizada para difusión","Pendiente de validación lingüística","Transcrito"
"RD-000117","tar","Atí","Vi","Atí","ati","","Vi","Sing estar, estar sentado","[""pl.: muchuhui""]","[""[pl.: muchuhui]""]","[pl.: muchuhui]","SRC-02[8]","Autorizada para difusión","Pendiente de validación lingüística","Transcrito"
"RD-000118","tar","Atisi","Vi","Atisi","atisi","","Vi","Estornudar","[]","[]","","SRC-02[8]","Autorizada para difusión","Pendiente de validación lingüística","Transcrito"
"RD-000119","tar","Auché","Adv","Auché","auche","","Adv","Otro","[]","[""Auché baisá niráa, tres tantos. Auché biré, otro. Auché biréana, en otra parte. Auché biréara oméachi, el próximo domingo. Auché jaré, otros. Auché pe ocuá, otro poco. Auché siné, otra vez.""]","Auché baisá niráa, tres tantos. Auché biré, otro. Auché biréana, en otra parte. Auché biréara oméachi, el próximo domingo. Auché jaré, otros. Auché pe ocuá, otro poco. Auché siné, otra vez.","SRC-02[8]","Autorizada para difusión","Pendiente de validación lingüística","Transcrito"
"RD-000120","tar","Auchecho","","Auchecho","auchecho","","Sin clasificar","","[]","[""Auchecho siné, otra vez. Auchecho siné aní, repetir. Auchecho siné cu ‘ya, reponer.""]","Auchecho siné, otra vez. Auchecho siné aní, repetir. Auchecho siné cu ‘ya, reponer.","SRC-02[8-9]","Autorizada para difusión","Pendiente de validación lingüística","Transcrito"
"RD-000121","tar","Ayá","","Ayá","aya","","Sin clasificar","Dando [Gerundio de ‘ya]","[]","[""Jena’í iyénari biré óhuami carúmati ohuáami ayá. Aquí andaba un médico dándonos medicinas de todas clases.""]","Jena’í iyénari biré óhuami carúmati ohuáami ayá. Aquí andaba un médico dándonos medicinas de todas clases.","SRC-02[9]","Autorizada para difusión","Pendiente de validación lingüística","Transcrito"
"RD-000122","tar","A’yapi","","A’yapi","a'yapi","","Sin clasificar","Uno tras otro","[]","[""Maparí nachútari sunú, a’yapi sísari echi pagótuami. Cuando hicieron distribución del maíz, la gente llegaba una tras otra.""]","Maparí nachútari sunú, a’yapi sísari echi pagótuami. Cuando hicieron distribución del maíz, la gente llegaba una tras otra.","SRC-02[9]","Autorizada para difusión","Pendiente de validación lingüística","Transcrito"
"RD-000123","tar","Ayena","Adv","Ayena","ayena","","Adv","Sí","[]","[""¿Acha atí mujé onorá? Ayena, echo'ná pachá atí. ¿Está tu papá? Sí, está allí adentro.""]","¿Acha atí mujé onorá? Ayena, echo'ná pachá atí. ¿Está tu papá? Sí, está allí adentro.","SRC-02[9]","Autorizada para difusión","Pendiente de validación lingüística","Transcrito"
"RD-000124","tar","Ayena cho","Adv","Ayena cho","ayena cho","","Adv","También, aún, sí","[]","[""Ayena cho nayúnari echi jaré cúuchi. Aún los niños se enfermaron. Nijé onorá ayena cho nahuari. Mi papá también vino. Ayénasí, ayena así sí también.""]","Ayena cho nayúnari echi jaré cúuchi. Aún los niños se enfermaron. Nijé onorá ayena cho nahuari. Mi papá también vino. Ayénasí, ayena así sí también.","SRC-02[9]","Autorizada para difusión","Pendiente de validación lingüística","Transcrito"
"RD-000125","tar","Ba'arí","Adv","Ba'arí","ba'ari","","Adv","Mañana.","[]","[""Ba'arí bi'yá mañana temprano. Ba'arí piché hasta mañana""]","Ba'arí bi'yá mañana temprano. Ba'arí piché hasta mañana","SRC-02[9]","Autorizada para difusión","Pendiente de validación lingüística","Transcrito"
"RD-000126","tar","Ba'arínara","","Ba'arínara","ba'arinara","","Sin clasificar","Al siguiente día (en el pasado) por la mañana","[]","[""Maparí huarú quipari, ba'arínara huabé ruráari. Al día siguiente de la gran nevada hizo mucho frío.""]","Maparí huarú quipari, ba'arínara huabé ruráari. Al día siguiente de la gran nevada hizo mucho frío.","SRC-02[9]","Autorizada para difusión","Pendiente de validación lingüística","Transcrito"
"RD-000127","tar","Bacá","S","Bacá","baca","","S","Carrizo","[]","[""Huaminá tu bacochi hue nirú bacá. Allá abajo, en el río, hay mucho carrizo. Echi jaré rarámuri echi bacá nihuá cuseri. Los tarahumaras hacen flautas del carrizo.""]","Huaminá tu bacochi hue nirú bacá. Allá abajo, en el río, hay mucho carrizo. Echi jaré rarámuri echi bacá nihuá cuseri. Los tarahumaras hacen flautas del carrizo.","SRC-02[9]","Autorizada para difusión","Pendiente de validación lingüística","Transcrito"
"RD-000128","tar","Bacahuá","S","Bacahuá","bacahua","","S","Hoja de la mazorca (seca)","[]","[""'Huisa, bacahuá napabusa, huaminánomí tamari nihuabo. En la pizca juntamos las hojas de las mazorcas; después haremos tamales.""]","'Huisa, bacahuá napabusa, huaminánomí tamari nihuabo. En la pizca juntamos las hojas de las mazorcas; después haremos tamales.","SRC-02[9]","Autorizada para difusión","Pendiente de validación lingüística","Transcrito"
"RD-000129","tar","Bacamú","Vi","Bacamú","bacamu","","Vi","Infectarse (llaga), hincharse (con pus)","[]","[""Chabé jonsa huabé cháanari, jipi ma bacamuri. Desde hace algún tiempo le salió un grano, ahora ya se hinchó con pus.""]","Chabé jonsa huabé cháanari, jipi ma bacamuri. Desde hace algún tiempo le salió un grano, ahora ya se hinchó con pus.","SRC-02[9]","Autorizada para difusión","Pendiente de validación lingüística","Transcrito"
"RD-000130","tar","Bacánuhui","S","Bacánuhui","bacanuhui","","S","Tipo de mata que crece en las barrancas. (ellos usan las raíces bien machucadas con un poco de agua para curarse cuando están ""fuera de sí"".).","[]","[]","","SRC-02[9]","Autorizada para difusión","Pendiente de validación lingüística","Transcrito"
"RD-000131","tar","Bacarachi","S","Bacarachi","bacarachi","","S","Tipo de víbora chica con rayas blancas","[]","[]","","SRC-02[9]","Autorizada para difusión","Pendiente de validación lingüística","Transcrito"
"RD-000132","tar","Bacarí","Vi","Bacarí","bacari","","Vi","Tener enfermedad venérea","[]","[]","","SRC-02[9]","Autorizada para difusión","Pendiente de validación lingüística","Transcrito"
"RD-000133","tar","Bacó","Vi","Bacó","baco","","Vi","Ponerse amarillo (las matas de maíz por haber llovido)","[]","[""Chabé biréara michá huarú ucuri sinibí rahué, echijiti pachí ma bacori. Hace un mes llovió mucho todos los días, por eso las matas de maíz se pusieron amarillas.""]","Chabé biréara michá huarú ucuri sinibí rahué, echijiti pachí ma bacori. Hace un mes llovió mucho todos los días, por eso las matas de maíz se pusieron amarillas.","SRC-02[9]","Autorizada para difusión","Pendiente de validación lingüística","Transcrito"
"RD-000134","tar","Bacochi","S","Bacochi","bacochi","","S","Río","[]","[""Huamina ri'reti urí, huabé ri'ré bacochi ju. Allá en el fondo de la barranca, muy abajo, está el río.""]","Huamina ri'reti urí, huabé ri'ré bacochi ju. Allá en el fondo de la barranca, muy abajo, está el río.","SRC-02[10]","Autorizada para difusión","Pendiente de validación lingüística","Transcrito"
"RD-000135","tar","Bacúi","S","Bacúi","bacui","","S","Otate","[]","[]","","SRC-02[10]","Autorizada para difusión","Pendiente de validación lingüística","Transcrito"
"RD-000136","tar","Bacúu","S","Bacúu","bacuu","","S","Palo semejante al carrizo","[]","[]","","SRC-02[10]","Autorizada para difusión","Pendiente de validación lingüística","Transcrito"
"RD-000137","tar","Bacha","Adv","1Bacha","bacha","1","Adv","Primeramente, adelante, enfrente","[]","[""Mapari mitebo biré oco, bachá niráa chutabo echi ripurá. Cuando tumbamos un pino, primeramente amolamos el hacha. Bachá huiríami, primogénito. Bachá niráa, de antemano. Bachá simí, avanza, precede""]","Mapari mitebo biré oco, bachá niráa chutabo echi ripurá. Cuando tumbamos un pino, primeramente amolamos el hacha. Bachá huiríami, primogénito. Bachá niráa, de antemano. Bachá simí, avanza, precede","SRC-02[10]","Autorizada para difusión","Pendiente de validación lingüística","Transcrito"
"RD-000138","tar","Bachá","Vipl","2Bachá","bacha","2","Vi","Meter (a la cárcel), poner (adentro)","[""pp.: bachárami""]","[""[pp.: bachárami] Bachánari. Quisieron ponerlo preso. Bachara asari, estaba preso, estaba encerrado""]","[pp.: bachárami] Bachánari. Quisieron ponerlo preso. Bachara asari, estaba preso, estaba encerrado","SRC-02[10]","Autorizada para difusión","Pendiente de validación lingüística","Transcrito"
"RD-000139","tar","Bacháami","Adv","Bacháami","bachaami","","Adv","Ante, delante, por delante, enfrente de","[]","[""Bacháami echi siríami yuhua huiribámani. Voy a comparecer delante del gobernador. Bacháami huiriami aparecer delante de, comparecer. Bacháami jaba comparecen.""]","Bacháami echi siríami yuhua huiribámani. Voy a comparecer delante del gobernador. Bacháami huiriami aparecer delante de, comparecer. Bacháami jaba comparecen.","SRC-02[10]","Autorizada para difusión","Pendiente de validación lingüística","Transcrito"
"RD-000140","tar","Bachagóachi","S","Bachagóachi","bachagoachi","","S","Parte gruesa del hueso que fue roto","[]","[]","","SRC-02[10]","Autorizada para difusión","Pendiente de validación lingüística","Transcrito"
"RD-000141","tar","Bachagochi","S","Bachagochi","bachagochi","","S","Hueso del tobillo","[]","[]","","SRC-02[10]","Autorizada para difusión","Pendiente de validación lingüística","Transcrito"
"RD-000142","tar","Bachahuara","Vi","Bachahuara","bachahuara","","Vi","Ir adelante.","[]","[""Bachahuárari ichayá. Se apuró a sembrar primero. (lit.: adelante sembró) Nijeni hue jiyahua, echijiti bachahuáramani. Tengo mucha prisa; por eso voy adelante.""]","Bachahuárari ichayá. Se apuró a sembrar primero. (lit.: adelante sembró) Nijeni hue jiyahua, echijiti bachahuáramani. Tengo mucha prisa; por eso voy adelante.","SRC-02[10]","Autorizada para difusión","Pendiente de validación lingüística","Transcrito"
"RD-000143","tar","Bachari","Vt","Bachari","bachari","","Vt","Pret hacer preso","[]","[]","","SRC-02[10]","Autorizada para difusión","Pendiente de validación lingüística","Transcrito"
"RD-000144","tar","Baché","Vi","Baché","bache","","Vi","Apuntar bien jugando cuatro (tirando al hoyo)","[]","[""¡Gará baché! ¡Apúntelo bien!""]","¡Gará baché! ¡Apúntelo bien!","SRC-02[10]","Autorizada para difusión","Pendiente de validación lingüística","Transcrito"
"RD-000145","tar","Bachéi","Vi","Bachéi","bachei","","Vi","Tener hermano mayor","[]","[""Nijeni quetasi bachéi, mapujiti nijé binoy bachá huiríami ju. No tengo hermano mayor, porque yo soy el primero.""]","Nijeni quetasi bachéi, mapujiti nijé binoy bachá huiríami ju. No tengo hermano mayor, porque yo soy el primero.","SRC-02[10]","Autorizada para difusión","Pendiente de validación lingüística","Transcrito"
"RD-000146","tar","Bachi","S","1Bachi","bachi","1","S","Hermano mayor","[]","[""Nijeni bachirúami ju, mapujítini bachá ochérami ju. Yo soy el primogénito, porque nací primero. Nijé bachirá mi hermano mayor.""]","Nijeni bachirúami ju, mapujítini bachá ochérami ju. Yo soy el primogénito, porque nací primero. Nijé bachirá mi hermano mayor.","SRC-02[10]","Autorizada para difusión","Pendiente de validación lingüística","Transcrito"
"RD-000147","tar","Bachi","S","2Bachi","bachi","2","S","Calabaza.","[]","[""Bachí sihuará, flor de calabaza""]","Bachí sihuará, flor de calabaza","SRC-02[10]","Autorizada para difusión","Pendiente de validación lingüística","Transcrito"
"RD-000148","tar","Bachima","Vt","Bachima","bachima","","Vt","Rociar","[]","[]","","SRC-02[10]","Autorizada para difusión","Pendiente de validación lingüística","Transcrito"
"RD-000149","tar","Bachirúami","Adj","Bachirúami","bachiruami","","Adj","Primogénito, hermano mayor","[]","[]","","SRC-02[10]","Autorizada para difusión","Pendiente de validación lingüística","Transcrito"
"RD-000150","tar","Ba'hué","Vi","Ba'hué","ba'hue","","Vi","Hay agua","[""pret.: ba'huéari; fut.: ba'huérama""]","[""Echo'ná huabé huaquichéami ju, quetasi ba'hué. Allí está muy seco, no hay agua. [pret.: ba'huéari; fut.: ba'huérama]""]","Echo'ná huabé huaquichéami ju, quetasi ba'hué. Allí está muy seco, no hay agua. [pret.: ba'huéari; fut.: ba'huérama]","SRC-02[10]","Autorizada para difusión","Pendiente de validación lingüística","Transcrito"
"RD-000151","tar","Ba'huí","S","Ba'huí","ba'hui","","S","Agua","[]","[""Ba'huí túmani. Voy a traer agua. Ba'huí bají toma agua. Ba'huí huichirachi cascada. Ba'huí machina mana agua (p.ej.: de manantial). Ba'huí ro'hué riega. Ba'huí tuma trae agua. Huasí ba'huira jugo de fruta. Ba'huichí vi caer el sereno Jipi ma bará ju. Sinibí rahué bi'yá hue ba'huichí. Ahora es el tiempo de aguas. Todos los días, temprano, cae mucho sereno.""]","Ba'huí túmani. Voy a traer agua. Ba'huí bají toma agua. Ba'huí huichirachi cascada. Ba'huí machina mana agua (p.ej.: de manantial). Ba'huí ro'hué riega. Ba'huí tuma trae agua. Huasí ba'huira jugo de fruta. Ba'huichí vi caer el sereno Jipi ma bará ju. Sinibí rahué bi'yá hue ba'huichí. Ahora es el tiempo de aguas. Todos los días, temprano, cae mucho sereno.","SRC-02[10-11]","Autorizada para difusión","Pendiente de validación lingüística","Transcrito"
"RD-000152","tar","Bahuirá","Vt","Bahuirá","bahuira","","Vt","Herrar","[]","[""Ma bahuirabo echi huáasi, mapujiti nijé bucura ju. Ya vamos a herrar esa vaca,porque es mía.""]","Ma bahuirabo echi huáasi, mapujiti nijé bucura ju. Ya vamos a herrar esa vaca,porque es mía.","SRC-02[11]","Autorizada para difusión","Pendiente de validación lingüística","Transcrito"
"RD-000153","tar","Ba'huira","S","Ba'huira","ba'huira","","S","Jugo, caldo","[]","[""Je'ná masana hue huaquichéami ju. Tasi te ba'huira. Esta manzana está muy seca. No tiene jugo. Masana ba'huira jugo de manzana.""]","Je'ná masana hue huaquichéami ju. Tasi te ba'huira. Esta manzana está muy seca. No tiene jugo. Masana ba'huira jugo de manzana.","SRC-02[11]","Autorizada para difusión","Pendiente de validación lingüística","Transcrito"
"RD-000154","tar","Ba'huirá","Vi","Ba'huirá","ba'huira","","Vi","Hacer caldo, echar agua a un líquido","[]","[""Co'orí hue ba'huirari. Echó mucha agua al esquiate.""]","Co'orí hue ba'huirari. Echó mucha agua al esquiate.","SRC-02[11]","Autorizada para difusión","Pendiente de validación lingüística","Transcrito"
"RD-000155","tar","Baisá","Adv","Baisá","baisa","","Adv","Tercero","[]","[]","","SRC-02[11]","Autorizada para difusión","Pendiente de validación lingüística","Transcrito"
"RD-000156","tar","Baisá macoy","Adj","Baisá macoy","baisa macoy","","Adj","Treinta","[]","[]","","SRC-02[11]","Autorizada para difusión","Pendiente de validación lingüística","Transcrito"
"RD-000157","tar","Bajácami","Pp","Bajácami","bajacami","","Pp","Hinchado","[]","[""Huarú bajácami ju ramichí; ne huabé ocorá. Tengo muy hinchada la encía, porque la muela me duele mucho.""]","Huarú bajácami ju ramichí; ne huabé ocorá. Tengo muy hinchada la encía, porque la muela me duele mucho.","SRC-02[11]","Autorizada para difusión","Pendiente de validación lingüística","Transcrito"
"RD-000158","tar","Bají","Vi","Bají","baji","","Vi","Tomar, beber (tesgüino, agua)","[]","[""Echo'ná huarú maní suguí. Ba'arí bajima huareco. Allí hay mucho tesgüino. Tal vez van a tomar mañana. Bajimani ba'huí. Voy a tomar agua.""]","Echo'ná huarú maní suguí. Ba'arí bajima huareco. Allí hay mucho tesgüino. Tal vez van a tomar mañana. Bajimani ba'huí. Voy a tomar agua.","SRC-02[11]","Autorizada para difusión","Pendiente de validación lingüística","Transcrito"
"RD-000159","tar","Bajíami","S","Bajíami","bajiami","","S","Curandero (que toma tesgüino)","[]","[]","","SRC-02[11]","Autorizada para difusión","Pendiente de validación lingüística","Transcrito"
"RD-000160","tar","Bajíbachami","Pp","Bajíbachami","bajibachami","","Pp","Hinchado por desnutrición","[]","[""Echi tohui bajíbachami ju. Ne buchuhuí bajínari. Ese niño está hinchado por desnutrición. Se le hinchó todo el cuerpo.""]","Echi tohui bajíbachami ju. Ne buchuhuí bajínari. Ese niño está hinchado por desnutrición. Se le hinchó todo el cuerpo.","SRC-02[11]","Autorizada para difusión","Pendiente de validación lingüística","Transcrito"
"RD-000161","tar","Bajichahua","Vi","Bajichahua","bajichahua","","Vi","Hacer norte (viento frío del norte)","[]","[]","","SRC-02[11]","Autorizada para difusión","Pendiente de validación lingüística","Transcrito"
"RD-000162","tar","Bajicháhuari","S","Bajicháhuari","bajichahuari","","S","Norte (viento frío del norte)","[]","[""Jipi ne huabé simírami ruráami icá. Hue bajicháhuari ju. Ahora está muy helado el aire. Es un norte.""]","Jipi ne huabé simírami ruráami icá. Hue bajicháhuari ju. Ahora está muy helado el aire. Es un norte.","SRC-02[11]","Autorizada para difusión","Pendiente de validación lingüística","Transcrito"
"RD-000163","tar","Bajichi","S","Bajichi","bajichi","","S","Pozo, ojo de agua, manantial.","[]","[""Chabénara huaminá huaquicheri echo'ná bajichi; chopi jipi auchecho cu bajítari mapujiti ma gará ucú. Hace tiempo se secó allí donde salió agua; pero ya sale otra vez porque llueve bastante ahora.""]","Chabénara huaminá huaquicheri echo'ná bajichi; chopi jipi auchecho cu bajítari mapujiti ma gará ucú. Hace tiempo se secó allí donde salió agua; pero ya sale otra vez porque llueve bastante ahora.","SRC-02[11]","Autorizada para difusión","Pendiente de validación lingüística","Transcrito"
"RD-000164","tar","Bajíhuachi","S","Bajíhuachi","bajihuachi","","S","Tiempo de tomar tesgüino","[]","[""Suguí bajíhuachi jaré rarámuri huabé nacohua. Algunos tarahumaras pelean mucho cuando es tiempo de tomar tesgüino.""]","Suguí bajíhuachi jaré rarámuri huabé nacohua. Algunos tarahumaras pelean mucho cuando es tiempo de tomar tesgüino.","SRC-02[11]","Autorizada para difusión","Pendiente de validación lingüística","Transcrito"
"RD-000165","tar","Bajíhuami","Adj","Bajíhuami","bajihuami","","Adj","Potable (bebida)","[]","[""¿Acha bajíhuami ju? ¿Se puede tomar? (es potable). Ba'huí bajíhuami agua potable.""]","¿Acha bajíhuami ju? ¿Se puede tomar? (es potable). Ba'huí bajíhuami agua potable.","SRC-02[12]","Autorizada para difusión","Pendiente de validación lingüística","Transcrito"
"RD-000166","tar","Bajina","Vi","Bajina","bajina","","Vi","Hincharse.","[""pret.: bajínari; fut.: bajínama""]","[""Hue ocorá ramichí, huarú bajínari nijé banarachi. Me duele mucho la muela, y se me hinchó mucho la mejilla. [pret.: bajínari; fut.: bajínama]""]","Hue ocorá ramichí, huarú bajínari nijé banarachi. Me duele mucho la muela, y se me hinchó mucho la mejilla. [pret.: bajínari; fut.: bajínama]","SRC-02[12]","Autorizada para difusión","Pendiente de validación lingüística","Transcrito"
"RD-000167","tar","Bajira","Vt","Bajira","bajira","","Vt","Hacer tomar o beber.","[]","[""Nijeni quetasi naquiri bajínara, chopi jaré rijoy tamí bajírari. Yo no quería tomar tesgüino, pero algunos hombres me hicieron tomarlo a la fuerza.""]","Nijeni quetasi naquiri bajínara, chopi jaré rijoy tamí bajírari. Yo no quería tomar tesgüino, pero algunos hombres me hicieron tomarlo a la fuerza.","SRC-02[12]","Autorizada para difusión","Pendiente de validación lingüística","Transcrito"
"RD-000168","tar","Bajita","Vi","Bajita","bajita","","Vi","Salir agua","[""pret.: bajítari; fut.: bajítama""]","[""[pret.: bajítari; fut.: bajítama]""]","[pret.: bajítari; fut.: bajítama]","SRC-02[12]","Autorizada para difusión","Pendiente de validación lingüística","Transcrito"
"RD-000169","tar","Bajuhua","Vi","Bajuhua","bajuhua","","Vi","Ir a la tesgüinada (a tomar)","[]","[""Echi rijoy hue ra'iri suguí, echijiti ma simea bajuhua. A ese hombre le gusta mucho e l tesgüino; por eso se irá a l a tesgüinada.""]","Echi rijoy hue ra'iri suguí, echijiti ma simea bajuhua. A ese hombre le gusta mucho e l tesgüino; por eso se irá a l a tesgüinada.","SRC-02[12]","Autorizada para difusión","Pendiente de validación lingüística","Transcrito"
"RD-000170","tar","Bajuré","Vi","Bajuré","bajure","","Vi","Invitar a la casa o al trabajo (a tomar tesgüino)","[]","[""Jaré rarámuri huicabé bajuresa nochara. Algunos tarahumaras invitan a muchos a tomar tesgüino, pero los ponen a trabajar antes.""]","Jaré rarámuri huicabé bajuresa nochara. Algunos tarahumaras invitan a muchos a tomar tesgüino, pero los ponen a trabajar antes.","SRC-02[12]","Autorizada para difusión","Pendiente de validación lingüística","Transcrito"
"RD-000171","tar","Bajurí","S","Bajurí","bajuri","","S","Nutria","[]","[""Echi bajurí biré namuti ju, ri'ré ba'huichí iyénami. La nutria es un animal que puede nadar en el agua.""]","Echi bajurí biré namuti ju, ri'ré ba'huichí iyénami. La nutria es un animal que puede nadar en el agua.","SRC-02[12]","Autorizada para difusión","Pendiente de validación lingüística","Transcrito"
"RD-000172","tar","Bamiba","Vi","Bamiba","bamiba","","Vi","Hacer un año","[]","[""Ma biré bamiba maparí mucuri nijé onorá. Ya hace un año que murió mi papá.""]","Ma biré bamiba maparí mucuri nijé onorá. Ya hace un año que murió mi papá.","SRC-02[12]","Autorizada para difusión","Pendiente de validación lingüística","Transcrito"
"RD-000173","tar","Bamíbari","S","Bamíbari","bamibari","","S","Año","[]","[""Huicabé bamíbani. Chabé bamíbari. El año pasado. Chabé biquiyá bamíbari. El año pasado.""]","Huicabé bamíbani. Chabé bamíbari. El año pasado. Chabé biquiyá bamíbari. El año pasado.","SRC-02[12]","Autorizada para difusión","Pendiente de validación lingüística","Transcrito"
"RD-000174","tar","Baná","S","Baná","bana","","S","Mejilla","[]","[""Tamí banarachi cho'nari. Me pegó en la mejilla. Banachí en la mejilla. Nijé banará. Mi mejilla.""]","Tamí banarachi cho'nari. Me pegó en la mejilla. Banachí en la mejilla. Nijé banará. Mi mejilla.","SRC-02[12]","Autorizada para difusión","Pendiente de validación lingüística","Transcrito"
"RD-000175","tar","Banagá","S","Banagá","banaga","","S","Lama, moho","[]","[""Ba'huí hue banagué. Hay mucha lama en el agua. Jipi hue nirú banagá echo'ná comichi. Ahora hay mucha lama allí, en el arroyo. Banagué vi hay lama.""]","Ba'huí hue banagué. Hay mucha lama en el agua. Jipi hue nirú banagá echo'ná comichi. Ahora hay mucha lama allí, en el arroyo. Banagué vi hay lama.","SRC-02[12]","Autorizada para difusión","Pendiente de validación lingüística","Transcrito"
"RD-000176","tar","Banásani","S","Banásani","banasani","","S","Víbora venenosa de menos de un metro, un poco negra, que no tiene cascabel, y vive en la barranca.","[]","[]","","SRC-02[12]","Autorizada para difusión","Pendiente de validación lingüística","Transcrito"
"RD-000177","tar","Bané","Vi","Bané","bane","","Vi","Tener mejillas.","[]","[""O'huari banéami ju. Tiene mejillas gordas. Banéami pp que tiene mejillas""]","O'huari banéami ju. Tiene mejillas gordas. Banéami pp que tiene mejillas","SRC-02[12]","Autorizada para difusión","Pendiente de validación lingüística","Transcrito"
"RD-000178","tar","Ba'nésara","Vi","Ba'nésara","ba'nesara","","Vi","Gastarse la cobija","[]","[]","","SRC-02[12]","Autorizada para difusión","Pendiente de validación lingüística","Transcrito"
"RD-000179","tar","Ba'nésuri","S","Ba'nésuri","ba'nesuri","","S","Una cobija gastada.","[]","[""Nijé quimara ma ba'nésuri ju. Mi cobija ya está gastada.""]","Nijé quimara ma ba'nésuri ju. Mi cobija ya está gastada.","SRC-02[12]","Autorizada para difusión","Pendiente de validación lingüística","Transcrito"
"RD-000180","tar","Banihuá","S","Banihuá","banihua","","S","Cierta hierba que produce semillas manchadas de rojo y negro. Las muelen con agua y se ponen en una hueja cerca de la cruz cuando bailan matachines. Lo rocían sobre las chivas para curarlas, y para protegerlas contra las enfermedades.","[]","[]","","SRC-02[13]","Autorizada para difusión","Pendiente de validación lingüística","Transcrito"
"RD-000181","tar","Banihuí","Vi","Banihuí","banihui","","Vi","Crecer larga y enredada (mata)","[]","[""I'huéari banihuiri bachí. Creció larga la mata de calabaza.""]","I'huéari banihuiri bachí. Creció larga la mata de calabaza.","SRC-02[13]","Autorizada para difusión","Pendiente de validación lingüística","Transcrito"
"RD-000182","tar","Banira","Vt","Banira","banira","","Vt","Arrastrar, llevar (jalando con mecate).","[""pret.: banírari; fut.: banírama, banagá""]","[""Huíiga baníramani cahué. Voy a llevar el caballo jalandolo. Rojuá baníraga ipó achámani. Arrastrando ramas de encino, voy a echarlas en el barbecho para quemarlas ahí. [pret.: banírari; fut.: banírama, banagá]""]","Huíiga baníramani cahué. Voy a llevar el caballo jalandolo. Rojuá baníraga ipó achámani. Arrastrando ramas de encino, voy a echarlas en el barbecho para quemarlas ahí. [pret.: banírari; fut.: banírama, banagá]","SRC-02[13]","Autorizada para difusión","Pendiente de validación lingüística","Transcrito"
"RD-000183","tar","Banisú","Vt","Banisú","banisu","","Vt","Jalar (estirando)","[]","[""Nijeni que omérari banisúhua echi cahué mapujiti hue aparú. No pude jalar ese caballo, porque está muy bravo.""]","Nijeni que omérari banisúhua echi cahué mapujiti hue aparú. No pude jalar ese caballo, porque está muy bravo.","SRC-02[13]","Autorizada para difusión","Pendiente de validación lingüística","Transcrito"
"RD-000184","tar","Bapá","Vt","Bapá","bapa","","Vt","Apedrear","[]","[]","","SRC-02[13]","Autorizada para difusión","Pendiente de validación lingüística","Transcrito"
"RD-000185","tar","Baquí","Vi","Baquí","baqui","","Vi","Entrar (solo)","[""fut.: baquiméa; pl.: mo'hui""]","[""Echi binériami ma baquiri pachá escuélachi, chopi echi jaré cúrohui que cho mo'huiri. El maestro ya entró a la escuela; pero los niños no han entrado todavía. [fut.: baquiméa; pl.: mo'hui]""]","Echi binériami ma baquiri pachá escuélachi, chopi echi jaré cúrohui que cho mo'huiri. El maestro ya entró a la escuela; pero los niños no han entrado todavía. [fut.: baquiméa; pl.: mo'hui]","SRC-02[13]","Autorizada para difusión","Pendiente de validación lingüística","Transcrito"
"RD-000186","tar","Baquirini","S","Baquirini","baquirini","","S","Padrino, madrina","[]","[""Echi rijoy nijé baquirínahuara ju. Échico tamí rihuarari. Ese hombre es mi padrino. El me puso mi nombre. Nijé baquirínahuara, mi padrino, mi madrina.""]","Echi rijoy nijé baquirínahuara ju. Échico tamí rihuarari. Ese hombre es mi padrino. El me puso mi nombre. Nijé baquirínahuara, mi padrino, mi madrina.","SRC-02[13]","Autorizada para difusión","Pendiente de validación lingüística","Transcrito"
"RD-000187","tar","Bará","S","Bará","bara","","S","El tiempo de lluvias","[]","[""Jipi ma bará ju; hue nirú pachí. Ya es tiempo de lluvias; hay muchos elotes. Que 'me ayó barásama. Pronto llegará el tiempo de lluvias.""]","Jipi ma bará ju; hue nirú pachí. Ya es tiempo de lluvias; hay muchos elotes. Que 'me ayó barásama. Pronto llegará el tiempo de lluvias.","SRC-02[13]","Autorizada para difusión","Pendiente de validación lingüística","Transcrito"
"RD-000188","tar","Baraché","Vi","Baraché","barache","","Vi","Tener sed","[]","[]","","SRC-02[13]","Autorizada para difusión","Pendiente de validación lingüística","Transcrito"
"RD-000189","tar","Ba'raguéchuri","S","Ba'raguéchuri","ba'raguechuri","","S","Huérfano","[]","[]","","SRC-02[13]","Autorizada para difusión","Pendiente de validación lingüística","Transcrito"
"RD-000190","tar","Barami","Vi","Barami","barami","","Vi","Tener sed","[""fut.: barámama""]","[""Huabeni barami, mapujiti quetasi te ba'huí. Tengo mucha sed, porque no hay agua. [fut.: barámama]""]","Huabeni barami, mapujiti quetasi te ba'huí. Tengo mucha sed, porque no hay agua. [fut.: barámama]","SRC-02[13]","Autorizada para difusión","Pendiente de validación lingüística","Transcrito"
"RD-000191","tar","Barasa","Vi","Barasa","barasa","","Vi","Llegar e l tiempo de lluvias","[]","[]","","SRC-02[13]","Autorizada para difusión","Pendiente de validación lingüística","Transcrito"
"RD-000192","tar","Baré","S","Baré","bare","","S","Cura","[]","[]","","SRC-02[13]","Autorizada para difusión","Pendiente de validación lingüística","Transcrito"
"RD-000193","tar","Barí","S","Barí","bari","","S","Quiote","[]","[""Urí nirúami barí o'huari ju. E l quiote del maguey de l a barranca está muy grande. Me barirá, quiote de maguey. Barí sihuará, la flor de maguey.""]","Urí nirúami barí o'huari ju. E l quiote del maguey de l a barranca está muy grande. Me barirá, quiote de maguey. Barí sihuará, la flor de maguey.","SRC-02[13-14]","Autorizada para difusión","Pendiente de validación lingüística","Transcrito"
"RD-000194","tar","Barosi","Adj","Barosi","barosi","","Adj","Pardo","[]","[]","","SRC-02[14]","Autorizada para difusión","Pendiente de validación lingüística","Transcrito"
"RD-000195","tar","Basá","Vt","Basá","basa","","Vt","Apedrear","[]","[""Tamí basari. Me apedreó. Basáqueni. Le dí una pedrada. Basagá .Pegándole con piedras""]","Tamí basari. Me apedreó. Basáqueni. Le dí una pedrada. Basagá .Pegándole con piedras","SRC-02[14]","Autorizada para difusión","Pendiente de validación lingüística","Transcrito"
"RD-000196","tar","Basachí","S","Basachí","basachi","","S","Coyote.","[]","[""Ma hui’rique chona, basachí tamí iquímire. Ya está muy oscuro, me puede morder el coyote. Basachí huichira. Piel de coyote""]","Ma hui’rique chona, basachí tamí iquímire. Ya está muy oscuro, me puede morder el coyote. Basachí huichira. Piel de coyote","SRC-02[14]","Autorizada para difusión","Pendiente de validación lingüística","Transcrito"
"RD-000197","tar","Basaroa","Vi","Basaroa","basaroa","","Vi","Pasear","[]","[]","","SRC-02[14]","Autorizada para difusión","Pendiente de validación lingüística","Transcrito"
"RD-000198","tar","Basi","S","Basi","basi","","S","Taza, vaso","[]","[]","","SRC-02[14]","Autorizada para difusión","Pendiente de validación lingüística","Transcrito"
"RD-000199","tar","Basiahui","S","Basiahui","basiahui","","S","Triguillo (la semilla con que hacen fermentar el tesgüino)","[]","[""Echi jaré rarámuri basiahui usuga napabú, echi suguí nasóhuaga nihuabia. Los tarahumaras juntan triguillo arrancandolo y lo mezclan para hacer el tesguino.""]","Echi jaré rarámuri basiahui usuga napabú, echi suguí nasóhuaga nihuabia. Los tarahumaras juntan triguillo arrancandolo y lo mezclan para hacer el tesguino.","SRC-02[14]","Autorizada para difusión","Pendiente de validación lingüística","Transcrito"
"RD-000200","tar","Basibú","Vt","Basibú","basibu","","Vt","Apedrear","[]","[""Riteti basibubo. Vamos a apedrearle. Basibúrami pp apedreado.""]","Riteti basibubo. Vamos a apedrearle. Basibúrami pp apedreado.","SRC-02[14]","Autorizada para difusión","Pendiente de validación lingüística","Transcrito"
"RD-000201","tar","Basigó","Vi","1Basigó","basigo","1","Vi","Lavarse (la cara)","[]","[""¡Hue ochoréami jumi; gará basigó! ¡Estás muy mugroso; lávate bien la cara! Basigora vt le lava la cara.""]","¡Hue ochoréami jumi; gará basigó! ¡Estás muy mugroso; lávate bien la cara! Basigora vt le lava la cara.","SRC-02[14]","Autorizada para difusión","Pendiente de validación lingüística","Transcrito"
"RD-000202","tar","Basigó","S","2Basigó","basigo","2","S","Hierba que sirve para calmar el dolor de muelas","[]","[""Basigochi s lugar donde crece basigó.""]","Basigochi s lugar donde crece basigó.","SRC-02[14]","Autorizada para difusión","Pendiente de validación lingüística","Transcrito"
"RD-000203","tar","Basoná","S","1Basoná","basona","1","S","Pato","[]","[""Echo'ná hui'ré ba'huichí hue 'yena basoná. Allí donde está ancho el agua están los patos""]","Echo'ná hui'ré ba'huichí hue 'yena basoná. Allí donde está ancho el agua están los patos","SRC-02[14]","Autorizada para difusión","Pendiente de validación lingüística","Transcrito"
"RD-000204","tar","Basoná","Vt","2Basoná","basona","2","Vt","Derretir","[]","[""Ma quetasi te ba'huí, quiparí basunabo. Ya no tenemos agua; vamos a derretir nieve""]","Ma quetasi te ba'huí, quiparí basunabo. Ya no tenemos agua; vamos a derretir nieve","SRC-02[14]","Autorizada para difusión","Pendiente de validación lingüística","Transcrito"
"RD-000205","tar","Basori","S","Basori","basori","","S","Pozole (frijol cocido con nixtamal)","[]","[]","","SRC-02[14]","Autorizada para difusión","Pendiente de validación lingüística","Transcrito"
"RD-000206","tar","Basú","Vi","Basú","basu","","Vi","Cocer, hervir","[]","[""Muní basúmani. Voy a cocer frijol.""]","Muní basúmani. Voy a cocer frijol.","SRC-02[14]","Autorizada para difusión","Pendiente de validación lingüística","Transcrito"
"RD-000207","tar","Basú","","Basú","basu","","Sin clasificar","Derretir","[]","[""Ma cu basuri quiparí. Ya se derritió la nieve.""]","Ma cu basuri quiparí. Ya se derritió la nieve.","SRC-02[14]","Autorizada para difusión","Pendiente de validación lingüística","Transcrito"
"RD-000208","tar","Batagá","S","Batagá","bataga","","S","Mata de la barranca que produce las semillas que usan para hacer soguillas.","[]","[]","","SRC-02[14]","Autorizada para difusión","Pendiente de validación lingüística","Transcrito"
"RD-000209","tar","Batárahua","Vi","Batárahua","batarahua","","Vi","Tener tesgüino (en su casa)","[]","[]","","SRC-02[14]","Autorizada para difusión","Pendiente de validación lingüística","Transcrito"
"RD-000210","tar","Batari","S","Batari","batari","","S","Tesgüino","[]","[""Batari bajíboruhua. Dicen que van a tomar tesgüino.""]","Batari bajíboruhua. Dicen que van a tomar tesgüino.","SRC-02[14]","Autorizada para difusión","Pendiente de validación lingüística","Transcrito"
"RD-000211","tar","Batú","S","1Batú","batu","1","S","Mapache (mamífero)","[]","[]","","SRC-02[14]","Autorizada para difusión","Pendiente de validación lingüística","Transcrito"
"RD-000212","tar","Batú","Vt","2Batú","batu","2","Vt","Moler (en metate)","[]","[""Matachí batúmani. Voy a moler en el metate.""]","Matachí batúmani. Voy a moler en el metate.","SRC-02[14]","Autorizada para difusión","Pendiente de validación lingüística","Transcrito"
"RD-000213","tar","Batusí","S","Batusí","batusi","","S","Masa","[]","[""A nirú batusí mapu rimé nihuabo. Hay masa para que hagamos tortillas.""]","A nirú batusí mapu rimé nihuabo. Hay masa para que hagamos tortillas.","SRC-02[14]","Autorizada para difusión","Pendiente de validación lingüística","Transcrito"
"RD-000214","tar","Bayé","Vi","Bayé","baye","","Vi","Llamar","[]","[""Nijeni naquiri bayéranara. Yo quería llamarle. Bayérami pp llamado; invitado.""]","Nijeni naquiri bayéranara. Yo quería llamarle. Bayérami pp llamado; invitado.","SRC-02[14]","Autorizada para difusión","Pendiente de validación lingüística","Transcrito"
"RD-000215","tar","Bayeba","Vt","Bayeba","bayeba","","Vt","Guiar, llevar","[]","[]","","SRC-02[15]","Autorizada para difusión","Pendiente de validación lingüística","Transcrito"
"RD-000216","tar","Bayena","S","Bayena","bayena","","S","Sanguijuela","[]","[""Maparí cúrohui ba'huichí 'yena, echi bayena hue uchupa echi cúrohui ronórachi. Cuando los muchachos andan en el agua, las sanguijuelas les chupan . En los pies.""]","Maparí cúrohui ba'huichí 'yena, echi bayena hue uchupa echi cúrohui ronórachi. Cuando los muchachos andan en el agua, las sanguijuelas les chupan . En los pies.","SRC-02[15]","Autorizada para difusión","Pendiente de validación lingüística","Transcrito"
"RD-000217","tar","Bayera","Vt","Bayera","bayera","","Vt","Invitar","[]","[]","","SRC-02[15]","Autorizada para difusión","Pendiente de validación lingüística","Transcrito"
"RD-000218","tar","Ba'yó","Vi","Ba'yó","ba'yo","","Vi","Parecer bonito, estar bonito","[]","[""Hue ba'yó je'ná. Esto está muy bonito. Hue ba'yórarini sihuáchari. Me parecieron bonitas las flores.""]","Hue ba'yó je'ná. Esto está muy bonito. Hue ba'yórarini sihuáchari. Me parecieron bonitas las flores.","SRC-02[15]","Autorizada para difusión","Pendiente de validación lingüística","Transcrito"
"RD-000219","tar","Ba'yóami","Adj","Ba'yóami","ba'yoami","","Adj","Bello, chulo, hermoso, lindo, bonito","[]","[]","","SRC-02[15]","Autorizada para difusión","Pendiente de validación lingüística","Transcrito"
"RD-000220","tar","Ba'yora","Vt","Ba'yora","ba'yora","","Vt","Hacer bonito","[]","[]","","SRC-02[15]","Autorizada para difusión","Pendiente de validación lingüística","Transcrito"
"RD-000221","tar","Ba'yórata","Vt","Ba'yórata","ba'yorata","","Vt","Adornar","[""fut.: ba'yóratama""]","[""[fut.: ba'yóratama]""]","[fut.: ba'yóratama]","SRC-02[15]","Autorizada para difusión","Pendiente de validación lingüística","Transcrito"
"RD-000222","tar","Ba'yori","Vi","Ba'yori","ba'yori","","Vi","Gustar (una cosa)","[]","[]","","SRC-02[15]","Autorizada para difusión","Pendiente de validación lingüística","Transcrito"
"RD-000223","tar","Bicá","Vi","Bicá","bica","","Vi","Pudrir","[""pret.: biquiyari; fut.: bicamea; pp.: bicáami""]","[""Ma biquiyari bachí. Ya se pudrió la calabaza. Chabé mucuri burito; ma huaminá biquiyari. Hace días que se murió el burro; ya se pudrió. [pret.: biquiyari; fut.: bicamea; pp.: bicáami]""]","Ma biquiyari bachí. Ya se pudrió la calabaza. Chabé mucuri burito; ma huaminá biquiyari. Hace días que se murió el burro; ya se pudrió. [pret.: biquiyari; fut.: bicamea; pp.: bicáami]","SRC-02[15]","Autorizada para difusión","Pendiente de validación lingüística","Transcrito"
"RD-000224","tar","Bicáami","","Bicáami","bicaami","","Sin clasificar","Podrido","[]","[]","","SRC-02[15]","Autorizada para difusión","Pendiente de validación lingüística","Transcrito"
"RD-000225","tar","Bicajuca","Vi","Bicajuca","bicajuca","","Vi","Oler mal","[]","[""Hue cha bicajuca. Huele muy mal""]","Hue cha bicajuca. Huele muy mal","SRC-02[15]","Autorizada para difusión","Pendiente de validación lingüística","Transcrito"
"RD-000226","tar","Bicamú","Vi","Bicamú","bicamu","","Vi","Salir pus","[]","[""Hue cháanari; ma bicamiru. Se infectó; ya salió pus""]","Hue cháanari; ma bicamiru. Se infectó; ya salió pus","SRC-02[15]","Autorizada para difusión","Pendiente de validación lingüística","Transcrito"
"RD-000227","tar","Bicaná","Adv","Bicaná","bicana","","Adv","En tres partes","[]","[]","","SRC-02[15]","Autorizada para difusión","Pendiente de validación lingüística","Transcrito"
"RD-000228","tar","Bichabú","Vt","Bichabú","bichabu","","Vt","Capar (animal)","[]","[""Toro bachabubo. Vamos a capar a un toro.""]","Toro bachabubo. Vamos a capar a un toro.","SRC-02[15]","Autorizada para difusión","Pendiente de validación lingüística","Transcrito"
"RD-000229","tar","Biche: ari biché","","Biche: ari biché","biche: ari biche","","Sin clasificar","Entonces, y.","[]","[]","","SRC-02[15]","Autorizada para difusión","Pendiente de validación lingüística","Transcrito"
"RD-000230","tar","Bichí","Vi","Bichí","bichi","","Vi","Raspar, quitar la piel","[]","[""Buhuichí i'mérini; hui'ré bichírini ronochí. Me caí en el camino; me raspé mucho (a lo largo) la pierna.""]","Buhuichí i'mérini; hui'ré bichírini ronochí. Me caí en el camino; me raspé mucho (a lo largo) la pierna.","SRC-02[15]","Autorizada para difusión","Pendiente de validación lingüística","Transcrito"
"RD-000231","tar","Bichihuá","S","Bichihuá","bichihua","","S","Verdad","[]","[""A bichihuá ju mapu ma nochama molinchi. Es verdad que ya van a trabajar en el molino.""]","A bichihuá ju mapu ma nochama molinchi. Es verdad que ya van a trabajar en el molino.","SRC-02[15]","Autorizada para difusión","Pendiente de validación lingüística","Transcrito"
"RD-000232","tar","Bichíhuaga ané","","Bichíhuaga ané","bichihuaga ane","","Sin clasificar","Jurar, prometer","[""fut.: bichíhuaga animea""]","[""[fut.: bichíhuaga animea]""]","[fut.: bichíhuaga animea]","SRC-02[15]","Autorizada para difusión","Pendiente de validación lingüística","Transcrito"
"RD-000233","tar","Bichíhuaga aní","","Bichíhuaga aní","bichihuaga ani","","Sin clasificar","Afirmar, comprometer","[]","[]","","SRC-02[15]","Autorizada para difusión","Pendiente de validación lingüística","Transcrito"
"RD-000234","tar","Bichíhuami","Adj","Bichíhuami","bichihuami","","Adj","Verdadero","[]","[]","","SRC-02[15]","Autorizada para difusión","Pendiente de validación lingüística","Transcrito"
"RD-000235","tar","Bichíhuari","S","Bichíhuari","bichihuari","","S","La verdad.","[]","[]","","SRC-02[15]","Autorizada para difusión","Pendiente de validación lingüística","Transcrito"
"RD-000236","tar","Bichíhuari","Adv","Bichíhuari","bichihuari","","Adv","Cierto, verdad","[]","[]","","SRC-02[15]","Autorizada para difusión","Pendiente de validación lingüística","Transcrito"
"RD-000237","tar","Bichii","Vi","Bichii","bichii","","Vi","Creer","[]","[]","","SRC-02[15]","Autorizada para difusión","Pendiente de validación lingüística","Transcrito"
"RD-000238","tar","Bichíirata","Vi","Bichíirata","bichiirata","","Vi","Convencer, dar fe","[]","[]","","SRC-02[15]","Autorizada para difusión","Pendiente de validación lingüística","Transcrito"
"RD-000239","tar","Bichina","Vt","Bichina","bichina","","Vt","Quitar (la cáscara), pelar, deshojar (mazorca)","[""fut.: bichinama""]","[""[fut.: bichinama].""]","[fut.: bichinama].","SRC-02[15]","Autorizada para difusión","Pendiente de validación lingüística","Transcrito"
"RD-000240","tar","Bisú","Vt","Bisú","bisu","","Vt","Despellejar","[]","[""Bichiri vi pret se le hizo una matadura en el lomo del animal.""]","Bichiri vi pret se le hizo una matadura en el lomo del animal.","SRC-02[15]","Autorizada para difusión","Pendiente de validación lingüística","Transcrito"
"RD-000241","tar","Bichíyami","S","Bichíyami","bichiyami","","S","Creyente","[]","[]","","SRC-02[15]","Autorizada para difusión","Pendiente de validación lingüística","Transcrito"
"RD-000242","tar","Bihuá","Vi","Bihuá","bihua","","Vi","Estar duro","[""pret.: bihuáari; fut.: bihuama""]","[""Ocuá tarari jonsa quetasi ucuri, echijiti hue bihuá huasarahua. Desde hace dos semanas no ha llovido, por eso está muy dura (la tierra) para barbechar. [pret.: bihuáari; fut.: bihuama]""]","Ocuá tarari jonsa quetasi ucuri, echijiti hue bihuá huasarahua. Desde hace dos semanas no ha llovido, por eso está muy dura (la tierra) para barbechar. [pret.: bihuáari; fut.: bihuama]","SRC-02[16]","Autorizada para difusión","Pendiente de validación lingüística","Transcrito"
"RD-000243","tar","Bi'huá","Vt","Bi'huá","bi'hua","","Vt","Limpiar","[]","[""Sipée huabé napisóami ju. ¡Gará cu bi'huá! El espejo tiene mucho polvo. ¡Limpialo bien!""]","Sipée huabé napisóami ju. ¡Gará cu bi'huá! El espejo tiene mucho polvo. ¡Limpialo bien!","SRC-02[16]","Autorizada para difusión","Pendiente de validación lingüística","Transcrito"
"RD-000244","tar","Bihuachébana","Vt","Bihuachébana","bihuachebana","","Vt","Endurecer","[]","[""Ma bihuacheri bachí. Ya se endurecieron las calabazas. Jena'í ri'narátachi quetasi bihuárachi ju, gará bihuachébanabo, cusí chípérami jiti.Aquí, el patio no está duro. Vamos a endurecerlo con un palo ancho. Bihuaché vi endurecerse.""]","Ma bihuacheri bachí. Ya se endurecieron las calabazas. Jena'í ri'narátachi quetasi bihuárachi ju, gará bihuachébanabo, cusí chípérami jiti.Aquí, el patio no está duro. Vamos a endurecerlo con un palo ancho. Bihuaché vi endurecerse.","SRC-02[16]","Autorizada para difusión","Pendiente de validación lingüística","Transcrito"
"RD-000245","tar","Bihuara","Vt","Bihuara","bihuara","","Vt","Hacer duro","[]","[""Bihuará vi endurecerse.""]","Bihuará vi endurecerse.","SRC-02[16]","Autorizada para difusión","Pendiente de validación lingüística","Transcrito"
"RD-000246","tar","Bihuárami","Adv","Bihuárami","bihuarami","","Adv","Duro","[]","[]","","SRC-02[16]","Autorizada para difusión","Pendiente de validación lingüística","Transcrito"
"RD-000247","tar","Bi'huí","Vi","Bi'huí","bi'hui","","Vi","Limpiarse, volverse blanco","[]","[""Jabón jiti huichogá, gará bi'huimea. Lavándolo con jabón, se limpiará bien. ¿Acha gará bi'huiri huichohua? ¿se limpió bien al lavarlo?""]","Jabón jiti huichogá, gará bi'huimea. Lavándolo con jabón, se limpiará bien. ¿Acha gará bi'huiri huichohua? ¿se limpió bien al lavarlo?","SRC-02[16]","Autorizada para difusión","Pendiente de validación lingüística","Transcrito"
"RD-000248","tar","Bi’huíami","Adj","Bi’huíami","bi'huiami","","Adj","Claro, limpio","[]","[]","","SRC-02[16]","Autorizada para difusión","Pendiente de validación lingüística","Transcrito"
"RD-000249","tar","Bi'líami","Pp","Bi'líami","bi'liami","","Pp","Chueco, torcido","[]","[""Bi'lícami pp que ha sido torcido""]","Bi'lícami pp que ha sido torcido","SRC-02[16]","Autorizada para difusión","Pendiente de validación lingüística","Transcrito"
"RD-000250","tar","Bilini","S","Bilini","bilini","","S","Fierro (de lumbre)","[]","[""Echi rijoy gará machí na'ayá bilini, sorá yuhua. Ese hombre sabe hacer lumbre con un fierro y yesca.""]","Echi rijoy gará machí na'ayá bilini, sorá yuhua. Ese hombre sabe hacer lumbre con un fierro y yesca.","SRC-02[16]","Autorizada para difusión","Pendiente de validación lingüística","Transcrito"
"RD-000251","tar","Bimó","S","Bimó","bimo","","S","Neblina, polvo","[]","[]","","SRC-02[16]","Autorizada para difusión","Pendiente de validación lingüística","Transcrito"
"RD-000252","tar","Bimoré","Vi","Bimoré","bimore","","Vi","Haber neblina, haber polvo, haber humo","[""pret.: bimoréari; fut.: bimorema""]","[""Jipi rahue biyá hue bimoréari, nijeni mayé mapu quetasi ucumea. Hoy, temprano, había mucha neblina; creo que no va a llover [pret.: bimoréari; fut.: bimorema]. Bimoréami, que hay neblina""]","Jipi rahue biyá hue bimoréari, nijeni mayé mapu quetasi ucumea. Hoy, temprano, había mucha neblina; creo que no va a llover [pret.: bimoréari; fut.: bimorema]. Bimoréami, que hay neblina","SRC-02[16]","Autorizada para difusión","Pendiente de validación lingüística","Transcrito"
"RD-000253","tar","Bimorí","S","Bimorí","bimori","","S","Niebla, polvo","[]","[""Bimorítari, en la niebla""]","Bimorítari, en la niebla","SRC-02[16]","Autorizada para difusión","Pendiente de validación lingüística","Transcrito"
"RD-000254","tar","Biné","Vi","Biné","bine","","Vi","Aprender, estudiar","[]","[""Chabé nijeni bineri oserí 'nénia. Hace tiempo aprendí a leer.""]","Chabé nijeni bineri oserí 'nénia. Hace tiempo aprendí a leer.","SRC-02[16]","Autorizada para difusión","Pendiente de validación lingüística","Transcrito"
"RD-000255","tar","Binéami","S","Binéami","bineami","","S","El que aprende, discípulo","[]","[]","","SRC-02[16]","Autorizada para difusión","Pendiente de validación lingüística","Transcrito"
"RD-000256","tar","Bi'nera","Vi","Bi'nera","bi'nera","","Vi","Apartarse solo","[]","[]","","SRC-02[16]","Autorizada para difusión","Pendiente de validación lingüística","Transcrito"
"RD-000257","tar","Binera","Vt","Binera","binera","","Vt","Enseñar, instruir","[]","[""Nijé onorá tamí binérari. Mi padre me enseñó.""]","Nijé onorá tamí binérari. Mi padre me enseñó.","SRC-02[16]","Autorizada para difusión","Pendiente de validación lingüística","Transcrito"
"RD-000258","tar","Binera","","Binera","binera","","Sin clasificar","Amansar","[""pp.: binératami""]","[""[pp.: binératami]""]","[pp.: binératami]","SRC-02[16]","Autorizada para difusión","Pendiente de validación lingüística","Transcrito"
"RD-000259","tar","Bi'nérahua","Vt","Bi'nérahua","bi'nerahua","","Vt","Apartar solo","[]","[]","","SRC-02[16]","Autorizada para difusión","Pendiente de validación lingüística","Transcrito"
"RD-000260","tar","Bi'neri","Adv","Bi'neri","bi'neri","","Adv","Solo","[]","[""Bi'neri cu simiri; que huesi yuhua simiri. Se fue solo; nadie iba con él. Véase a'huínari""]","Bi'neri cu simiri; que huesi yuhua simiri. Se fue solo; nadie iba con él. Véase a'huínari","SRC-02[16]","Autorizada para difusión","Pendiente de validación lingüística","Transcrito"
"RD-000261","tar","Binériami","S","Binériami","bineriami","","S","Maestro, el que enseña","[]","[]","","SRC-02[16]","Autorizada para difusión","Pendiente de validación lingüística","Transcrito"
"RD-000262","tar","Bi'néripi","Adj","Bi'néripi","bi'neripi","","Adj","Único","[]","[]","","SRC-02[16]","Autorizada para difusión","Pendiente de validación lingüística","Transcrito"
"RD-000263","tar","Biní","S","Biní","bini","","S","Hermana menor (de mujer)","[]","[""Queni biní, mi hermana menor (de mujer). Nijé binirá, mi hermana menor (de mujer).""]","Queni biní, mi hermana menor (de mujer). Nijé binirá, mi hermana menor (de mujer).","SRC-02[17]","Autorizada para difusión","Pendiente de validación lingüística","Transcrito"
"RD-000264","tar","Binorí","S","Binorí","binori","","S","Anzuelo","[]","[""Nijeni simiri echo'ná tu comichi, biré táa binorica. Fui por abajo, en el arroyo, llevando un anzuelo.""]","Nijeni simiri echo'ná tu comichi, biré táa binorica. Fui por abajo, en el arroyo, llevando un anzuelo.","SRC-02[17]","Autorizada para difusión","Pendiente de validación lingüística","Transcrito"
"RD-000265","tar","Binoy","Pron","Binoy","binoy","","Pron","Él, ella, él mismo","[]","[""Nijé binoy, yo mismo""]","Nijé binoy, yo mismo","SRC-02[17]","Autorizada para difusión","Pendiente de validación lingüística","Transcrito"
"RD-000266","tar","Biquiyá","Adj","Biquiyá","biquiya","","Adj","Tres","[]","[]","","SRC-02[17]","Autorizada para difusión","Pendiente de validación lingüística","Transcrito"
"RD-000267","tar","Biré","Adj","Biré","bire","","Adj","Uno","[]","[""Biré ciento, cien. Biré macori, un puñado de maíz""]","Biré ciento, cien. Biré macori, un puñado de maíz","SRC-02[17]","Autorizada para difusión","Pendiente de validación lingüística","Transcrito"
"RD-000268","tar","Biréana","Adv","Biréana","bireana","","Adv","En una sola parte","[]","[""Biréana ichárini, sembré en una sola parte. Ma quetasi te na'ibi; auché biréana simiri. Ya no está aquí; se fue a otra parte. Auché biréana, en otra parte, en alguna parte. Biréana burí, una yunta (de bueyes). Biréana busugachi, tuerto. Biréana huabé rocóhuachi, charco. Biréana ipó ichihuami, milpa. Biréana sobácohuachi, atascadero""]","Biréana ichárini, sembré en una sola parte. Ma quetasi te na'ibi; auché biréana simiri. Ya no está aquí; se fue a otra parte. Auché biréana, en otra parte, en alguna parte. Biréana burí, una yunta (de bueyes). Biréana busugachi, tuerto. Biréana huabé rocóhuachi, charco. Biréana ipó ichihuami, milpa. Biréana sobácohuachi, atascadero","SRC-02[17]","Autorizada para difusión","Pendiente de validación lingüística","Transcrito"
"RD-000269","tar","Biréanomí","","Biréanomí","bireanomi","","Sin clasificar","Una parte (desconocida), alguna parte","[]","[""Biréanomí siméani, voy a alguna parte""]","Biréanomí siméani, voy a alguna parte","SRC-02[17]","Autorizada para difusión","Pendiente de validación lingüística","Transcrito"
"RD-000270","tar","Birénapi","Adv","Birénapi","birenapi","","Adv","En una sola parte","[]","[""Birénapi nochabo, vamos a trabajar en una sola parte.""]","Birénapi nochabo, vamos a trabajar en una sola parte.","SRC-02[17]","Autorizada para difusión","Pendiente de validación lingüística","Transcrito"
"RD-000271","tar","Birepi","Adv","Birepi","birepi","","Adv","Sólo uno","[]","[""¿Chú quipi riioy siri? Birepi nahuari, ¿Cuántos hombres vinieron? Llegó sólo uno.""]","¿Chú quipi riioy siri? Birepi nahuari, ¿Cuántos hombres vinieron? Llegó sólo uno.","SRC-02[17]","Autorizada para difusión","Pendiente de validación lingüística","Transcrito"
"RD-000272","tar","Birétari","S","Birétari","biretari","","S","Alguien","[]","[]","","SRC-02[17]","Autorizada para difusión","Pendiente de validación lingüística","Transcrito"
"RD-000273","tar","Bi'rí","Vi","Bi'rí","bi'ri","","Vi","Torcerse","[]","[""Ma bi'riri tabla, ya se torció la tabla.""]","Ma bi'riri tabla, ya se torció la tabla.","SRC-02[17]","Autorizada para difusión","Pendiente de validación lingüística","Transcrito"
"RD-000274","tar","Birichí","Vi","Birichí","birichi","","Vi","Encender lumbre con pedernal","[]","[]","","SRC-02[17]","Autorizada para difusión","Pendiente de validación lingüística","Transcrito"
"RD-000275","tar","Birina","S","Birina","birina","","S","Pedernal","[]","[]","","SRC-02[17]","Autorizada para difusión","Pendiente de validación lingüística","Transcrito"
"RD-000276","tar","Bi'rina","Vt","Bi'rina","bi'rina","","Vt","Torcer, exprimir","[""fut.: bi'rinama""]","[""Huíi bi'rinabo. Vamos a hacer (torcer) un mecate. Bo'osari bi'rinabo. Vamos a hacer hilo (torciendo la lana). [fut.: bi'rinama]. Bi'riná, torcer, dar vueltas (a alguna cosa)""]","Huíi bi'rinabo. Vamos a hacer (torcer) un mecate. Bo'osari bi'rinabo. Vamos a hacer hilo (torciendo la lana). [fut.: bi'rinama]. Bi'riná, torcer, dar vueltas (a alguna cosa)","SRC-02[17]","Autorizada para difusión","Pendiente de validación lingüística","Transcrito"
"RD-000277","tar","Bisiruta","Vi","Bisiruta","bisiruta","","Vi","Rasparse","[]","[]","","SRC-02[17]","Autorizada para difusión","Pendiente de validación lingüística","Transcrito"
"RD-000278","tar","Bisó","Vi","Bisó","biso","","Vi","Salir pus","[]","[""Bisoná, bisonta vt hacer salir pus""]","Bisoná, bisonta vt hacer salir pus","SRC-02[17]","Autorizada para difusión","Pendiente de validación lingüística","Transcrito"
"RD-000279","tar","Bisú","Vi","Bisú","bisu","","Vi","Despellejar","[]","[""Maparí mi mi'risá echi huasi, hue yáati bisubo. Ya matando esa vaca, inmediatamente vamos a despellejarla.""]","Maparí mi mi'risá echi huasi, hue yáati bisubo. Ya matando esa vaca, inmediatamente vamos a despellejarla.","SRC-02[17]","Autorizada para difusión","Pendiente de validación lingüística","Transcrito"
"RD-000280","tar","Bité","Vi","1Bité","bite","1","Vi","Sing habitar, morar, vivir","[""pret.: bitéeri; fut.: bitérama; pl.: piré""]","[""¿Cumi bité?, ¿Dónde vives? Echo'ná basigóchi ni bité. Vivo allí, en Basigochi. [pret.: bitéeri; fut.: bitérama; pl.: piré]""]","¿Cumi bité?, ¿Dónde vives? Echo'ná basigóchi ni bité. Vivo allí, en Basigochi. [pret.: bitéeri; fut.: bitérama; pl.: piré]","SRC-02[17-18]","Autorizada para difusión","Pendiente de validación lingüística","Transcrito"
"RD-000281","tar","Bité","Vi","2Bité","bite","2","Vi","Estar pesado","[""pret.: bitéari; fut.: bitítama""]","[""Ne huabé bité, quetásini omero o'huicha. Está muy pesado. No puedo levantarlo. [pret.: bitéari; fut.: bitítama]""]","Ne huabé bité, quetásini omero o'huicha. Está muy pesado. No puedo levantarlo. [pret.: bitéari; fut.: bitítama]","SRC-02[18]","Autorizada para difusión","Pendiente de validación lingüística","Transcrito"
"RD-000282","tar","Bitéami","Adj sin","Bitéami","biteami","","Adj","Morador, que vive","[""pl.: piréami""]","[""Echi rijoy jena'í samichí bitéami ju. Ese hombre vive aquí en samachique. Huanihuí jena'í piréami napahuima. Pasado mañana se juntarán los que viven aquí. [pl.: piréami]""]","Echi rijoy jena'í samichí bitéami ju. Ese hombre vive aquí en samachique. Huanihuí jena'í piréami napahuima. Pasado mañana se juntarán los que viven aquí. [pl.: piréami]","SRC-02[18]","Autorizada para difusión","Pendiente de validación lingüística","Transcrito"
"RD-000283","tar","Biteba","Vi","Biteba","biteba","","Vi","Pasar la noche, pernoctar","[""fut.: bitebama""]","[""Echo'ná cahuichí bitébari. Allí, en el campo, pasó la noche. [fut.: bitebama] Véase chi'reba""]","Echo'ná cahuichí bitébari. Allí, en el campo, pasó la noche. [fut.: bitebama] Véase chi'reba","SRC-02[18]","Autorizada para difusión","Pendiente de validación lingüística","Transcrito"
"RD-000284","tar","Bitechi","S","Bitechi","bitechi","","S","Casa","[]","[""Nijé bitérachi, mi casa. Queni bitechi, mi casa""]","Nijé bitérachi, mi casa. Queni bitechi, mi casa","SRC-02[18]","Autorizada para difusión","Pendiente de validación lingüística","Transcrito"
"RD-000285","tar","Bití","Vi pl","Bití","biti","","Vi","Estar acostados (varios)","[""sing.: bu'huí; fut.: bitimea""]","[""Ri'ré huichí bitir, se acostaron en la tierra. Hui'rique rocogó bitíbari cochiboa, ya muy de noche se acostaron a dormir. [sing.: bu'huí; fut.: bitimea]. Bitibama, se acostarán. Bitisí ¡acuéstense!""]","Ri'ré huichí bitir, se acostaron en la tierra. Hui'rique rocogó bitíbari cochiboa, ya muy de noche se acostaron a dormir. [sing.: bu'huí; fut.: bitimea]. Bitibama, se acostarán. Bitisí ¡acuéstense!","SRC-02[18]","Autorizada para difusión","Pendiente de validación lingüística","Transcrito"
"RD-000286","tar","Bitiba","Vi","Bitiba","bitiba","","Vi","Echarse (animales), están acostándose","[]","[]","","SRC-02[18]","Autorizada para difusión","Pendiente de validación lingüística","Transcrito"
"RD-000287","tar","Bitichí","S","Bitichí","bitichi","","S","Casa, habitación","[]","[""Echo'ná bitichí iyénasí simiri, iba hacia la casa.""]","Echo'ná bitichí iyénasí simiri, iba hacia la casa.","SRC-02[18]","Autorizada para difusión","Pendiente de validación lingüística","Transcrito"
"RD-000288","tar","Bitira","Vi","Bitira","bitira","","Vi","Andar (como borracho)","[]","[""Capilata bitira, se revuelve (el caballo). Bitíra,echarse (de un lado al otro).""]","Capilata bitira, se revuelve (el caballo). Bitíra,echarse (de un lado al otro).","SRC-02[18]","Autorizada para difusión","Pendiente de validación lingüística","Transcrito"
"RD-000289","tar","Bitórata","Vt","Bitórata","bitorata","","Vt","Hacer cajetes","[]","[]","","SRC-02[18]","Autorizada para difusión","Pendiente de validación lingüística","Transcrito"
"RD-000290","tar","Bitori","S","Bitori","bitori","","S","Cajete, plato, cazuela","[]","[""Bitórachi, en el cajete""]","Bitórachi, en el cajete","SRC-02[18]","Autorizada para difusión","Pendiente de validación lingüística","Transcrito"
"RD-000291","tar","Bi'yá","Adv","Bi'yá","bi'ya","","Adv","Temprano","[]","[""Bi'yá rocogó, en la madrugada. Bi'yá chónachi, temprano (todavía está obscuro). Bi'yábijí, hoy temprano (todavía). Biyá chi'rásiachi, madrugada.""]","Bi'yá rocogó, en la madrugada. Bi'yá chónachi, temprano (todavía está obscuro). Bi'yábijí, hoy temprano (todavía). Biyá chi'rásiachi, madrugada.","SRC-02[18]","Autorizada para difusión","Pendiente de validación lingüística","Transcrito"
"RD-000292","tar","Bocohuí","Vi","Bocohuí","bocohui","","Vi","Ocultarse, ponerse el sol","[]","[""Ma bocohuiri rayénari. Ya se puso el sol.""]","Ma bocohuiri rayénari. Ya se puso el sol.","SRC-02[18]","Autorizada para difusión","Pendiente de validación lingüística","Transcrito"
"RD-000293","tar","Bocuirachi","S","Bocuirachi","bocuirachi","","S","Cascada, salto de agua","[]","[]","","SRC-02[18]","Autorizada para difusión","Pendiente de validación lingüística","Transcrito"
"RD-000294","tar","Bocháami","Pp","Bocháami","bochaami","","Pp","Preñada, encinta","[]","[]","","SRC-02[18]","Autorizada para difusión","Pendiente de validación lingüística","Transcrito"
"RD-000295","tar","Bo'huá","S","Bo'huá","bo'hua","","S","Oveja, borrego","[]","[""Bo'huá bo'huara, lana de borrego.""]","Bo'huá bo'huara, lana de borrego.","SRC-02[18]","Autorizada para difusión","Pendiente de validación lingüística","Transcrito"
"RD-000296","tar","Bo'hué","Vi","Bo'hué","bo'hue","","Vi","Tener lana, pelo","[]","[""Hue bo'huéami ju echi bo'huá, ma siquiboa. Tiene mucha lana ese borrego; vamos a trasquilarlo. Pp.: bo'huéamil.""]","Hue bo'huéami ju echi bo'huá, ma siquiboa. Tiene mucha lana ese borrego; vamos a trasquilarlo. Pp.: bo'huéamil.","SRC-02[18]","Autorizada para difusión","Pendiente de validación lingüística","Transcrito"
"RD-000297","tar","Bo'huí","Vi","Bo'huí","bo'hui","","Vi","Postrarse","[]","[]","","SRC-02[18]","Autorizada para difusión","Pendiente de validación lingüística","Transcrito"
"RD-000298","tar","Bóisi","S","Bóisi","boisi","","S","Buey","[""pl.: ibóisi""]","[""[pl.: ibóisi]""]","[pl.: ibóisi]","SRC-02[18]","Autorizada para difusión","Pendiente de validación lingüística","Transcrito"
"RD-000299","tar","Boioní","Vi","Boioní","boioni","","Vi","Pasar a pie al otro lado del agua, vadear","[]","[""Maparí huabé bu'huíbari ba'huí, nijeni arigá boioniri. Cuando estaba muy crecida el agua, yo siempre pasaba al otro lado vadeando.""]","Maparí huabé bu'huíbari ba'huí, nijeni arigá boioniri. Cuando estaba muy crecida el agua, yo siempre pasaba al otro lado vadeando.","SRC-02[18-19]","Autorizada para difusión","Pendiente de validación lingüística","Transcrito"
"RD-000300","tar","Bo'ná","Vt","Bo'ná","bo'na","","Vt","Arrancar, desherbar","[""fut.: bo nomea""]","[""O'huari ochérari mocuásari, ma cáraga bo'niboa. Creció mucho la hierba, ya vamos a arrancarla. [fut.: bo nomea]. Bo'nisí ¡arráncalos!""]","O'huari ochérari mocuásari, ma cáraga bo'niboa. Creció mucho la hierba, ya vamos a arrancarla. [fut.: bo nomea]. Bo'nisí ¡arráncalos!","SRC-02[19]","Autorizada para difusión","Pendiente de validación lingüística","Transcrito"
"RD-000301","tar","Boní","S","Boní","boni","","S","Hermano menor","[]","[""Queni boní cu simiri, chopi nijé binirá abijí atí. Mi hermano menor se fue, pero mi hermana menor todavía está aquí. Nijé bonirá, mi hermano menor.""]","Queni boní cu simiri, chopi nijé binirá abijí atí. Mi hermano menor se fue, pero mi hermana menor todavía está aquí. Nijé bonirá, mi hermano menor.","SRC-02[19]","Autorizada para difusión","Pendiente de validación lingüística","Transcrito"
"RD-000302","tar","Bonirúami","S","Bonirúami","boniruami","","S","Hermano menor","[]","[""Bonirúami ju, él es el hermano menor""]","Bonirúami ju, él es el hermano menor","SRC-02[19]","Autorizada para difusión","Pendiente de validación lingüística","Transcrito"
"RD-000303","tar","Bonorí","S","Bonorí","bonori","","S","Anzuelo","[]","[]","","SRC-02[19]","Autorizada para difusión","Pendiente de validación lingüística","Transcrito"
"RD-000304","tar","Bo’ó","S","Bo’ó","bo'o","","S","La otra banda (del arroyo)","[]","[""Bo’ora, a la otra banda (un poco arriba)""]","Bo’ora, a la otra banda (un poco arriba)","SRC-02[19]","Autorizada para difusión","Pendiente de validación lingüística","Transcrito"
"RD-000305","tar","Bo'obú","Vt","Bo'obú","bo'obu","","Vt","Desplumar","[]","[]","","SRC-02[19]","Autorizada para difusión","Pendiente de validación lingüística","Transcrito"
"RD-000306","tar","Bo'ona","Adv","Bo'ona","bo'ona","","Adv","A la otra banda","[]","[""Bo'onata, a la otra banda (en bordo plano)""]","Bo'onata, a la otra banda (en bordo plano)","SRC-02[19]","Autorizada para difusión","Pendiente de validación lingüística","Transcrito"
"RD-000307","tar","Bo'orá","Vt","Bo'orá","bo'ora","","Vt","Producir lana","[]","[]","","SRC-02[19]","Autorizada para difusión","Pendiente de validación lingüística","Transcrito"
"RD-000308","tar","Bo'orusa","Vi","Bo'orusa","bo'orusa","","Vi","Caer el pelo ( a los animales)","[]","[]","","SRC-02[19]","Autorizada para difusión","Pendiente de validación lingüística","Transcrito"
"RD-000309","tar","Bo'osari","S","Bo'osari","bo'osari","","S","Lana","[]","[""Bo'osari cabori, una bola de lana (para hacer cobijas). Bo'osari bi'rina, hace hilo de lana. Bo'osari rajana, carda la lana""]","Bo'osari cabori, una bola de lana (para hacer cobijas). Bo'osari bi'rina, hace hilo de lana. Bo'osari rajana, carda la lana","SRC-02[19]","Autorizada para difusión","Pendiente de validación lingüística","Transcrito"
"RD-000310","tar","Boquírachi","S","Boquírachi","boquirachi","","S","Salto de agua","[]","[]","","SRC-02[19]","Autorizada para difusión","Pendiente de validación lingüística","Transcrito"
"RD-000311","tar","Boriba","Vi","Boriba","boriba","","Vi","Correr el agua (en una corriente)","[]","[""Maparí huarú bu'huíbari ba'huí, ne huabé boríbari. Cuando creció mucho el arroyo, corrió mucha agua.""]","Maparí huarú bu'huíbari ba'huí, ne huabé boríbari. Cuando creció mucho el arroyo, corrió mucha agua.","SRC-02[19]","Autorizada para difusión","Pendiente de validación lingüística","Transcrito"
"RD-000312","tar","Borogá","Pp","Borogá","boroga","","Pp","Amarrado","[]","[""Huíiti borogá cu tori. Amarrado con mecate, lo llevó. Borogá tobóa. Vamos a llevarlo amarrado. Véase buré""]","Huíiti borogá cu tori. Amarrado con mecate, lo llevó. Borogá tobóa. Vamos a llevarlo amarrado. Véase buré","SRC-02[19]","Autorizada para difusión","Pendiente de validación lingüística","Transcrito"
"RD-000313","tar","Bosá","Vi sing","Bosá","bosa","","Vi","Llenarse, hartarse, (comiendo)","[""pl.: posá""]","[""Huarúni bosari mapujiti huarú co'huari rimé. Me llené, porque comí muchas tortillas. [pl.: posá].""]","Huarúni bosari mapujiti huarú co'huari rimé. Me llené, porque comí muchas tortillas. [pl.: posá].","SRC-02[19]","Autorizada para difusión","Pendiente de validación lingüística","Transcrito"
"RD-000314","tar","Bosahua","Vi","Bosahua","bosahua","","Vi","Llenarse.","[]","[]","","SRC-02[19]","Autorizada para difusión","Pendiente de validación lingüística","Transcrito"
"RD-000315","tar","Bosasa riruta","Vi","Bosasa riruta","bosasa riruta","","Vi","Eructar","[]","[]","","SRC-02[19]","Autorizada para difusión","Pendiente de validación lingüística","Transcrito"
"RD-000316","tar","Bosohuá","Vi","Bosohuá","bosohua","","Vi","Estar lleno","[]","[""Mani gará bosohuá. Ya estoy bien lleno (satisfecho).""]","Mani gará bosohuá. Ya estoy bien lleno (satisfecho).","SRC-02[19]","Autorizada para difusión","Pendiente de validación lingüística","Transcrito"
"RD-000317","tar","Botá","Vi","Botá","bota","","Vi","1. Soltarse 2. Desatarse","[]","[]","","SRC-02[19]","Autorizada para difusión","Pendiente de validación lingüística","Transcrito"
"RD-000318","tar","Botana","Vt","Botana","botana","","Vt","Soltar, desamarrar, desatar","[""fut.: botonama""]","[""[fut.: botonama]""]","[fut.: botonama]","SRC-02[19]","Autorizada para difusión","Pendiente de validación lingüística","Transcrito"
"RD-000319","tar","Botobú","Vt","Botobú","botobu","","Vt","Hundir, sumergir.","[]","[""B’huichí botoburi. Lo hundió en el agua.""]","B’huichí botoburi. Lo hundió en el agua.","SRC-02[19]","Autorizada para difusión","Pendiente de validación lingüística","Transcrito"
"RD-000320","tar","Botuhuí","Vi","Botuhuí","botuhui","","Vi","Hundirse, zambullir Cara.","[]","[]","","SRC-02[19]","Autorizada para difusión","Pendiente de validación lingüística","Transcrito"
"RD-000321","tar","Bucura","Adj","Bucura","bucura","","Adj","Poseedor (de un animal)","[]","[""Nijé bucura cahué ju. Es mi caballo. ¿Chigá bucura ju? ¿Quién es el dueño? (del animal). Si'nu bucura, bestia ajena.""]","Nijé bucura cahué ju. Es mi caballo. ¿Chigá bucura ju? ¿Quién es el dueño? (del animal). Si'nu bucura, bestia ajena.","SRC-02[19-20]","Autorizada para difusión","Pendiente de validación lingüística","Transcrito"
"RD-000322","tar","Bucurí","Adv","Bucurí","bucuri","","Adv","Hace poco, nuevamente, hace rato","[]","[""Bucurí cu nahuari. Hace poco volvió. Bucuripi, hace poquito, hace ratito. Bucurí, nihuá renueva. Bucurí nihuárami, recién hecho. Bucurí simíri, apenas salió.""]","Bucurí cu nahuari. Hace poco volvió. Bucuripi, hace poquito, hace ratito. Bucurí, nihuá renueva. Bucurí nihuárami, recién hecho. Bucurí simíri, apenas salió.","SRC-02[20]","Autorizada para difusión","Pendiente de validación lingüística","Transcrito"
"RD-000323","tar","Buchí","Vi","Buchí","buchi","","Vi","Contener","[]","[""Ocuá litro buchí. Contiene dos litros.""]","Ocuá litro buchí. Contiene dos litros.","SRC-02[20]","Autorizada para difusión","Pendiente de validación lingüística","Transcrito"
"RD-000324","tar","Buchíami","Adj","Buchíami","buchiami","","Adj","Lleno","[]","[]","","SRC-02[20]","Autorizada para difusión","Pendiente de validación lingüística","Transcrito"
"RD-000325","tar","Buchihua","Vt","Buchihua","buchihua","","Vt","Llenar","[]","[""Mani buchíhuari. Ya lo llené.""]","Mani buchíhuari. Ya lo llené.","SRC-02[20]","Autorizada para difusión","Pendiente de validación lingüística","Transcrito"
"RD-000326","tar","Bucuríhuami","Adj","Bucuríhuami","bucurihuami","","Adj","Nuevo, fresco.","[]","[""Bucuríhuami cu nihuari. Lo hizo de nuevo.""]","Bucuríhuami cu nihuari. Lo hizo de nuevo.","SRC-02[20]","Autorizada para difusión","Pendiente de validación lingüística","Transcrito"
"RD-000327","tar","Buchuhuí","Vi","Buchuhuí","buchuhui","","Vi","Estar lleno","[]","[""Ne buchubuí ju. Está lleno.""]","Ne buchubuí ju. Está lleno.","SRC-02[20]","Autorizada para difusión","Pendiente de validación lingüística","Transcrito"
"RD-000328","tar","Buchuhuí","Adv","Buchuhuí","buchuhui","","Adv","Completamente.","[]","[""Buchuhuí ratáraga nayuri. Enfermarse con mucha calentura""]","Buchuhuí ratáraga nayuri. Enfermarse con mucha calentura","SRC-02[20]","Autorizada para difusión","Pendiente de validación lingüística","Transcrito"
"RD-000329","tar","Buchuhuíana","Adv","Buchuhuíana","buchuhuiana","","Adv","En todas partes","[]","[]","","SRC-02[20]","Autorizada para difusión","Pendiente de validación lingüística","Transcrito"
"RD-000330","tar","buhué","Vt","1buhué","buhue","1","Vt","Esperar","[]","[""Echo'ná buhuichí nijeni mi buhuema. Allá, en el camino, te voy a esperar. Buhuesi! Imper pl éspérense!""]","Echo'ná buhuichí nijeni mi buhuema. Allá, en el camino, te voy a esperar. Buhuesi! Imper pl éspérense!","SRC-02[20]","Autorizada para difusión","Pendiente de validación lingüística","Transcrito"
"RD-000331","tar","buhué","S","2buhué","buhue","2","S","Camino","[]","[""Nijé buhuirá. Mi camino""]","Nijé buhuirá. Mi camino","SRC-02[20]","Autorizada para difusión","Pendiente de validación lingüística","Transcrito"
"RD-000332","tar","Bu'huí","Vi","Bu'huí","bu'hui","","Vi","Acostarse (solo)","[""pl.: bití; fut.: bu’huimea, bu’huibamina""]","[""Hui'rique rocogó ju; m a bu'huíbari. Es muy noche; ya se acostó. Pachá carírari bu'huí. Está acostado adentro de la casa. [pl.: bití; fut.: bu’huimea, bu’huibamina]""]","Hui'rique rocogó ju; m a bu'huíbari. Es muy noche; ya se acostó. Pachá carírari bu'huí. Está acostado adentro de la casa. [pl.: bití; fut.: bu’huimea, bu’huibamina]","SRC-02[20]","Autorizada para difusión","Pendiente de validación lingüística","Transcrito"
"RD-000333","tar","Buhuichí","","Buhuichí","buhuichi","","Sin clasificar","En el camino","[]","[""Buhuichí bu'huíbari biré ocó huaquichéami. Se cayó un pino seco en el camino.""]","Buhuichí bu'huíbari biré ocó huaquichéami. Se cayó un pino seco en el camino.","SRC-02[20]","Autorizada para difusión","Pendiente de validación lingüística","Transcrito"
"RD-000334","tar","Bu'huiba","Vi","Bu'huiba","bu'huiba","","Vi","1. Acostarse, caerse 2 . Echarse (un animal) 3. Derribarse (persona)","[""fut.: Bu'huibama""]","[""[fut.: Bu'huibama]""]","[fut.: Bu'huibama]","SRC-02[20]","Autorizada para difusión","Pendiente de validación lingüística","Transcrito"
"RD-000335","tar","Buhuigá","Vi","Buhuigá","buhuiga","","Vi","Estar esperando","[]","[""Pachá buhuigá muchiri. Adentro estaban sentados, esperando.""]","Pachá buhuigá muchiri. Adentro estaban sentados, esperando.","SRC-02[20]","Autorizada para difusión","Pendiente de validación lingüística","Transcrito"
"RD-000336","tar","Bu'huírasama","Vi","Bu'huírasama","bu'huirasama","","Vi","Tambalearse","[]","[]","","SRC-02[20]","Autorizada para difusión","Pendiente de validación lingüística","Transcrito"
"RD-000337","tar","Bujé","Vi","Bujé","buje","","Vi","Cobrar, quitar algo, multar","[]","[""Tami bujeri macoy peso. Me cobró diez pesos.""]","Tami bujeri macoy peso. Me cobró diez pesos.","SRC-02[20]","Autorizada para difusión","Pendiente de validación lingüística","Transcrito"
"RD-000338","tar","Buná","Vi","Buná","buna","","Vi","1. Agacharse 2. Inclinarse","[]","[]","","SRC-02[20]","Autorizada para difusión","Pendiente de validación lingüística","Transcrito"
"RD-000339","tar","Bunahua","Vt","Bunahua","bunahua","","Vt","Ladear, agachar, inclinar","[]","[]","","SRC-02[20]","Autorizada para difusión","Pendiente de validación lingüística","Transcrito"
"RD-000340","tar","Buqué","Vi sing","Buqué","buque","","Vi","Tener, poseer (animal)","[""pl.: pugué""]","[""Nijeni buqué biré huáasi. Yo tengo sóla una vaca.[pl.: pugué] Nijé bucura huáasi, mi vaca Nijé pugura huáasi, mis vacas""]","Nijeni buqué biré huáasi. Yo tengo sóla una vaca.[pl.: pugué] Nijé bucura huáasi, mi vaca Nijé pugura huáasi, mis vacas","SRC-02[20]","Autorizada para difusión","Pendiente de validación lingüística","Transcrito"
"RD-000341","tar","Burá","Vt","Burá","bura","","Vt","Hacer camino","[]","[""Pe huaminánomí ne huarú burama jena'í. Poco más allá van a hacer un camino grande""]","Pe huaminánomí ne huarú burama jena'í. Poco más allá van a hacer un camino grande","SRC-02[20]","Autorizada para difusión","Pendiente de validación lingüística","Transcrito"
"RD-000342","tar","Buré","Vi","Buré","bure","","Vi","Amarrar","[""fut.: buréma""]","[""Sonó burebo, vamos a amarrar manojos de astrojo. [fut.: buréma]""]","Sonó burebo, vamos a amarrar manojos de astrojo. [fut.: buréma]","SRC-02[20]","Autorizada para difusión","Pendiente de validación lingüística","Transcrito"
"RD-000343","tar","Bureri","","Bureri","bureri","","Sin clasificar","Manojo","[]","[""Biréana burí, una yunta (de bueyes)""]","Biréana burí, una yunta (de bueyes)","SRC-02[21]","Autorizada para difusión","Pendiente de validación lingüística","Transcrito"
"RD-000344","tar","Burira","Vt","Burira","burira","","Vt","Llevar preso","[""pp.: burirahuami""]","[""[pp.: burirahuami]""]","[pp.: burirahuami]","SRC-02[21]","Autorizada para difusión","Pendiente de validación lingüística","Transcrito"
"RD-000345","tar","Burito","S","Burito","burito","","S","Burro","[]","[]","","SRC-02[21]","Autorizada para difusión","Pendiente de validación lingüística","Transcrito"
"RD-000346","tar","Burú","Vi","Burú","buru","","Vi","Estar el camino (hacia e l lugar mencionado)","[""pret.: burúuri""]","[""¿cumi burú? ¿dónde está el camino? ¿Cum burú samichi? ¿donde está el camino hacia samachique? [pret.: burúuri]""]","¿cumi burú? ¿dónde está el camino? ¿Cum burú samichi? ¿donde está el camino hacia samachique? [pret.: burúuri]","SRC-02[21]","Autorizada para difusión","Pendiente de validación lingüística","Transcrito"
"RD-000347","tar","Burusáagá","","Burusáagá","burusaaga","","Sin clasificar","Condicional si le amarran","[]","[]","","SRC-02[21]","Autorizada para difusión","Pendiente de validación lingüística","Transcrito"
"RD-000348","tar","Burúuri","","Burúuri","buruuri","","Sin clasificar","[Pretérito de burú]","[]","[""Chabé echo'ná burúuri. Hace mucho había un camino allí.""]","Chabé echo'ná burúuri. Hace mucho había un camino allí.","SRC-02[21]","Autorizada para difusión","Pendiente de validación lingüística","Transcrito"
"RD-000349","tar","Busá","Vi","Busá","busa","","Vi","Despertarse","[""pret.: busuré; fut.: busuméa""]","[""Bi'yá bijini busureri. Muy temprano desperté. Ba'arí bi'yá nimí busurébanama. Mañana temprano te voy a despertar. [pret.: busuré; fut.: busuméa]""]","Bi'yá bijini busureri. Muy temprano desperté. Ba'arí bi'yá nimí busurébanama. Mañana temprano te voy a despertar. [pret.: busuré; fut.: busuméa]","SRC-02[21]","Autorizada para difusión","Pendiente de validación lingüística","Transcrito"
"RD-000350","tar","Busé","Vi","Busé","buse","","Vi","Tener ojos","[]","[]","","SRC-02[21]","Autorizada para difusión","Pendiente de validación lingüística","Transcrito"
"RD-000351","tar","Busí","S","Busí","busi","","S","Ojo","[]","[]","","SRC-02[21]","Autorizada para difusión","Pendiente de validación lingüística","Transcrito"
"RD-000352","tar","Busugachi","S","Busugachi","busugachi","","S","Ciego (Una persona a quien se le acabó completamente la vista)","[]","[]","","SRC-02[21]","Autorizada para difusión","Pendiente de validación lingüística","Transcrito"
"RD-000353","tar","Busurébana","Vt","Busurébana","busurebana","","Vt","Despertar","[]","[]","","SRC-02[21]","Autorizada para difusión","Pendiente de validación lingüística","Transcrito"
"RD-000354","tar","Butuhuí","Vi","Butuhuí","butuhui","","Vi","Hundirse","[]","[""Butuhuisa simí. Nadar debajo del agua""]","Butuhuisa simí. Nadar debajo del agua","SRC-02[21]","Autorizada para difusión","Pendiente de validación lingüística","Transcrito"
"RD-000355","tar","buyana","Vi pl","1buyana","buyana","1","Vi","Salir (animales del corral)","[""pret.: buyánari""]","[""[pret.: buyánari]""]","[pret.: buyánari]","SRC-02[21]","Autorizada para difusión","Pendiente de validación lingüística","Transcrito"
"RD-000356","tar","buyana","","2buyana","buyana","2","Sin clasificar","Enfermar (de viruela)","[]","[]","","SRC-02[21]","Autorizada para difusión","Pendiente de validación lingüística","Transcrito"
"RD-000357","tar","ca","Vi","1ca","ca","1","Vi","Llevar (en la mano)","[]","[""Ripiyá ca simiri. Se fue llevando un cuchillo.""]","Ripiyá ca simiri. Se fue llevando un cuchillo.","SRC-02[21]","Autorizada para difusión","Pendiente de validación lingüística","Transcrito"
"RD-000358","tar","ca","Vi","1ca","ca","1","Vi","Traer","[""pp: cami""]","[""Cusí ca nahuari. Llegó trayendo un palo. [pp: cami]""]","Cusí ca nahuari. Llegó trayendo un palo. [pp: cami]","SRC-02[21]","Autorizada para difusión","Pendiente de validación lingüística","Transcrito"
"RD-000359","tar","ca","Vi","2ca","ca","2","Vi","Hacer sombra","[]","[""Mujemi hue nayurú; nijeni cábatama. Tú estás muy enfermo; te voy a hacer sombra.""]","Mujemi hue nayurú; nijeni cábatama. Tú estás muy enfermo; te voy a hacer sombra.","SRC-02[21]","Autorizada para difusión","Pendiente de validación lingüística","Transcrito"
"RD-000360","tar","Carari","S","Carari","carari","","S","Sombra","[]","[]","","SRC-02[21]","Autorizada para difusión","Pendiente de validación lingüística","Transcrito"
"RD-000361","tar","Cáachi","Vi","Cáachi","caachi","","Vi","Ser","[]","[""Nijeni pe táa cáachi níiri. Yo era un poco chico. Ma ochérami cáachi mucumea. Ya que sea viejo, morirá. Siné cáachi. En otra ocasión, tal vez Táa cáachi. Siendo chico""]","Nijeni pe táa cáachi níiri. Yo era un poco chico. Ma ochérami cáachi mucumea. Ya que sea viejo, morirá. Siné cáachi. En otra ocasión, tal vez Táa cáachi. Siendo chico","SRC-02[21]","Autorizada para difusión","Pendiente de validación lingüística","Transcrito"
"RD-000362","tar","Caba","Vi","Caba","caba","","Vi","Estar bajo a la sombra","[]","[""Nijeni echo’ná ri’ré pachá cábama. Voy a estar allí, a la sombra.""]","Nijeni echo’ná ri’ré pachá cábama. Voy a estar allí, a la sombra.","SRC-02[21]","Autorizada para difusión","Pendiente de validación lingüística","Transcrito"
"RD-000363","tar","Cabí","Vt","Cabí","cabi","","Vt","Enrollar","[]","[""¡oserí cabí! ¡enrolla el papel! Biré cabítami. Un rollo largo, una pieza entera de manta""]","¡oserí cabí! ¡enrolla el papel! Biré cabítami. Un rollo largo, una pieza entera de manta","SRC-02[21]","Autorizada para difusión","Pendiente de validación lingüística","Transcrito"
"RD-000364","tar","Cabita","Vi","Cabita","cabita","","Vi","Rodarse (una cosa larga)","[]","[]","","SRC-02[21]","Autorizada para difusión","Pendiente de validación lingüística","Transcrito"
"RD-000365","tar","Cabítana","Vt","Cabítana","cabitana","","Vt","Rodar, envolver","[]","[]","","SRC-02[21]","Autorizada para difusión","Pendiente de validación lingüística","Transcrito"
"RD-000366","tar","Cabó","Vt","Cabó","cabo","","Vt","Enrollar en una bola (mecate)","[]","[""Mani cu cabori huiya. Ya enrollé el mecate.""]","Mani cu cabori huiya. Ya enrollé el mecate.","SRC-02[21]","Autorizada para difusión","Pendiente de validación lingüística","Transcrito"
"RD-000367","tar","Cabóchuhua","S","Cabóchuhua","cabochuhua","","S","Pantorrilla","[]","[""Nijé cabóchara. Mi pantorrilla.""]","Nijé cabóchara. Mi pantorrilla.","SRC-02[21]","Autorizada para difusión","Pendiente de validación lingüística","Transcrito"
"RD-000368","tar","Cabóochi","S","Cabóochi","caboochi","","S","1. Músculo (de la pierna o del brazo) 2. En la pantorilla","[]","[]","","SRC-02[22]","Autorizada para difusión","Pendiente de validación lingüística","Transcrito"
"RD-000369","tar","Cabora","Vi pl","Cabora","cabora","","Vi","Ser esféricos","[""sing.: capora""]","[""[sing.: capora] Cabórami. Esféricos""]","[sing.: capora] Cabórami. Esféricos","SRC-02[22]","Autorizada para difusión","Pendiente de validación lingüística","Transcrito"
"RD-000370","tar","Cabósari","S","Cabósari","cabosari","","S","Tecolote blanco (ave tamaño mediano), búho chico","[]","[]","","SRC-02[22]","Autorizada para difusión","Pendiente de validación lingüística","Transcrito"
"RD-000371","tar","Cabú","Adv","Cabú","cabu","","Adv","¿cuándo?","[]","[""¿cabú cu nahuari? ¿cuándo viniste? Quiríbuco. Adv ¿cuándo?""]","¿cabú cu nahuari? ¿cuándo viniste? Quiríbuco. Adv ¿cuándo?","SRC-02[22]","Autorizada para difusión","Pendiente de validación lingüística","Transcrito"
"RD-000372","tar","Cachagá","S","Cachagá","cachaga","","S","Cadera","[]","[]","","SRC-02[22]","Autorizada para difusión","Pendiente de validación lingüística","Transcrito"
"RD-000373","tar","cachí","Vi","1cachí","cachi","1","Vi","Escupir","[]","[""Ne huabé huaquicheri tambore. Gará níima cachípasa. El tambor se secó; sería bueno escupirlo. Cachipo. Vamos a escupir. Cachipa. Vi le escupe""]","Ne huabé huaquicheri tambore. Gará níima cachípasa. El tambor se secó; sería bueno escupirlo. Cachipo. Vamos a escupir. Cachipa. Vi le escupe","SRC-02[22]","Autorizada para difusión","Pendiente de validación lingüística","Transcrito"
"RD-000374","tar","cachí","Vi pl","2cachí","cachi","2","Vi","Reírse","[]","[]","","SRC-02[22]","Autorizada para difusión","Pendiente de validación lingüística","Transcrito"
"RD-000375","tar","Cachígachí","S","Cachígachí","cachigachi","","S","Cadera","[]","[""Hue ocó nijé cachigárachi. Me duele mucho una cadera. Nijé cachigara. Mi cadera. Nijé cachigárachi. En mi cadera.""]","Hue ocó nijé cachigárachi. Me duele mucho una cadera. Nijé cachigara. Mi cadera. Nijé cachigárachi. En mi cadera.","SRC-02[22]","Autorizada para difusión","Pendiente de validación lingüística","Transcrito"
"RD-000376","tar","Cachú","Vi","Cachú","cachu","","Vi","Arrugarse","[""pret.: cachuri""]","[""Chabeni rarari je'ná coyacha; ma cáraga cachuri. Hace tiempo compré este sombrero; ya se arrugó completamente [pret.: cachuri]""]","Chabeni rarari je'ná coyacha; ma cáraga cachuri. Hace tiempo compré este sombrero; ya se arrugó completamente [pret.: cachuri]","SRC-02[22]","Autorizada para difusión","Pendiente de validación lingüística","Transcrito"
"RD-000377","tar","Cachuna","Vt","Cachuna","cachuna","","Vt","Arrugar","[""pret.: cachúnari; pp.: cachúami""]","[""[pret.: cachúnari; pp.: cachúami]""]","[pret.: cachúnari; pp.: cachúami]","SRC-02[22]","Autorizada para difusión","Pendiente de validación lingüística","Transcrito"
"RD-000378","tar","Ca’huá","Vt","Ca’huá","ca'hua","","Vt","Poner huevos","[""fut.: ca'huaméa""]","[""Jipi quetasi te ca’huara, echi torí quetasi ca’huá. Ahora no hay huevos, las gallinas no ponen. [fut.: ca'huaméa] Torí ca'huara. S huevos de galina.""]","Jipi quetasi te ca’huara, echi torí quetasi ca’huá. Ahora no hay huevos, las gallinas no ponen. [fut.: ca'huaméa] Torí ca'huara. S huevos de galina.","SRC-02[22]","Autorizada para difusión","Pendiente de validación lingüística","Transcrito"
"RD-000379","tar","Cahué","S","Cahué","cahue","","S","Caballo","[]","[""Cahué acará.herradura. Cahué buquéami. Dueño del caballo. Cahué cho'orá. El hocico del caballo. Cahué huasira. La cola del caballo Cahué muquira. Yegua. Cahué ropara. Vientre del caballo.""]","Cahué acará.herradura. Cahué buquéami. Dueño del caballo. Cahué cho'orá. El hocico del caballo. Cahué huasira. La cola del caballo Cahué muquira. Yegua. Cahué ropara. Vientre del caballo.","SRC-02[22]","Autorizada para difusión","Pendiente de validación lingüística","Transcrito"
"RD-000380","tar","Ca'hué","Vi","Ca'hué","ca'hue","","Vi","Tener liendres","[""pret.: ca'huéari; fut.: ca'huérama""]","[""Hue ca'huéami ju mo'ochí. Tiene muchas liendres en la cabeza. [pret.: ca'huéari; fut.: ca'huérama]""]","Hue ca'huéami ju mo'ochí. Tiene muchas liendres en la cabeza. [pret.: ca'huéari; fut.: ca'huérama]","SRC-02[22]","Autorizada para difusión","Pendiente de validación lingüística","Transcrito"
"RD-000381","tar","Cahuera","Vt","Cahuera","cahuera","","Vt","Menospreciar, despreciar","[]","[""Echi rijoy quetasi tamí garé; chopi tamí cahuera. Ese hombre no me ama; solamente me desprecia.""]","Echi rijoy quetasi tamí garé; chopi tamí cahuera. Ese hombre no me ama; solamente me desprecia.","SRC-02[22]","Autorizada para difusión","Pendiente de validación lingüística","Transcrito"
"RD-000382","tar","cahuí","S","1cahuí","cahui","1","S","Monte, terreno, tierra, campo, mundo","[]","[""Iquecha mi cahuíi mapo’nami ichiméa? ¿no tienes tierra donde puedas sembrar? Cahuí ichihuáami. Tierra de cultivo. Cahuí pátami. Herencia de terrenos. Cahuíi. Vi tener tierra. Cahuichí. En el monte. Jena’í cahuírari. Este lugar. Nijé cahúíhuarachi. Mi tierra.""]","Iquecha mi cahuíi mapo’nami ichiméa? ¿no tienes tierra donde puedas sembrar? Cahuí ichihuáami. Tierra de cultivo. Cahuí pátami. Herencia de terrenos. Cahuíi. Vi tener tierra. Cahuichí. En el monte. Jena’í cahuírari. Este lugar. Nijé cahúíhuarachi. Mi tierra.","SRC-02[22-23]","Autorizada para difusión","Pendiente de validación lingüística","Transcrito"
"RD-000383","tar","cahuí","Vi","2cahuí","cahui","2","Vi","Aclarar (desaparecer las nubes)","[]","[""Ma cu cahuiri norí. Ya se desaparecieron las nubes. Cahuí simí. Está aclarando.""]","Ma cu cahuiri norí. Ya se desaparecieron las nubes. Cahuí simí. Está aclarando.","SRC-02[23]","Autorizada para difusión","Pendiente de validación lingüística","Transcrito"
"RD-000384","tar","Cahuíami","Adj","Cahuíami","cahuiami","","Adj","Claro, limpio, sereno (el cielo)","[]","[]","","SRC-02[23]","Autorizada para difusión","Pendiente de validación lingüística","Transcrito"
"RD-000385","tar","Cahúírachi","S","Cahúírachi","cahuirachi","","S","Piña de pino","[]","[""Ocó cahuíchara. Piña de la clase de pino que llaman ocó Huiyó cahuíchara.piña grande de la clase de pino que llaman Huiyó""]","Ocó cahuíchara. Piña de la clase de pino que llaman ocó Huiyó cahuíchara.piña grande de la clase de pino que llaman Huiyó","SRC-02[23]","Autorizada para difusión","Pendiente de validación lingüística","Transcrito"
"RD-000386","tar","Cahuisori","S","Cahuisori","cahuisori","","S","Cobija","[""véase quimá""]","[""Vease quimá""]","Vease quimá","SRC-02[23]","Autorizada para difusión","Pendiente de validación lingüística","Transcrito"
"RD-000387","tar","Cajé","S","Cajé","caje","","S","Café","[]","[""Cajé rachirá. Heces del café.""]","Cajé rachirá. Heces del café.","SRC-02[23]","Autorizada para difusión","Pendiente de validación lingüística","Transcrito"
"RD-000388","tar","Cajera","S","Cajera","cajera","","S","Cáscara delgada, vaina","[]","[""Bachí cajera. Cáscara de calabaza Masana cajera. Cáscara de manzana. Muní cajera.vaina de frijol. Narasi cajera. Cáscara de naranja Ocó cajera. Cáscara de pino.""]","Bachí cajera. Cáscara de calabaza Masana cajera. Cáscara de manzana. Muní cajera.vaina de frijol. Narasi cajera. Cáscara de naranja Ocó cajera. Cáscara de pino.","SRC-02[23]","Autorizada para difusión","Pendiente de validación lingüística","Transcrito"
"RD-000389","tar","Cajuí","Vi","Cajuí","cajui","","Vi","Derribarse (una trinchera)","[""fut.: cajuima""]","[""[fut.: cajuima]""]","[fut.: cajuima]","SRC-02[23]","Autorizada para difusión","Pendiente de validación lingüística","Transcrito"
"RD-000390","tar","Cajuina","Vt","Cajuina","cajuina","","Vt","Derribar","[]","[]","","SRC-02[23]","Autorizada para difusión","Pendiente de validación lingüística","Transcrito"
"RD-000391","tar","Ca'marota","Vi","Ca'marota","ca'marota","","Vi","Ampollarse","[]","[""Hue nóchari nijé ocó mitée; ma ca'marótari sicachí. Trabajé mucho tumbando pinos; ya se ampollaron mis manos.""]","Hue nóchari nijé ocó mitée; ma ca'marótari sicachí. Trabajé mucho tumbando pinos; ya se ampollaron mis manos.","SRC-02[23]","Autorizada para difusión","Pendiente de validación lingüística","Transcrito"
"RD-000392","tar","Cameri","Vi fut","Cameri","cameri","","Vi","Ser bueno","[]","[""Que simisá cameri. Sería bueno que no fuera.""]","Que simisá cameri. Sería bueno que no fuera.","SRC-02[23]","Autorizada para difusión","Pendiente de validación lingüística","Transcrito"
"RD-000393","tar","Ca'mí","Vi","Ca'mí","ca'mi","","Vi","Caerse (un poste o un pino)","[]","[""Ca'mí aquibi. Se cayó.""]","Ca'mí aquibi. Se cayó.","SRC-02[23]","Autorizada para difusión","Pendiente de validación lingüística","Transcrito"
"RD-000394","tar","Camí","Vi","Camí","cami","","Vi","Encarrujarse, torcerse","[]","[""Ma camiri pelota; auchéchoco upúchamani. Ya se encarrujó la pelota; voy a echarle aire. Echo'ná rayénarachi huaminá camiri oserí. Se encarrujó el papel por el sol. Caminí. Está encarrujándose Camíami. encarrujado, aplastado""]","Ma camiri pelota; auchéchoco upúchamani. Ya se encarrujó la pelota; voy a echarle aire. Echo'ná rayénarachi huaminá camiri oserí. Se encarrujó el papel por el sol. Caminí. Está encarrujándose Camíami. encarrujado, aplastado","SRC-02[23]","Autorizada para difusión","Pendiente de validación lingüística","Transcrito"
"RD-000395","tar","Cami","Adj","Cami","cami","","Adj","Extraordinario","[]","[]","","SRC-02[23]","Autorizada para difusión","Pendiente de validación lingüística","Transcrito"
"RD-000396","tar","Ca'mina","Vt","Ca'mina","ca'mina","","Vt","Tumbar","[""fut.: ca'minama""]","[""[fut.: ca'minama]""]","[fut.: ca'minama]","SRC-02[23]","Autorizada para difusión","Pendiente de validación lingüística","Transcrito"
"RD-000397","tar","Camina","Vt","Camina","camina","","Vt","Apretar, estrangular (con las manos)","[]","[]","","SRC-02[23]","Autorizada para difusión","Pendiente de validación lingüística","Transcrito"
"RD-000398","tar","Ca'mocha","Vi","Ca'mocha","ca'mocha","","Vi","Hincharse la cara","[]","[""Banachí ca'móchari. Se le hinchó la mejilla""]","Banachí ca'móchari. Se le hinchó la mejilla","SRC-02[23]","Autorizada para difusión","Pendiente de validación lingüística","Transcrito"
"RD-000399","tar","Ca'moché","Vi","Ca'moché","ca'moche","","Vi","Taparse la garganta (cuando se come algo seco)","[]","[]","","SRC-02[23]","Autorizada para difusión","Pendiente de validación lingüística","Transcrito"
"RD-000400","tar","Campori","S","Campori","campori","","S","Tambor (se usa en la Semana Santa)","[]","[""Huicabé campori anini. Se oyen muchos tambores.""]","Huicabé campori anini. Se oyen muchos tambores.","SRC-02[23]","Autorizada para difusión","Pendiente de validación lingüística","Transcrito"
"RD-000401","tar","Ca'muchí","Vi","Ca'muchí","ca'muchi","","Vi","Maíz para hacer palomitas","[]","[]","","SRC-02[23]","Autorizada para difusión","Pendiente de validación lingüística","Transcrito"
"RD-000402","tar","Ca'muchita","Vt","Ca'muchita","ca'muchita","","Vt","Hacer palomitas (tostando el maíz)","[]","[]","","SRC-02[23]","Autorizada para difusión","Pendiente de validación lingüística","Transcrito"
"RD-000403","tar","Canajeca simí","Vi","Canajeca simí","canajeca simi","","Vi","Flotar","[]","[]","","SRC-02[23]","Autorizada para difusión","Pendiente de validación lingüística","Transcrito"
"RD-000404","tar","Canápuromí","Adv","Canápuromí","canapuromi","","Adv","En muchas partes, en dondequiera","[]","[""Canápuromí piréami cúrohui ma gará machí oserí 'néniya. Los niños de muchas partes ya saben leer.""]","Canápuromí piréami cúrohui ma gará machí oserí 'néniya. Los niños de muchas partes ya saben leer.","SRC-02[24]","Autorizada para difusión","Pendiente de validación lingüística","Transcrito"
"RD-000405","tar","Cánari","S","Cánari","canari","","S","Guacamaya, perico","[]","[""Ma 'ne cuhuésachi, hue 'yena echi cánari. En la primavera hay (andan) Muchas guacamayas.""]","Ma 'ne cuhuésachi, hue 'yena echi cánari. En la primavera hay (andan) Muchas guacamayas.","SRC-02[24]","Autorizada para difusión","Pendiente de validación lingüística","Transcrito"
"RD-000406","tar","Canira","Vi","Canira","canira","","Vi","Alegrarse, complacerse","[]","[]","","SRC-02[24]","Autorizada para difusión","Pendiente de validación lingüística","Transcrito"
"RD-000407","tar","Canírata","Vt","Canírata","canirata","","Vt","Complacer, contentar, regocijar","[]","[]","","SRC-02[24]","Autorizada para difusión","Pendiente de validación lingüística","Transcrito"
"RD-000408","tar","Caniri","Vi","Caniri","caniri","","Vi","Estar contento, estar feliz","[""pret.: caníiri; fut.: canírama""]","[""[pret.: caníiri; fut.: canírama] Caníriga. Con mucho gusto. Canírini. Me dio gusto.""]","[pret.: caníiri; fut.: canírama] Caníriga. Con mucho gusto. Canírini. Me dio gusto.","SRC-02[24]","Autorizada para difusión","Pendiente de validación lingüística","Transcrito"
"RD-000409","tar","Ca'ó","Adv","Ca'ó","ca'o","","Adv","Arriba por el arroyo","[]","[""Mi ca'ónani bité. Vivo arriba, por el arroyo. Ca'ona na'rí ju. Es para arriba, en el arroyo. Ca'ona. Para arriba en el arroyo.""]","Mi ca'ónani bité. Vivo arriba, por el arroyo. Ca'ona na'rí ju. Es para arriba, en el arroyo. Ca'ona. Para arriba en el arroyo.","SRC-02[24]","Autorizada para difusión","Pendiente de validación lingüística","Transcrito"
"RD-000410","tar","Capaneri","S","Capaneri","capaneri","","S","Campana","[]","[]","","SRC-02[24]","Autorizada para difusión","Pendiente de validación lingüística","Transcrito"
"RD-000411","tar","Capilata","Vi","Capilata","capilata","","Vi","Rodarse (una cosa larga, como un tronco)","[]","[]","","SRC-02[24]","Autorizada para difusión","Pendiente de validación lingüística","Transcrito"
"RD-000412","tar","Capira","Vi","Capira","capira","","Vi","Estar cilíndrico","[]","[]","","SRC-02[24]","Autorizada para difusión","Pendiente de validación lingüística","Transcrito"
"RD-000413","tar","Capírahua","Vi","Capírahua","capirahua","","Vi","Hacer cilíndrico","[""pret.: capíranari; fut.: capíranama""]","[""[pret.: capíranari; fut.: capíranama]""]","[pret.: capíranari; fut.: capíranama]","SRC-02[24]","Autorizada para difusión","Pendiente de validación lingüística","Transcrito"
"RD-000414","tar","Capíiri","","Capíiri","capiiri","","Sin clasificar","Se hizo cilíndrico","[]","[]","","SRC-02[24]","Autorizada para difusión","Pendiente de validación lingüística","Transcrito"
"RD-000415","tar","Capírami","Adj","Capírami","capirami","","Adj","Cilíndrico","[]","[]","","SRC-02[24]","Autorizada para difusión","Pendiente de validación lingüística","Transcrito"
"RD-000416","tar","Capirátana","Vt","Capirátana","capiratana","","Vt","Hacer rodar (una cosa larga, como un tronco)","[]","[""Capirata simí. Rueda un trozo""]","Capirata simí. Rueda un trozo","SRC-02[24]","Autorizada para difusión","Pendiente de validación lingüística","Transcrito"
"RD-000417","tar","Capitani","S","Capitani","capitani","","S","Capitán","[]","[""Queni capitánahua. Mi capitán. Nijé capitánahuara. Mi capitán.""]","Queni capitánahua. Mi capitán. Nijé capitánahuara. Mi capitán.","SRC-02[24]","Autorizada para difusión","Pendiente de validación lingüística","Transcrito"
"RD-000418","tar","Capó","Vi","Capó","capo","","Vi","1. Quebrarse (una cosa larga) 2. Inflarse","[]","[]","","SRC-02[24]","Autorizada para difusión","Pendiente de validación lingüística","Transcrito"
"RD-000419","tar","Capona","Vt","Capona","capona","","Vt","1. Quebrar 2. Desgajar 3. Inflar","[]","[]","","SRC-02[24]","Autorizada para difusión","Pendiente de validación lingüística","Transcrito"
"RD-000420","tar","Capora","Vi sing","Capora","capora","","Vi","Ser esférico","[""pl: cabora""]","[""Que ‘me capórami ju comácari. No está muy esférica la bola de madera. [pl: cabora]""]","Que ‘me capórami ju comácari. No está muy esférica la bola de madera. [pl: cabora]","SRC-02[24]","Autorizada para difusión","Pendiente de validación lingüística","Transcrito"
"RD-000421","tar","Capíramo","Adj","Capíramo","capiramo","","Adj","Esférico","[]","[]","","SRC-02[24]","Autorizada para difusión","Pendiente de validación lingüística","Transcrito"
"RD-000422","tar","Capórahua","Vt","Capórahua","caporahua","","Vt","Hacer esférico","[]","[""Capórana. Hacerse una bola""]","Capórana. Hacerse una bola","SRC-02[24]","Autorizada para difusión","Pendiente de validación lingüística","Transcrito"
"RD-000423","tar","Capósi","S","Capósi","caposi","","S","Chilicote (Un árbol de barranca que tiene semillas rojas, se piensa que son venenosas)","[]","[]","","SRC-02[24]","Autorizada para difusión","Pendiente de validación lingüística","Transcrito"
"RD-000424","tar","Capota","Vi","Capota","capota","","Vi","Inflamarse, hincharse (tortilla)","[]","[]","","SRC-02[24]","Autorizada para difusión","Pendiente de validación lingüística","Transcrito"
"RD-000425","tar","Capótami","Adj","Capótami","capotami","","Adj","Inflado, hinchado","[]","[]","","SRC-02[24]","Autorizada para difusión","Pendiente de validación lingüística","Transcrito"
"RD-000426","tar","Cara","Adv","Cara","cara","","Adv","Completamente","[]","[""Cara mojuánari. La quebró en pedazos completamente (una olla). Cara chaquena a’huasá. Desbaratar Cara mojuana. Desmoronar.""]","Cara mojuánari. La quebró en pedazos completamente (una olla). Cara chaquena a’huasá. Desbaratar Cara mojuana. Desmoronar.","SRC-02[24]","Autorizada para difusión","Pendiente de validación lingüística","Transcrito"
"RD-000427","tar","Cárabá","","Cárabá","caraba","","Sin clasificar","Por nada","[]","[]","","SRC-02[24]","Autorizada para difusión","Pendiente de validación lingüística","Transcrito"
"RD-000428","tar","Carabina","S esp","Carabina","carabina","","S","Arma, rifle","[]","[]","","SRC-02[24]","Autorizada para difusión","Pendiente de validación lingüística","Transcrito"
"RD-000429","tar","Cáraca","Adv","Cáraca","caraca","","Adv","1. Completamente. 2. De todas clases","[]","[""¡Cáraca mojoná! ¡quiébralo completamente! Cáraca níhuami. Tengo de todas clases.""]","¡Cáraca mojoná! ¡quiébralo completamente! Cáraca níhuami. Tengo de todas clases.","SRC-02[25]","Autorizada para difusión","Pendiente de validación lingüística","Transcrito"
"RD-000430","tar","Ca’rara","Vt","Ca’rara","ca'rara","","Vt","Mejorar","[]","[""Véase a´lara""]","Véase a´lara","SRC-02[25]","Autorizada para difusión","Pendiente de validación lingüística","Transcrito"
"RD-000431","tar","Cárari","S","Cárari","carari","","S","Sombra","[]","[""Ri’ré pachá masántari cárari bu’huiri. Debajo del manzano hay sombra.""]","Ri’ré pachá masántari cárari bu’huiri. Debajo del manzano hay sombra.","SRC-02[25]","Autorizada para difusión","Pendiente de validación lingüística","Transcrito"
"RD-000432","tar","Caré","Vi","1Caré","care","1","Vi","Parecerse","[""pret: carihuérari; fut: carihuérama""]","[""Ne gará chabochi carihuérama. Va a parecerse a los mestizos. [pret: carihuérari; fut: carihuérama]""]","Ne gará chabochi carihuérama. Va a parecerse a los mestizos. [pret: carihuérari; fut: carihuérama]","SRC-02[25]","Autorizada para difusión","Pendiente de validación lingüística","Transcrito"
"RD-000433","tar","Caré","Vt","2Caré","care","2","Vt","Amar, tener cariño","[]","[""Échi tohuí ne huabé caré binoy iyera. Ese niño ama mucho a su mamá. Véase garé. Carigá. Amándole. Carécahuami. Amado.""]","Échi tohuí ne huabé caré binoy iyera. Ese niño ama mucho a su mamá. Véase garé. Carigá. Amándole. Carécahuami. Amado.","SRC-02[25]","Autorizada para difusión","Pendiente de validación lingüística","Transcrito"
"RD-000434","tar","Caréami","Adj","Caréami","careami","","Adj","Amable","[]","[]","","SRC-02[25]","Autorizada para difusión","Pendiente de validación lingüística","Transcrito"
"RD-000435","tar","Ca’rí","Vi","Ca’rí","ca'ri","","Vi","Quebrarse (un palo)","[]","[""ripurá cusirá ma ca’riri. El mango del hacha ya se quebró. Ca’riní. Está quebrándose.""]","ripurá cusirá ma ca’riri. El mango del hacha ya se quebró. Ca’riní. Está quebrándose.","SRC-02[25]","Autorizada para difusión","Pendiente de validación lingüística","Transcrito"
"RD-000436","tar","Carí","S","Carí","cari","","S","Casa","[]","[""Nijé carira. Mi casa. Carí níhuami. amo de la casa. Carírari. En la casa, entre las casas. Carichí. En la casa.""]","Nijé carira. Mi casa. Carí níhuami. amo de la casa. Carírari. En la casa, entre las casas. Carichí. En la casa.","SRC-02[25]","Autorizada para difusión","Pendiente de validación lingüística","Transcrito"
"RD-000437","tar","Cari ju","","Cari ju","cari ju","","Sin clasificar","Es todo, estpa completo.","[]","[]","","SRC-02[25]","Autorizada para difusión","Pendiente de validación lingüística","Transcrito"
"RD-000438","tar","Carihua","Vi","Carihua","carihua","","Vi","Tener casa","[""pret: caríiri; pp.: caríhuami; fut.: caríiri; pp.: caríhuami; fut.: caríima""]","[""[pret: caríiri; pp.: caríhuami; fut.: caríiri; pp.: caríhuami; fut.: caríima]""]","[pret: caríiri; pp.: caríhuami; fut.: caríiri; pp.: caríhuami; fut.: caríima]","SRC-02[25]","Autorizada para difusión","Pendiente de validación lingüística","Transcrito"
"RD-000439","tar","Carihué","Vt","Carihué","carihue","","Vt","1. Arreglar 2. Alzar","[]","[]","","SRC-02[25]","Autorizada para difusión","Pendiente de validación lingüística","Transcrito"
"RD-000440","tar","Carihuérami","","Carihuérami","carihuerami","","Sin clasificar","Listo, arreglado","[]","[]","","SRC-02[25]","Autorizada para difusión","Pendiente de validación lingüística","Transcrito"
"RD-000441","tar","Ca’rina","Vt","Ca’rina","ca'rina","","Vt","Quebrar","[]","[""Ca’rígami. pp.: quebrado Ca’riná. imper.: ¡quiébralo!""]","Ca’rígami. pp.: quebrado Ca’riná. imper.: ¡quiébralo!","SRC-02[25]","Autorizada para difusión","Pendiente de validación lingüística","Transcrito"
"RD-000442","tar","Carirá","Vt","Carirá","carira","","Vt","Hacer o construir una casa","[]","[]","","SRC-02[25]","Autorizada para difusión","Pendiente de validación lingüística","Transcrito"
"RD-000443","tar","Carisí","S","Carisí","carisi","","S","Tipo de calabacilla (planta)","[]","[]","","SRC-02[25]","Autorizada para difusión","Pendiente de validación lingüística","Transcrito"
"RD-000444","tar","Carú","Vt","1Carú","caru","1","Vt","Llevar en la espalda (un niño).","[]","[""Caruta. Vt llevar (abrazado o en la espalda), cuidar (un niño).""]","Caruta. Vt llevar (abrazado o en la espalda), cuidar (un niño).","SRC-02[25]","Autorizada para difusión","Pendiente de validación lingüística","Transcrito"
"RD-000445","tar","Carú","Adv","2Carú","caru","2","Adv","De otro modo","[]","[""Carú ané. Habla chistoso, habla malas cosas. Hue carúsahua aníami ju. Habla chistoso para que los otros se rían.""]","Carú ané. Habla chistoso, habla malas cosas. Hue carúsahua aníami ju. Habla chistoso para que los otros se rían.","SRC-02[25]","Autorizada para difusión","Pendiente de validación lingüística","Transcrito"
"RD-000446","tar","Caruchi","S esp","Caruchi","caruchi","","S","Carrete (de hilo de algodón)","[]","[]","","SRC-02[25]","Autorizada para difusión","Pendiente de validación lingüística","Transcrito"
"RD-000447","tar","Carúmati","Adj","Carúmati","carumati","","Adj","De todas clases","[]","[""Carúmati namuti. Cosas de todas clases.""]","Carúmati namuti. Cosas de todas clases.","SRC-02[25]","Autorizada para difusión","Pendiente de validación lingüística","Transcrito"
"RD-000448","tar","Carúsuhua ané","","Carúsuhua ané","carusuhua ane","","Sin clasificar","Chancear, charlar","[]","[]","","SRC-02[25]","Autorizada para difusión","Pendiente de validación lingüística","Transcrito"
"RD-000449","tar","Casabi","S","Casabi","casabi","","S","Capulín (arbusto o árbol)","[]","[]","","SRC-02[25]","Autorizada para difusión","Pendiente de validación lingüística","Transcrito"
"RD-000450","tar","Casará","S","Casará","casara","","S","Zacate, hierba del campo, pasto","[]","[""Casaréachi. Donde hay zacate. Casarátari. En el zacate.""]","Casaréachi. Donde hay zacate. Casarátari. En el zacate.","SRC-02[25]","Autorizada para difusión","Pendiente de validación lingüística","Transcrito"
"RD-000451","tar","Casaré","Vi","Casaré","casare","","Vi","Haber zacate","[]","[]","","SRC-02[25]","Autorizada para difusión","Pendiente de validación lingüística","Transcrito"
"RD-000452","tar","Casé: que casé","","Casé: que casé","case: que case","","Sin clasificar","Ninguna parte","[]","[""Que casé siméami. No iré a ninguna parte.""]","Que casé siméami. No iré a ninguna parte.","SRC-02[26]","Autorizada para difusión","Pendiente de validación lingüística","Transcrito"
"RD-000453","tar","Casí","Vi","1Casí","casi","1","Vi","Quebrarse, hacerse pedazos","[]","[]","","SRC-02[26]","Autorizada para difusión","Pendiente de validación lingüística","Transcrito"
"RD-000454","tar","Casí","S","2Casí","casi","2","S","Pierna, muslo","[]","[""Nijé casira. Mi pierna. Casichí. En la pierna.""]","Nijé casira. Mi pierna. Casichí. En la pierna.","SRC-02[26]","Autorizada para difusión","Pendiente de validación lingüística","Transcrito"
"RD-000455","tar","Casibacha","S","Casibacha","casibacha","","S","Pantalón, calzones","[]","[""Casibáchami. que lleva pantalones.""]","Casibáchami. que lleva pantalones.","SRC-02[26]","Autorizada para difusión","Pendiente de validación lingüística","Transcrito"
"RD-000456","tar","Casimóbachi","","Casimóbachi","casimobachi","","Sin clasificar","En el regazo","[]","[]","","SRC-02[26]","Autorizada para difusión","Pendiente de validación lingüística","Transcrito"
"RD-000457","tar","Casimochi","S, adj","Casimochi","casimochi","","S","Cojo, rengo, sin pierna","[]","[]","","SRC-02[26]","Autorizada para difusión","Pendiente de validación lingüística","Transcrito"
"RD-000458","tar","Casina","Vt","Casina","casina","","Vt","Quebrar [pp.: casíami]","[]","[]","","SRC-02[26]","Autorizada para difusión","Pendiente de validación lingüística","Transcrito"
"RD-000459","tar","Casó","S","Casó","caso","","S","Ubre","[]","[]","","SRC-02[26]","Autorizada para difusión","Pendiente de validación lingüística","Transcrito"
"RD-000460","tar","Castigo 'ya","Vi","Castigo 'ya","castigo 'ya","","Vi","Dar castigo","[]","[]","","SRC-02[26]","Autorizada para difusión","Pendiente de validación lingüística","Transcrito"
"RD-000461","tar","Casú","Vi","Casú","casu","","Vi","Bajarse (del monte, el sol un poco)","[]","[]","","SRC-02[26]","Autorizada para difusión","Pendiente de validación lingüística","Transcrito"
"RD-000462","tar","Casuhua","Vt","Casuhua","casuhua","","Vt","Limpiar (frijol o grano seco)","[]","[]","","SRC-02[26]","Autorizada para difusión","Pendiente de validación lingüística","Transcrito"
"RD-000463","tar","Casuna","Vi","Casuna","casuna","","Vi","Bajar del monte","[""fut.: casunama""]","[""[fut.: casunama]""]","[fut.: casunama]","SRC-02[26]","Autorizada para difusión","Pendiente de validación lingüística","Transcrito"
"RD-000464","tar","Catá","S","Catá","cata","","S","s arco","[]","[]","","SRC-02[26]","Autorizada para difusión","Pendiente de validación lingüística","Transcrito"
"RD-000465","tar","Catehua","Vt","Catehua","catehua","","Vt","1. alzar 2. guardar. fut.: catihuama]","[]","[]","","SRC-02[26]","Autorizada para difusión","Pendiente de validación lingüística","Transcrito"
"RD-000466","tar","Catehuárami","Adj","Catehuárami","catehuarami","","Adj","Alzado","[]","[]","","SRC-02[26]","Autorizada para difusión","Pendiente de validación lingüística","Transcrito"
"RD-000467","tar","Cayaga asíbari","Vi pret","Cayaga asíbari","cayaga asibari","","Vi","Sentarse en cuclillas","[]","[]","","SRC-02[26]","Autorizada para difusión","Pendiente de validación lingüística","Transcrito"
"RD-000468","tar","Cayahui","Vt","Cayahui","cayahui","","Vt","Levantar cajón. Cayahui, levantar la caja (para volver a ponerla en el mismo lugar), levantar (maíz).","[]","[]","","SRC-02[26]","Autorizada para difusión","Pendiente de validación lingüística","Transcrito"
"RD-000469","tar","Ca'yé","Adv","Ca'yé","ca'ye","","Adv","Donde se llega después de atravesar varios arroyos","[]","[""Ca'yena, por el faldeo.""]","Ca'yena, por el faldeo.","SRC-02[26]","Autorizada para difusión","Pendiente de validación lingüística","Transcrito"
"RD-000470","tar","Cayena","Vt","Cayena","cayena","","Vt","1. terminar, levantar 2. cosechar","[]","[""¿Macha mi cayénari carí nihuayá?, ¿Ya acabaste de levantar la casa? Jipi bamíbari gará cayenama sunú, Este año se levantará (cosechará) bien el maíz.""]","¿Macha mi cayénari carí nihuayá?, ¿Ya acabaste de levantar la casa? Jipi bamíbari gará cayenama sunú, Este año se levantará (cosechará) bien el maíz.","SRC-02[26]","Autorizada para difusión","Pendiente de validación lingüística","Transcrito"
"RD-000471","tar","Ca'yénahua","Vi","Ca'yénahua","ca'yenahua","","Vi","Atravesar, poner atravesado","[]","[]","","SRC-02[26]","Autorizada para difusión","Pendiente de validación lingüística","Transcrito"
"RD-000472","tar","co","Vi","1co","co","1","Vi","Ser (Cuando uno dice: Echirigá ju. Así es. El otro contesta: Echirigá co. Así es.)","[]","[]","","SRC-02[26]","Autorizada para difusión","Pendiente de validación lingüística","Transcrito"
"RD-000473","tar","co","Vi","2co","co","2","Vi","Picar (chile) Echi co'huáami huabé cóori. Ésa comida estaba muy picante. [pret: cóori; fut.: córama]","[]","[]","","SRC-02[26]","Autorizada para difusión","Pendiente de validación lingüística","Transcrito"
"RD-000474","tar","Cóami","Adj","Cóami","coami","","Adj","Picante","[]","[]","","SRC-02[26]","Autorizada para difusión","Pendiente de validación lingüística","Transcrito"
"RD-000475","tar","Cobá","Vi","Cobá","coba","","Vi","Enchilar (comiendo chile)","[]","[""Nijeni cobari, corí co'yá. Me enchilé, porque comí chile.""]","Nijeni cobari, corí co'yá. Me enchilé, porque comí chile.","SRC-02[26]","Autorizada para difusión","Pendiente de validación lingüística","Transcrito"
"RD-000476","tar","Cobata","Vt","Cobata","cobata","","Vt","Enchilar a otra persona (dándole chile)","[]","[]","","SRC-02[26]","Autorizada para difusión","Pendiente de validación lingüística","Transcrito"
"RD-000477","tar","Cobí","Vi","Cobí","cobi","","Vi","Comer pinole seco","[]","[""Jena'í buhuechí pée cobímani, mapujiti tasi te ba'huí. Aquí en el camino voy a comer un poco de pinole seco porque no hay agua.""]","Jena'í buhuechí pée cobímani, mapujiti tasi te ba'huí. Aquí en el camino voy a comer un poco de pinole seco porque no hay agua.","SRC-02[26]","Autorizada para difusión","Pendiente de validación lingüística","Transcrito"
"RD-000478","tar","Cobira","Vi","Cobira","cobira","","Vi","Hacer pinole","[]","[""Echi muquí pe ocuáa cobírama. Esa mujer va a hacer un poco de pinole.""]","Echi muquí pe ocuáa cobírama. Esa mujer va a hacer un poco de pinole.","SRC-02[26]","Autorizada para difusión","Pendiente de validación lingüística","Transcrito"
"RD-000479","tar","Cobisi","S","Cobisi","cobisi","","S","Pinole","[]","[]","","SRC-02[27]","Autorizada para difusión","Pendiente de validación lingüística","Transcrito"
"RD-000480","tar","Coché","Vi","Coché","coche","","Vi","Ahogarse (por alguna cosa en la garganta)","[]","[""Nijeni cocheri, biré ochirá jiti. Me ahogaba con un hueso.""]","Nijeni cocheri, biré ochirá jiti. Me ahogaba con un hueso.","SRC-02[27]","Autorizada para difusión","Pendiente de validación lingüística","Transcrito"
"RD-000481","tar","Cochí","S","1Cochí","cochi","1","S","Perro","[]","[""Hue jo cochí na'ibi. Hay muchos perros aquí. Cochí huarira, rabo del perro. Cochí sutura, pezuñas del perro. Cochí yóchani, el perro gruñe.""]","Hue jo cochí na'ibi. Hay muchos perros aquí. Cochí huarira, rabo del perro. Cochí sutura, pezuñas del perro. Cochí yóchani, el perro gruñe.","SRC-02[27]","Autorizada para difusión","Pendiente de validación lingüística","Transcrito"
"RD-000482","tar","Cochí","S","2Cochí","cochi","2","S","Hermana mayor","[]","[""Nijé cochirá, mi hermana mayor. Cochirúami, pp.: que es la hermana mayor.""]","Nijé cochirá, mi hermana mayor. Cochirúami, pp.: que es la hermana mayor.","SRC-02[27]","Autorizada para difusión","Pendiente de validación lingüística","Transcrito"
"RD-000483","tar","Cochí","Vi sing","3Cochí","cochi","3","Vi","Dormir","[""pp.: cochíami; pl: ocochi""]","[""Cochisáa gará níima, sería bueno dormir. [pp.: cochíami; pl: ocochi]""]","Cochisáa gará níima, sería bueno dormir. [pp.: cochíami; pl: ocochi]","SRC-02[27]","Autorizada para difusión","Pendiente de validación lingüística","Transcrito"
"RD-000484","tar","Cochi, cohuí","S esp","Cochi, cohuí","cochi, cohui","","S","Marrano","[""cohuí""]","[]","","SRC-02[27]","Autorizada para difusión","Pendiente de validación lingüística","Transcrito"
"RD-000485","tar","Cochinari","Vi","Cochinari","cochinari","","Vi","Tener sueño, querer dormir","[]","[]","","SRC-02[27]","Autorizada para difusión","Pendiente de validación lingüística","Transcrito"
"RD-000486","tar","Cochíhuara","S","Cochíhuara","cochihuara","","S","Ceja","[]","[""Nijé cochírahuara, mis cejas""]","Nijé cochírahuara, mis cejas","SRC-02[27]","Autorizada para difusión","Pendiente de validación lingüística","Transcrito"
"RD-000487","tar","Cochírata","Vt","Cochírata","cochirata","","Vt","Adormecer, hacer dormir","[]","[]","","SRC-02[27]","Autorizada para difusión","Pendiente de validación lingüística","Transcrito"
"RD-000488","tar","Cohua","Vt","Cohua","cohua","","Vt","Dar de comer","[]","[""Que cóhuasa milomiré, si no se les da de comer, se van a desmayar. Rimé cóhuari, muní yuhua, le dio de comer tortillas con frijoles.""]","Que cóhuasa milomiré, si no se les da de comer, se van a desmayar. Rimé cóhuari, muní yuhua, le dio de comer tortillas con frijoles.","SRC-02[27]","Autorizada para difusión","Pendiente de validación lingüística","Transcrito"
"RD-000489","tar","Co'huá","Vi","Co'huá","co'hua","","Vi","Comer","[""pret.: co'huari; fut.: copoa, co'mea; pp.: co'huéami""]","[""[pret.: co'huari; fut.: copoa, co'mea; pp.: co'huéami] Co 'huáhuachi, en el tiempo de comer. Cosísiya, a comer.""]","[pret.: co'huari; fut.: copoa, co'mea; pp.: co'huéami] Co 'huáhuachi, en el tiempo de comer. Cosísiya, a comer.","SRC-02[27]","Autorizada para difusión","Pendiente de validación lingüística","Transcrito"
"RD-000490","tar","Co'huáami","S","Co'huáami","co'huaami","","S","Alimento, comida","[]","[]","","SRC-02[27]","Autorizada para difusión","Pendiente de validación lingüística","Transcrito"
"RD-000491","tar","Cohuara [variante de corá]","S","1Cohuara [variante de corá]","cohuara [variante de cora]","1","S","Frente","[]","[""Cohuárachi si’rúami, frente arrugada. Nijé cohuara, mi frente. Nijé cohuárachi, en mi frente.""]","Cohuárachi si’rúami, frente arrugada. Nijé cohuara, mi frente. Nijé cohuárachi, en mi frente.","SRC-02[27]","Autorizada para difusión","Pendiente de validación lingüística","Transcrito"
"RD-000492","tar","Cohuara","S","2Cohuara","cohuara","2","S","Cuajo (lo que se echa a la lecha para hacer queso)","[]","[]","","SRC-02[27]","Autorizada para difusión","Pendiente de validación lingüística","Transcrito"
"RD-000493","tar","cohuata","S","cohuata","cohuata","","S","Escarpadura (la orilla de uma meseta elevada), cumbre","[]","[]","","SRC-02[27]","Autorizada para difusión","Pendiente de validación lingüística","Transcrito"
"RD-000494","tar","Co’huéami","S","Co’huéami","co'hueami","","S","Comilón","[]","[""Co’hué, vi.: comer mucho.""]","Co’hué, vi.: comer mucho.","SRC-02[27]","Autorizada para difusión","Pendiente de validación lingüística","Transcrito"
"RD-000495","tar","Cohuí","S","1Cohuí","cohui","1","S","(Pamachi) marrano, véase cochi","[]","[]","","SRC-02[27]","Autorizada para difusión","Pendiente de validación lingüística","Transcrito"
"RD-000496","tar","Cohuí","S","2Cohuí","cohui","2","S","La flor del encino","[]","[""Rojuá hue cohuíami ju, el encino está florido.""]","Rojuá hue cohuíami ju, el encino está florido.","SRC-02[27]","Autorizada para difusión","Pendiente de validación lingüística","Transcrito"
"RD-000497","tar","Co’huí","Vt pl","Co’huí","co'hui","","Vt","Matar, asesinar","[]","[""Co’huínari, quería matarlos. Júuri co’huínara, mandó matarlos.""]","Co’huínari, quería matarlos. Júuri co’huínara, mandó matarlos.","SRC-02[27]","Autorizada para difusión","Pendiente de validación lingüística","Transcrito"
"RD-000498","tar","Co’huírami","S pl","Co’huírami","co'huirami","","S","Asesinados, matados","[]","[]","","SRC-02[27]","Autorizada para difusión","Pendiente de validación lingüística","Transcrito"
"RD-000499","tar","Cojita","Vi","Cojita","cojita","","Vi","Abotonar (flor)","[]","[]","","SRC-02[27]","Autorizada para difusión","Pendiente de validación lingüística","Transcrito"
"RD-000500","tar","Cojuana","Vt","Cojuana","cojuana","","Vt","Estar cortando (elotes, mazorcas)","[]","[]","","SRC-02[27]","Autorizada para difusión","Pendiente de validación lingüística","Transcrito"
"RD-000501","tar","Colimena","S","Colimena","colimena","","S","Miel de colmena, enjambre","[]","[]","","SRC-02[27]","Autorizada para difusión","Pendiente de validación lingüística","Transcrito"
"RD-000502","tar","Comácari","S","Comácari","comacari","","S","Bola (hecha de madera con la que corren en las carreras)","[]","[""Ma chótari rarajipa comácari jiti, ya comenzaron a correr con la bola.""]","Ma chótari rarajipa comácari jiti, ya comenzaron a correr con la bola.","SRC-02[27]","Autorizada para difusión","Pendiente de validación lingüística","Transcrito"
"RD-000503","tar","Comera","Vt","Comera","comera","","Vt","Rozar la tierra","[]","[]","","SRC-02[27]","Autorizada para difusión","Pendiente de validación lingüística","Transcrito"
"RD-000504","tar","Comí","Vi","Comí","comi","","Vi","1. Estar bajo 2. Hacer arroyo","[]","[""Comita, se hace un arroyo (por la acción del agua).""]","Comita, se hace un arroyo (por la acción del agua).","SRC-02[27]","Autorizada para difusión","Pendiente de validación lingüística","Transcrito"
"RD-000505","tar","Comíami","Pp","Comíami","comiami","","Pp","Cóncavo, alabeado","[]","[""Echi batéa nihuarihua mapurigá comíami níima, la batea está hecha cóncava.""]","Echi batéa nihuarihua mapurigá comíami níima, la batea está hecha cóncava.","SRC-02[28]","Autorizada para difusión","Pendiente de validación lingüística","Transcrito"
"RD-000506","tar","Comichi","S","Comichi","comichi","","S","Arroyo","[]","[]","","SRC-02[28]","Autorizada para difusión","Pendiente de validación lingüística","Transcrito"
"RD-000507","tar","Comítana","Vt","Comítana","comitana","","Vt","Hacer como arroyo, hacer cóncavo","[""pp: comíami""]","[""Ba’huí ma comitánari na’í, el agua ya hizo un arroyo aquí. [pp: comíami] Comítami, hecho cóncavo.""]","Ba’huí ma comitánari na’í, el agua ya hizo un arroyo aquí. [pp: comíami] Comítami, hecho cóncavo.","SRC-02[28]","Autorizada para difusión","Pendiente de validación lingüística","Transcrito"
"RD-000508","tar","Comósami","Adj","Comósami","comosami","","Adj","Pardo","[]","[]","","SRC-02[28]","Autorizada para difusión","Pendiente de validación lingüística","Transcrito"
"RD-000509","tar","Comósohua","Vi","Comósohua","comosohua","","Vi","Ser pardo","[]","[]","","SRC-02[28]","Autorizada para difusión","Pendiente de validación lingüística","Transcrito"
"RD-000510","tar","Comúrachi","S","Comúrachi","comurachi","","S","Cárcel, casa de la comunidad","[]","[]","","SRC-02[28]","Autorizada para difusión","Pendiente de validación lingüística","Transcrito"
"RD-000511","tar","Co’ná","Adv","1Co’ná","co'na","1","Adv","Cuesta abajo","[]","[""Co’nana adv por cuesta abajo.""]","Co’nana adv por cuesta abajo.","SRC-02[28]","Autorizada para difusión","Pendiente de validación lingüística","Transcrito"
"RD-000512","tar","Co’ná","S","2Co’ná","co'na","2","S","Olote (de la mazorca)","[]","[""Jena’í huicá bití co’naca. Aquí hay muchos olotes.""]","Jena’í huicá bití co’naca. Aquí hay muchos olotes.","SRC-02[28]","Autorizada para difusión","Pendiente de validación lingüística","Transcrito"
"RD-000513","tar","Coná","Vt","1Coná","cona","1","Vt","Tostar","[]","[""Rimé conama. Va a tostar tortillas.""]","Rimé conama. Va a tostar tortillas.","SRC-02[28]","Autorizada para difusión","Pendiente de validación lingüística","Transcrito"
"RD-000514","tar","Coná","S","2Coná","cona","2","S","Sal","[]","[""Coná rariméani. Voy a comprar sal. Conahua. Tener sal.""]","Coná rariméani. Voy a comprar sal. Conahua. Tener sal.","SRC-02[28]","Autorizada para difusión","Pendiente de validación lingüística","Transcrito"
"RD-000515","tar","Cónahua","Vt","Cónahua","conahua","","Vt","Donar, regalar","[""fut.: cónama""]","[""[fut.: cónama] Cónami, el que dona (comida).""]","[fut.: cónama] Cónami, el que dona (comida).","SRC-02[28]","Autorizada para difusión","Pendiente de validación lingüística","Transcrito"
"RD-000516","tar","Co’nari","Vi","Co’nari","co'nari","","Vi","Tener ganas de comer","[]","[]","","SRC-02[28]","Autorizada para difusión","Pendiente de validación lingüística","Transcrito"
"RD-000517","tar","Co’néami","Adj","Co’néami","co'neami","","Adj","No desgranado (mazorca de maíz, p. ej.: sunú co’néami, mazorcas no desgranadas)","[]","[]","","SRC-02[28]","Autorizada para difusión","Pendiente de validación lingüística","Transcrito"
"RD-000518","tar","Conomí","S","Conomí","conomi","","S","Arcoiris","[]","[""Jaré rarámuri hue majahuá maparí johui, sicá jiti, echi conomí. Algunos tarahumaras tienen miedo cuando alguien apunta con la mano al arcoiris. (Cuando esto sucede, tienen la costumbre de hacer el ademan de cortar el arco con un machete, para que no se acerque).""]","Jaré rarámuri hue majahuá maparí johui, sicá jiti, echi conomí. Algunos tarahumaras tienen miedo cuando alguien apunta con la mano al arcoiris. (Cuando esto sucede, tienen la costumbre de hacer el ademan de cortar el arco con un machete, para que no se acerque).","SRC-02[28]","Autorizada para difusión","Pendiente de validación lingüística","Transcrito"
"RD-000519","tar","Cóo","Vt","Cóo","coo","","Vt","Dar de comer","[]","[]","","SRC-02[28]","Autorizada para difusión","Pendiente de validación lingüística","Transcrito"
"RD-000520","tar","Co’orá","Vt","Co’orá","co'ora","","Vt","Hacer esquiate","[]","[""Echi muquí co’orama. Esa mujer va a hacer esquite.""]","Echi muquí co’orama. Esa mujer va a hacer esquite.","SRC-02[28]","Autorizada para difusión","Pendiente de validación lingüística","Transcrito"
"RD-000521","tar","Co’orí","S","Co’orí","co'ori","","S","Esquiate (reg.), pinole (maíz tostado, molido, con agua)","[]","[]","","SRC-02[28]","Autorizada para difusión","Pendiente de validación lingüística","Transcrito"
"RD-000522","tar","Cóora","Vi","Cóora","coora","","Vi","Visitar las casas con la idea de recibir algo de comida","[]","[""Cosí mapuyíripitamo cóorahua. Comen todo lo que les dan.""]","Cosí mapuyíripitamo cóorahua. Comen todo lo que les dan.","SRC-02[28]","Autorizada para difusión","Pendiente de validación lingüística","Transcrito"
"RD-000523","tar","Cora","Vt","Cora","cora","","Vt","Obsequiar","[]","[]","","SRC-02[28]","Autorizada para difusión","Pendiente de validación lingüística","Transcrito"
"RD-000524","tar","Corá","S","1Corá","cora","1","S","Peña","[]","[]","","SRC-02[28]","Autorizada para difusión","Pendiente de validación lingüística","Transcrito"
"RD-000525","tar","Corá, cohuara","S","2Corá, cohuara","cora, cohuara","2","S","Frente","[""cohuara""]","[""Corá chihuari. Me pegué en la frente. Tamí corá chihuari. Me pegaron en la frente.""]","Corá chihuari. Me pegué en la frente. Tamí corá chihuari. Me pegaron en la frente.","SRC-02[28]","Autorizada para difusión","Pendiente de validación lingüística","Transcrito"
"RD-000526","tar","Coráachi","","Coráachi","coraachi","","Sin clasificar","1. s Un cerro despeñadero 2. adv En el cerro, en la peña","[]","[]","","SRC-02[28]","Autorizada para difusión","Pendiente de validación lingüística","Transcrito"
"RD-000527","tar","Coraca","Vi","Coraca","coraca","","Vi","Ser amargo","[]","[""(Picante como la cal).""]","(Picante como la cal).","SRC-02[28]","Autorizada para difusión","Pendiente de validación lingüística","Transcrito"
"RD-000528","tar","Corácami","Adv","Corácami","coracami","","Adv","Amargo","[]","[""¿Piri huaminá auché namuti corácami ju mapurigá je’ná? ¿Qué otra cosa es amarga como esta?""]","¿Piri huaminá auché namuti corácami ju mapurigá je’ná? ¿Qué otra cosa es amarga como esta?","SRC-02[28]","Autorizada para difusión","Pendiente de validación lingüística","Transcrito"
"RD-000529","tar","Corachi","S","Corachi","corachi","","S","Cuervo","[]","[""Echi corachi hue chigora sunú ichirúami. Los cuervos roban mucho el maíz sembrado.""]","Echi corachi hue chigora sunú ichirúami. Los cuervos roban mucho el maíz sembrado.","SRC-02[29]","Autorizada para difusión","Pendiente de validación lingüística","Transcrito"
"RD-000530","tar","Corara","Vi","Corara","corara","","Vi","Parecer amargo","[]","[""¿Acha corara? ¿le parece amargo?""]","¿Acha corara? ¿le parece amargo?","SRC-02[29]","Autorizada para difusión","Pendiente de validación lingüística","Transcrito"
"RD-000531","tar","Corí","S","1Corí","cori","1","S","Chile","[]","[""Siborí, s chile piquín. Ibócari, s chile colorado grande y seco.""]","Siborí, s chile piquín. Ibócari, s chile colorado grande y seco.","SRC-02[29]","Autorizada para difusión","Pendiente de validación lingüística","Transcrito"
"RD-000532","tar","Corí","Adv","2Corí","cori","2","Adv","Otro lado del cerro","[]","[""Corina, por el otro lado. Corí cuhuana, atrás del cerro, al otro lado.""]","Corina, por el otro lado. Corí cuhuana, atrás del cerro, al otro lado.","SRC-02[29]","Autorizada para difusión","Pendiente de validación lingüística","Transcrito"
"RD-000533","tar","Córima","","Córima","corima","","Sin clasificar","1. vt Regalar 2. vt Visitar las casas (con la esperanza de recibir algo) 3. s Obsequio","[]","[""¡Córima rimé! ¡Déme unas tortillas! Córima ‘ya, vt Obsequiar, regalar.""]","¡Córima rimé! ¡Déme unas tortillas! Córima ‘ya, vt Obsequiar, regalar.","SRC-02[29]","Autorizada para difusión","Pendiente de validación lingüística","Transcrito"
"RD-000534","tar","Corimena","S","Corimena","corimena","","S","Miel de abejas","[]","[]","","SRC-02[29]","Autorizada para difusión","Pendiente de validación lingüística","Transcrito"
"RD-000535","tar","Corina","Adv","Corina","corina","","Adv","Al otro lado","[]","[]","","SRC-02[29]","Autorizada para difusión","Pendiente de validación lingüística","Transcrito"
"RD-000536","tar","Coró","S","Coró","coro","","S","Zopilote pinto, rayado","[]","[]","","SRC-02[29]","Autorizada para difusión","Pendiente de validación lingüística","Transcrito"
"RD-000537","tar","Corochi","S","Corochi","corochi","","S","Saltamontes","[]","[]","","SRC-02[29]","Autorizada para difusión","Pendiente de validación lingüística","Transcrito"
"RD-000538","tar","Corogá","S","Corogá","coroga","","S","Collar, soguilla con crucifijo","[]","[]","","SRC-02[29]","Autorizada para difusión","Pendiente de validación lingüística","Transcrito"
"RD-000539","tar","Corú","Vt","Corú","coru","","Vt","Codiciar, desear mucho","[]","[""¿Piri corú? ¿Qué desea? Cochí rimé corú, el perro desea las tortillas.""]","¿Piri corú? ¿Qué desea? Cochí rimé corú, el perro desea las tortillas.","SRC-02[29]","Autorizada para difusión","Pendiente de validación lingüística","Transcrito"
"RD-000540","tar","Corúcami","Adj","Corúcami","corucami","","Adj","Envidioso, codicioso","[]","[]","","SRC-02[29]","Autorizada para difusión","Pendiente de validación lingüística","Transcrito"
"RD-000541","tar","Cosari","S","Cosari","cosari","","S","1. Un palo podrido 2. Madera fofa seca","[]","[]","","SRC-02[29]","Autorizada para difusión","Pendiente de validación lingüística","Transcrito"
"RD-000542","tar","Cosata","Vi","Cosata","cosata","","Vi","Pudrirse (madera)","[]","[]","","SRC-02[29]","Autorizada para difusión","Pendiente de validación lingüística","Transcrito"
"RD-000543","tar","Coséhuari","S","Coséhuari","cosehuari","","S","Gorgojo (come la lana de las cobijas), termita","[]","[]","","SRC-02[29]","Autorizada para difusión","Pendiente de validación lingüística","Transcrito"
"RD-000544","tar","Cosibé","Vt","Cosibé","cosibe","","Vt","Poner banca (para sentarse","[]","[]","","SRC-02[29]","Autorizada para difusión","Pendiente de validación lingüística","Transcrito"
"RD-000545","tar","Cosibera","","Cosibera","cosibera","","Sin clasificar","1. s Banquillo 2. vi Tener un banquillo","[]","[""Asagá cosebeca biré cosibera. Siéntate en una banca.""]","Asagá cosebeca biré cosibera. Siéntate en una banca.","SRC-02[29]","Autorizada para difusión","Pendiente de validación lingüística","Transcrito"
"RD-000546","tar","Cosísiya","","Cosísiya","cosisiya","","Sin clasificar","A comer","[]","[""Chotama cosísiya. Comenzarán a comer. Véase co’huá""]","Chotama cosísiya. Comenzarán a comer. Véase co’huá","SRC-02[29]","Autorizada para difusión","Pendiente de validación lingüística","Transcrito"
"RD-000547","tar","Cosó","Vi","Cosó","coso","","Vi","Ahogarse (al tragar).","[]","[""Conosó, vi Estar ahogándose (al tragar).""]","Conosó, vi Estar ahogándose (al tragar).","SRC-02[29]","Autorizada para difusión","Pendiente de validación lingüística","Transcrito"
"RD-000548","tar","Cotúura","Vi","Cotúura","cotuura","","Vi","Dar comida, llevar a pasto","[]","[""Sonó cotúuramani cahué. Voy a dar rastrojo al caballo. Rimé cutúuramani echi táa. Le voy a dar tortillas al niño.""]","Sonó cotúuramani cahué. Voy a dar rastrojo al caballo. Rimé cutúuramani echi táa. Le voy a dar tortillas al niño.","SRC-02[29]","Autorizada para difusión","Pendiente de validación lingüística","Transcrito"
"RD-000549","tar","Co’yá","Vt pl","Co’yá","co'ya","","Vt","Matar (animales)","[""fut.: co’huimea""]","[""[fut.: co’huimea]""]","[fut.: co’huimea]","SRC-02[29]","Autorizada para difusión","Pendiente de validación lingüística","Transcrito"
"RD-000550","tar","Co’yacha","","Co’yacha","co'yacha","","Sin clasificar","1. s Sombrero 2. vi Ponerse sombrero, anton: co’yapa","[]","[]","","SRC-02[29]","Autorizada para difusión","Pendiente de validación lingüística","Transcrito"
"RD-000551","tar","Co’yami","S","Co’yami","co'yami","","S","El que come","[]","[]","","SRC-02[29]","Autorizada para difusión","Pendiente de validación lingüística","Transcrito"
"RD-000552","tar","Coyé","Vi","Coyé","coye","","Vi","Ponerse el paño de lienzo en la cabeza","[]","[]","","SRC-02[29]","Autorizada para difusión","Pendiente de validación lingüística","Transcrito"
"RD-000553","tar","Coyera","S","Coyera","coyera","","S","Paño para la cabeza, la corona","[]","[]","","SRC-02[29]","Autorizada para difusión","Pendiente de validación lingüística","Transcrito"
"RD-000554","tar","Coyeta","Vt","Coyeta","coyeta","","Vt","Poner el paño (en cabeza de otro)","[]","[]","","SRC-02[29]","Autorizada para difusión","Pendiente de validación lingüística","Transcrito"
"RD-000555","tar","Cu","Adv","1Cu","cu","1","Adv","Otra vez","[]","[""Mani cu simea. Ya me voy (otra vez) Ma cu nahuari samichí cu. Ya vino a Samachique otra vez.""]","Mani cu simea. Ya me voy (otra vez) Ma cu nahuari samichí cu. Ya vino a Samachique otra vez.","SRC-02[29-30]","Autorizada para difusión","Pendiente de validación lingüística","Transcrito"
"RD-000556","tar","Cu","S","2Cu","cu","2","S","Leña, madera","[]","[""Cu apera, llevar leña (en el lomo). Cu ca’hui, traer leña.""]","Cu apera, llevar leña (en el lomo). Cu ca’hui, traer leña.","SRC-02[30]","Autorizada para difusión","Pendiente de validación lingüística","Transcrito"
"RD-000557","tar","Cu","Vi","3Cu","cu","3","Vi","1. Comer (esquite, granos enteros, fruta dura). Saquí cubo, vamos a comer esquite. 2. Morder. Ta tohuí biré corí cumiri. El niño mordió un chile.","[]","[]","","SRC-02[30]","Autorizada para difusión","Pendiente de validación lingüística","Transcrito"
"RD-000558","tar","Cuácari","S","Cuácari","cuacari","","S","Tipo de ave gris con pecho rojo que grita: “cóa”.","[]","[]","","SRC-02[30]","Autorizada para difusión","Pendiente de validación lingüística","Transcrito"
"RD-000559","tar","Cúchara","S","Cúchara","cuchara","","S","Hijos","[""sing.: ranara""]","[""[sing.: ranara].""]","[sing.: ranara].","SRC-02[30]","Autorizada para difusión","Pendiente de validación lingüística","Transcrito"
"RD-000560","tar","Cuchi","Adj pl","Cuchi","cuchi","","Adj","Chiquitos","[""sing.: ta""]","[""[sing.: ta]""]","[sing.: ta]","SRC-02[30]","Autorizada para difusión","Pendiente de validación lingüística","Transcrito"
"RD-000561","tar","Cuchíhua","Vi","Cuchíhua","cuchihua","","Vi","Agusanarse","[]","[""Chabé mucuri echi cochí, ma cáraca cuchíhuari. Hace tiempo murió ese perro; ya está completamente agusanado. Cuchíhuari, s Gusano de la carne""]","Chabé mucuri echi cochí, ma cáraca cuchíhuari. Hace tiempo murió ese perro; ya está completamente agusanado. Cuchíhuari, s Gusano de la carne","SRC-02[30]","Autorizada para difusión","Pendiente de validación lingüística","Transcrito"
"RD-000562","tar","Cuchípara","S","Cuchípara","cuchipara","","S","Los puestos menores (entre las autoridades del pueblo)","[]","[]","","SRC-02[30]","Autorizada para difusión","Pendiente de validación lingüística","Transcrito"
"RD-000563","tar","Cúchuhua","Vt","Cúchuhua","cuchuhua","","Vt","Tener hijos","[]","[""¿Chu quipi mi cúchuhua? ¿Cuántos hijos tienes? Cúchuami, adj Que tiene hijos. Nijé cúchuhuara, mis hijos.""]","¿Chu quipi mi cúchuhua? ¿Cuántos hijos tienes? Cúchuami, adj Que tiene hijos. Nijé cúchuhuara, mis hijos.","SRC-02[30]","Autorizada para difusión","Pendiente de validación lingüística","Transcrito"
"RD-000564","tar","Cuchuri","S","1Cuchuri","cuchuri","1","S","Grillo, oruga","[]","[""Cuchuri hue cusú. Los grillos chirrían mucho.""]","Cuchuri hue cusú. Los grillos chirrían mucho.","SRC-02[30]","Autorizada para difusión","Pendiente de validación lingüística","Transcrito"
"RD-000565","tar","Cuchiri","S pl","2Cuchiri","cuchiri","2","S","Perritos","[""sing.: churi""]","[""[sing.: churi]""]","[sing.: churi]","SRC-02[30]","Autorizada para difusión","Pendiente de validación lingüística","Transcrito"
"RD-000566","tar","Cuhuana","Vt","1Cuhuana","cuhuana","1","Vt","1. Tostar 2. Quemar (por el sol)","[""fut.: cuhuanáma""]","[""¡Rimé cuhuana! ¡Tuesta la tortilla! Echi rayénari cara cuhuánari echi pachí. El sol quemó completamente las matas de maíz [fut.: cuhuanáma]. Cuhuanámari adj tostado.""]","¡Rimé cuhuana! ¡Tuesta la tortilla! Echi rayénari cara cuhuánari echi pachí. El sol quemó completamente las matas de maíz [fut.: cuhuanáma]. Cuhuanámari adj tostado.","SRC-02[30]","Autorizada para difusión","Pendiente de validación lingüística","Transcrito"
"RD-000567","tar","Cuhuana","Adv","2Cuhuana","cuhuana","2","Adv","1. Al otro lado, detrás 2. De nuevo","[]","[""Huamí corí cuhuana bité. Él vive al otro lado (del cerro). Aboni auchecho cu cuhuana mi bayema. Ellos te invitarán de nuevo. Cochí cuhuana yori. El perro se enojó de nuevo.""]","Huamí corí cuhuana bité. Él vive al otro lado (del cerro). Aboni auchecho cu cuhuana mi bayema. Ellos te invitarán de nuevo. Cochí cuhuana yori. El perro se enojó de nuevo.","SRC-02[30]","Autorizada para difusión","Pendiente de validación lingüística","Transcrito"
"RD-000568","tar","Cuhuara","S","Cuhuara","cuhuara","","S","La punta (de pino, grano de maíz)","[]","[""Ocó cuhuárachi atí biré cusá. En la punta del pino está una aguililla.""]","Ocó cuhuárachi atí biré cusá. En la punta del pino está una aguililla.","SRC-02[30]","Autorizada para difusión","Pendiente de validación lingüística","Transcrito"
"RD-000569","tar","Cuhué","S","Cuhué","cuhue","","S","El tiempo de calor (antes de las lluvias)","[]","[""Jipi ma cu cuhué. Ya es el tiempo de calor. Cuhuesa. vi Llegar el tiempo de calor. Cuhuésachi. En el tiempo de calor.""]","Jipi ma cu cuhué. Ya es el tiempo de calor. Cuhuesa. vi Llegar el tiempo de calor. Cuhuésachi. En el tiempo de calor.","SRC-02[30]","Autorizada para difusión","Pendiente de validación lingüística","Transcrito"
"RD-000570","tar","Cuhuempa","Vt","Cuhuempa","cuhuempa","","Vt","Escardar (por primera vez antes de que llueva)","[]","[]","","SRC-02[30]","Autorizada para difusión","Pendiente de validación lingüística","Transcrito"
"RD-000571","tar","Cu’huíchara","S","Cu’huíchara","cu'huichara","","S","Manzanilla","[]","[]","","SRC-02[30]","Autorizada para difusión","Pendiente de validación lingüística","Transcrito"
"RD-000572","tar","Cu’huíichi","S","Cu’huíichi","cu'huiichi","","S","Espinilla","[]","[""Hui’ré chi’huari cu’huíichi. Se hizo una cortada muy grande en la espinilla. Nijé cu’huíicharachi, en mi espinilla.""]","Hui’ré chi’huari cu’huíichi. Se hizo una cortada muy grande en la espinilla. Nijé cu’huíicharachi, en mi espinilla.","SRC-02[30-31]","Autorizada para difusión","Pendiente de validación lingüística","Transcrito"
"RD-000573","tar","Cu’huíimi","S","Cu’huíimi","cu'huiimi","","S","Salvador","[]","[]","","SRC-02[31]","Autorizada para difusión","Pendiente de validación lingüística","Transcrito"
"RD-000574","tar","Cu’huira","Vt","Cu’huira","cu'huira","","Vt","Ayudar, salvar","[]","[""Binoy nahuari tamí cu’huíramia. Él vino a ayudarme. Cúrohui norínari tamí cu’huírabia. Los niños vinieron a ayudarme.""]","Binoy nahuari tamí cu’huíramia. Él vino a ayudarme. Cúrohui norínari tamí cu’huírabia. Los niños vinieron a ayudarme.","SRC-02[31]","Autorizada para difusión","Pendiente de validación lingüística","Transcrito"
"RD-000575","tar","Cuira","Interj","Cuira","cuira","","Interj","¡Hola! (saludo)","[]","[""Cuíraga ra’íchari. Habló saludándole.""]","Cuíraga ra’íchari. Habló saludándole.","SRC-02[31]","Autorizada para difusión","Pendiente de validación lingüística","Transcrito"
"RD-000576","tar","Cujuíbara","S","Cujuíbara","cujuibara","","S","Tipo de quelite que se come","[]","[]","","SRC-02[31]","Autorizada para difusión","Pendiente de validación lingüística","Transcrito"
"RD-000577","tar","Cu’lí","Vi","Cu’lí","cu'li","","Vi","Tirar (líquido)","[]","[]","","SRC-02[31]","Autorizada para difusión","Pendiente de validación lingüística","Transcrito"
"RD-000578","tar","Cu’lina","Vt","Cu’lina","cu'lina","","Vt","1. Torcer 2. Dar vueltas 3. Voltear [fut.: cu’linama]","[]","[]","","SRC-02[31]","Autorizada para difusión","Pendiente de validación lingüística","Transcrito"
"RD-000579","tar","Culúami","Adj","Culúami","culuami","","Adj","Espeso","[]","[""Echi co’orí hue corúami ju. El esquiate está muy espeso.""]","Echi co’orí hue corúami ju. El esquiate está muy espeso.","SRC-02[31]","Autorizada para difusión","Pendiente de validación lingüística","Transcrito"
"RD-000580","tar","Cu’luhua","Vt","Cu’luhua","cu'luhua","","Vt","1. Derramar, tirar (líquido) 2. vaciar [fut.: cu’luhuama; pp.: cu’luhuárami]","[]","[]","","SRC-02[31]","Autorizada para difusión","Pendiente de validación lingüística","Transcrito"
"RD-000581","tar","Cumá","Vi","Cumá","cuma","","Vi","1. Curar (con humo, p. ej.: gente, animales, siembra) 2. Limpiar con humo (después de enterrar a un muerto","[]","[""Ichírari cumari. Curaron la siembra. Chibá cumabo. Vamos a curar las chivas, ahumeándolas.""]","Ichírari cumari. Curaron la siembra. Chibá cumabo. Vamos a curar las chivas, ahumeándolas.","SRC-02[31]","Autorizada para difusión","Pendiente de validación lingüística","Transcrito"
"RD-000582","tar","Cumé","Vt","Cumé","cume","","Vt","Estorbar, molestar","[]","[""Tamí cumé. Me estorba. Echi rijoy huabé tamí cumeri. Ese hombre me estorbó mucho.""]","Tamí cumé. Me estorba. Echi rijoy huabé tamí cumeri. Ese hombre me estorbó mucho.","SRC-02[31]","Autorizada para difusión","Pendiente de validación lingüística","Transcrito"
"RD-000583","tar","Cumí","Vt","Cumí","cumi","","Vt","Comer (cosas duras como fruta, galletas, dulces)","[""fut.: cumumea""]","[""¿Acha cumumea galletas? ¿Comerá algunas galletas? [fut.: cumumea]. Cumuyá. Comiéndolo así.""]","¿Acha cumumea galletas? ¿Comerá algunas galletas? [fut.: cumumea]. Cumuyá. Comiéndolo así.","SRC-02[31]","Autorizada para difusión","Pendiente de validación lingüística","Transcrito"
"RD-000584","tar","Cumi","Adv","Cumi","cumi","","Adv","¿Dónde?, ¿A dónde?","[]","[""¿Cumi simí? ¿A dónde vas?""]","¿Cumi simí? ¿A dónde vas?","SRC-02[31]","Autorizada para difusión","Pendiente de validación lingüística","Transcrito"
"RD-000585","tar","Cumúchari","S","Cumúchari","cumuchari","","S","Tío (el hermano mayor del padre)","[]","[""Nijé cumúchara. Mi tío.""]","Nijé cumúchara. Mi tío.","SRC-02[31]","Autorizada para difusión","Pendiente de validación lingüística","Transcrito"
"RD-000586","tar","Cumurachi","S","Cumurachi","cumurachi","","S","Casa de la comunidad","[]","[]","","SRC-02[31]","Autorizada para difusión","Pendiente de validación lingüística","Transcrito"
"RD-000587","tar","Cuná","S","Cuná","cuna","","S","Marido, esposo","[]","[""Mujé cunara. Tu marido. ‘yemi ucunara. Sus maridos (de ustedes).""]","Mujé cunara. Tu marido. ‘yemi ucunara. Sus maridos (de ustedes).","SRC-02[31]","Autorizada para difusión","Pendiente de validación lingüística","Transcrito"
"RD-000588","tar","Cunama","Vi","Cunama","cunama","","Vi","Enviudar (la mujer)","[]","[""Ma cunámari. Enviudó la mujer.""]","Ma cunámari. Enviudó la mujer.","SRC-02[31]","Autorizada para difusión","Pendiente de validación lingüística","Transcrito"
"RD-000589","tar","Cunámami","S","Cunámami","cunamami","","S","viuda","[""pl.: cunámacami""]","[""[pl.: cunámacami].""]","[pl.: cunámacami].","SRC-02[31]","Autorizada para difusión","Pendiente de validación lingüística","Transcrito"
"RD-000590","tar","Cuné","Vi","Cuné","cune","","Vi","Tener marido, estar casada","[""pp.: cunéami""]","[""[pp.: cunéami]-""]","[pp.: cunéami]-","SRC-02[31]","Autorizada para difusión","Pendiente de validación lingüística","Transcrito"
"RD-000591","tar","Cupá","S","Cupá","cupa","","S","Pelo, cabello","[]","[""Nijé cupara. Mi cabello.""]","Nijé cupara. Mi cabello.","SRC-02[31]","Autorizada para difusión","Pendiente de validación lingüística","Transcrito"
"RD-000592","tar","Cupé","Vi","Cupé","cupe","","Vi","Tener cabello","[""pp.: cupéami""]","[""[pp.: cupéami].""]","[pp.: cupéami].","SRC-02[31]","Autorizada para difusión","Pendiente de validación lingüística","Transcrito"
"RD-000593","tar","Cupí","Vi","Cupí","cupi","","Vi","Cerrar los ojos","[""fut.: cupuméa; pp.: cupíami""]","[""Cupugá ra’ichabo Riosi yuhua. Cerrando los ojos vamos a orar a Dios. [fut.: cupuméa; pp.: cupíami]. Cupugá. Cerrando los ojos. Cupusí. ¡Cierren los ojos!""]","Cupugá ra’ichabo Riosi yuhua. Cerrando los ojos vamos a orar a Dios. [fut.: cupuméa; pp.: cupíami]. Cupugá. Cerrando los ojos. Cupusí. ¡Cierren los ojos!","SRC-02[31]","Autorizada para difusión","Pendiente de validación lingüística","Transcrito"
"RD-000594","tar","Cupisi","S","Cupisi","cupisi","","S","Luciérnaga","[]","[]","","SRC-02[31]","Autorizada para difusión","Pendiente de validación lingüística","Transcrito"
"RD-000595","tar","Cupuchá","Vi","Cupuchá","cupucha","","Vi","Pestañear","[]","[]","","SRC-02[31]","Autorizada para difusión","Pendiente de validación lingüística","Transcrito"
"RD-000596","tar","Cu’rí","Vi","Cu’rí","cu'ri","","Vi","Dar vueltas, revolver","[]","[]","","SRC-02[31]","Autorizada para difusión","Pendiente de validación lingüística","Transcrito"
"RD-000597","tar","Curi","S","Curi","curi","","S","Malacate","[]","[]","","SRC-02[31]","Autorizada para difusión","Pendiente de validación lingüística","Transcrito"
"RD-000598","tar","Curícari","S","Curícari","curicari","","S","Hilo de lana, pedazos de hilo (que sobra al hacer una cobija)","[]","[]","","SRC-02[32]","Autorizada para difusión","Pendiente de validación lingüística","Transcrito"
"RD-000599","tar","Curichi","S","Curichi","curichi","","S","Tío (hermano mayor de la madre)","[]","[""Nijé curíchara. Mi tío.""]","Nijé curíchara. Mi tío.","SRC-02[32]","Autorizada para difusión","Pendiente de validación lingüística","Transcrito"
"RD-000600","tar","Curipi","","Curipi","curipi","","Sin clasificar","Hace poco","[]","[]","","SRC-02[32]","Autorizada para difusión","Pendiente de validación lingüística","Transcrito"
"RD-000601","tar","Cursi","S","Cursi","cursi","","S","Cruz","[]","[]","","SRC-02[32]","Autorizada para difusión","Pendiente de validación lingüística","Transcrito"
"RD-000602","tar","Curú","S","1Curú","curu","1","S","Palmillo con que hacen canastas","[]","[]","","SRC-02[32]","Autorizada para difusión","Pendiente de validación lingüística","Transcrito"
"RD-000603","tar","Curú","Vi","2Curú","curu","2","Vi","Espesarse","[""fut.: curuméa""]","[""Hue cururi. Se hizo espeso. [fut.: curuméa].""]","Hue cururi. Se hizo espeso. [fut.: curuméa].","SRC-02[32]","Autorizada para difusión","Pendiente de validación lingüística","Transcrito"
"RD-000604","tar","Cúruhui","S pl","Cúruhui","curuhui","","S","Niños, muchachos, chamacos","[""sing.: tohuí""]","[""[sing.: tohuí].""]","[sing.: tohuí].","SRC-02[32]","Autorizada para difusión","Pendiente de validación lingüística","Transcrito"
"RD-000605","tar","Cu’runi","Vi","Cu’runi","cu'runi","","Vi","Estar dando vueltas","[]","[]","","SRC-02[32]","Autorizada para difusión","Pendiente de validación lingüística","Transcrito"
"RD-000606","tar","Curusú","Vt","Curusú","curusu","","Vt","Saludar (tocando el brazo del otro)","[]","[]","","SRC-02[32]","Autorizada para difusión","Pendiente de validación lingüística","Transcrito"
"RD-000607","tar","Cusá","S","Cusá","cusa","","S","Aguililla, gavilán blanco (ave)","[]","[]","","SRC-02[32]","Autorizada para difusión","Pendiente de validación lingüística","Transcrito"
"RD-000608","tar","Cusabi","S","Cusabi","cusabi","","S","Capulín","[]","[""Cusabi racará. Fruta del capulín.""]","Cusabi racará. Fruta del capulín.","SRC-02[32]","Autorizada para difusión","Pendiente de validación lingüística","Transcrito"
"RD-000609","tar","Cusé","Vt","Cusé","cuse","","Vt","Tocar la flauta","[""pp.: cuséami""]","[""[pp.: cuséami].""]","[pp.: cuséami].","SRC-02[32]","Autorizada para difusión","Pendiente de validación lingüística","Transcrito"
"RD-000610","tar","Cuseba","Vi","Cuseba","cuseba","","Vi","Ahogarse, colgarse","[]","[""Ma huijaga cusébari. Ya se colgó.""]","Ma huijaga cusébari. Ya se colgó.","SRC-02[32]","Autorizada para difusión","Pendiente de validación lingüística","Transcrito"
"RD-000611","tar","Cusébana","Vt","Cusébana","cusebana","","Vt","Ahorcar, agarrotar, estrangular","[]","[]","","SRC-02[32]","Autorizada para difusión","Pendiente de validación lingüística","Transcrito"
"RD-000612","tar","Cusera","Vt","1Cusera","cusera","1","Vt","Poner mango al hacha","[]","[""Ripurá cuséramani. Voy a poner un mango nuevo al hacha.""]","Ripurá cuséramani. Voy a poner un mango nuevo al hacha.","SRC-02[32]","Autorizada para difusión","Pendiente de validación lingüística","Transcrito"
"RD-000613","tar","Cusera","S","2Cusera","cusera","2","S","Flauta","[]","[]","","SRC-02[32]","Autorizada para difusión","Pendiente de validación lingüística","Transcrito"
"RD-000614","tar","Cusí","S","1Cusí","cusi","1","S","Palo","[]","[""ripurá cusirá. Mango del hacha.""]","ripurá cusirá. Mango del hacha.","SRC-02[32]","Autorizada para difusión","Pendiente de validación lingüística","Transcrito"
"RD-000615","tar","Cusí","Vt","2Cusí","cusi","2","Vt","Tostar (los elotes o las mazorcas)","[""pp.: cusítami""]","[""Pachí cusímani. Voy a tostar elotes. [pp.: cusítami].""]","Pachí cusímani. Voy a tostar elotes. [pp.: cusítami].","SRC-02[32]","Autorizada para difusión","Pendiente de validación lingüística","Transcrito"
"RD-000616","tar","Cusibera","S","Cusibera","cusibera","","S","Banca","[]","[]","","SRC-02[32]","Autorizada para difusión","Pendiente de validación lingüística","Transcrito"
"RD-000617","tar","Cusihua","Vi","Cusihua","cusihua","","Vi","Tener un cetro de autoridad, tener cargo. Véase igúsuhua","[]","[""Cusíhuami. S El que tiene un cetro de autoridad, jefe.""]","Cusíhuami. S El que tiene un cetro de autoridad, jefe.","SRC-02[32]","Autorizada para difusión","Pendiente de validación lingüística","Transcrito"
"RD-000618","tar","Custícia orá","","Custícia orá","custicia ora","","Sin clasificar","Hacer justicia","[]","[]","","SRC-02[32]","Autorizada para difusión","Pendiente de validación lingüística","Transcrito"
"RD-000619","tar","Cusú","Vi","Cusú","cusu","","Vi","Gritar, relinchar o bramar (animal), cantar (gallo)","[""fut.: cusuméa""]","[""[fut.: cusuméa]. Cusúhuachi. Adv Cuando cantan o gritan (animales).""]","[fut.: cusuméa]. Cusúhuachi. Adv Cuando cantan o gritan (animales).","SRC-02[32]","Autorizada para difusión","Pendiente de validación lingüística","Transcrito"
"RD-000620","tar","Cusuchí","S","Cusuchí","cusuchi","","S","Nalga","[]","[]","","SRC-02[32]","Autorizada para difusión","Pendiente de validación lingüística","Transcrito"
"RD-000621","tar","Cutá","S","Cutá","cuta","","S","Cuello, garganta","[]","[""Cutachí. En el cuello. Nijé cutara. Mi cuello. Nijé cutárachi. En mi cuello.""]","Cutachí. En el cuello. Nijé cutara. Mi cuello. Nijé cutárachi. En mi cuello.","SRC-02[32]","Autorizada para difusión","Pendiente de validación lingüística","Transcrito"
"RD-000622","tar","Cutámachi","S","Cutámachi","cutamachi","","S","Nuca.","[]","[]","","SRC-02[32]","Autorizada para difusión","Pendiente de validación lingüística","Transcrito"
"RD-000623","tar","Cutega","","Cutega","cutega","","Sin clasificar","1. vt Poner vigas (a la casa) 2. s Solera, viga, trozo","[]","[]","","SRC-02[32]","Autorizada para difusión","Pendiente de validación lingüística","Transcrito"
"RD-000624","tar","Cutémari","S","Cutémari","cutemari","","S","Cepa de un árbol","[]","[]","","SRC-02[32]","Autorizada para difusión","Pendiente de validación lingüística","Transcrito"
"RD-000625","tar","Cúuchara","Adj","Cúuchara","cuuchara","","Adj","Menor (puesto)","[]","[]","","SRC-02[32]","Autorizada para difusión","Pendiente de validación lingüística","Transcrito"
"RD-000626","tar","Cúuchi","S pl","Cúuchi","cuuchi","","S","Chicos, infantes","[""sing.: táa""]","[""[sing.: táa].""]","[sing.: táa].","SRC-02[32]","Autorizada para difusión","Pendiente de validación lingüística","Transcrito"
"RD-000627","tar","Chá","Adj","1Chá","cha","1","Adj","Feo","[]","[]","","SRC-02[32]","Autorizada para difusión","Pendiente de validación lingüística","Transcrito"
"RD-000628","tar","Chá, cháa","Vi","2Chá, cháa","cha, chaa","2","Vi","Tener granos o llagas","[""cháa""]","[""Ne huabe chati cháa. Tiene muchos granos feos.""]","Ne huabe chati cháa. Tiene muchos granos feos.","SRC-02[32]","Autorizada para difusión","Pendiente de validación lingüística","Transcrito"
"RD-000629","tar","Chabé","Adv","Chabé","chabe","","Adv","Antes, hace poco, el otro día","[]","[""Chabéhuami. De antes. Chabébara. Antes (en relación con otro acontecimiento). Chabé choquichí. Al principio.""]","Chabéhuami. De antes. Chabébara. Antes (en relación con otro acontecimiento). Chabé choquichí. Al principio.","SRC-02[32]","Autorizada para difusión","Pendiente de validación lingüística","Transcrito"
"RD-000630","tar","Chabecha","Vi","Chabecha","chabecha","","Vi","Astillarse","[]","[""Basi chabéchari maparí huichiri. La taza de peltre se astilló al caer.""]","Basi chabéchari maparí huichiri. La taza de peltre se astilló al caer.","SRC-02[32]","Autorizada para difusión","Pendiente de validación lingüística","Transcrito"
"RD-000631","tar","Chabóa","S","Chabóa","chaboa","","S","Barba, bigote","[]","[""Nijé chabóara. Mi barba.""]","Nijé chabóara. Mi barba.","SRC-02[33]","Autorizada para difusión","Pendiente de validación lingüística","Transcrito"
"RD-000632","tar","Chabochi","S","1Chabochi","chabochi","1","S","Mestizo","[]","[""Chabochi ra’íchari. Castellano.""]","Chabochi ra’íchari. Castellano.","SRC-02[33]","Autorizada para difusión","Pendiente de validación lingüística","Transcrito"
"RD-000633","tar","Chabochi","S","2Chabochi","chabochi","2","S","Tipo de araña (amarilla)","[]","[]","","SRC-02[33]","Autorizada para difusión","Pendiente de validación lingüística","Transcrito"
"RD-000634","tar","Chabopa","Vi","Chabopa","chabopa","","Vi","Arrancarse las barbas","[]","[]","","SRC-02[33]","Autorizada para difusión","Pendiente de validación lingüística","Transcrito"
"RD-000635","tar","Chacá","S","Chacá","chaca","","S","Chanate (ave; zanate)","[]","[]","","SRC-02[33]","Autorizada para difusión","Pendiente de validación lingüística","Transcrito"
"RD-000636","tar","Chacachi","S","Chacachi","chacachi","","S","Lomo angosto y corto","[]","[]","","SRC-02[33]","Autorizada para difusión","Pendiente de validación lingüística","Transcrito"
"RD-000637","tar","Chacárami","S","Chacárami","chacarami","","S","Que tiene ángulo","[]","[]","","SRC-02[33]","Autorizada para difusión","Pendiente de validación lingüística","Transcrito"
"RD-000638","tar","Chatátami","Pp","Chatátami","chatatami","","Pp","Muy angosto (bordo)","[]","[""Ripata rabó hue chacátami ju. Arriba en la orilla de la mesa hay un bordo angostito.""]","Ripata rabó hue chacátami ju. Arriba en la orilla de la mesa hay un bordo angostito.","SRC-02[33]","Autorizada para difusión","Pendiente de validación lingüística","Transcrito"
"RD-000639","tar","Chachámuri","S","Chachámuri","chachamuri","","S","Tipo de culebra de cascabel chico","[]","[]","","SRC-02[33]","Autorizada para difusión","Pendiente de validación lingüística","Transcrito"
"RD-000640","tar","Chaché","Vi","Chaché","chache","","Vi","Tocarse (una cosa con otra)","[]","[]","","SRC-02[33]","Autorizada para difusión","Pendiente de validación lingüística","Transcrito"
"RD-000641","tar","Chaguta","Vi","Chaguta","chaguta","","Vi","Secarse (hoja)","[]","[]","","SRC-02[33]","Autorizada para difusión","Pendiente de validación lingüística","Transcrito"
"RD-000642","tar","Chahué","Vt","Chahué","chahue","","Vt","Envenenar","[""fut.: chahuéama""]","[""Biré rijoy chahuéiga mi’yari biré cochí. Un hombre mató un perro envenenándolo. [fut.: chahuéama].""]","Biré rijoy chahuéiga mi’yari biré cochí. Un hombre mató un perro envenenándolo. [fut.: chahuéama].","SRC-02[33]","Autorizada para difusión","Pendiente de validación lingüística","Transcrito"
"RD-000643","tar","Cha´í","Vi","Cha´í","cha´i","","Vi","Apretarse, atorarse","[]","[]","","SRC-02[33]","Autorizada para difusión","Pendiente de validación lingüística","Transcrito"
"RD-000644","tar","Cha’ira","Vt","Cha’ira","cha'ira","","Vt","Apretar","[]","[]","","SRC-02[33]","Autorizada para difusión","Pendiente de validación lingüística","Transcrito"
"RD-000645","tar","Chajoca","Vt","Chajoca","chajoca","","Vt","Raspar","[""pret.: chihuarir; pp.: chajócami""]","[""Echi ocó cajera hue chajócami ju. La cáscara del pino es muy áspera. [pret.: chihuarir; pp.: chajócami].""]","Echi ocó cajera hue chajócami ju. La cáscara del pino es muy áspera. [pret.: chihuarir; pp.: chajócami].","SRC-02[33]","Autorizada para difusión","Pendiente de validación lingüística","Transcrito"
"RD-000646","tar","Chamarí","S","Chamarí","chamari","","S","Venado","[]","[]","","SRC-02[33]","Autorizada para difusión","Pendiente de validación lingüística","Transcrito"
"RD-000647","tar","Cha’mérohua","S","Cha’mérohua","cha'merohua","","S","Lengua","[]","[""Nijé cha’mérahuara. Mi lengua.""]","Nijé cha’mérahuara. Mi lengua.","SRC-02[33]","Autorizada para difusión","Pendiente de validación lingüística","Transcrito"
"RD-000648","tar","Cha’mí","Vt","Cha’mí","cha'mi","","Vt","Lamer","[""fut.: cha’miméa""]","[""[fut.: cha’miméa].""]","[fut.: cha’miméa].","SRC-02[33]","Autorizada para difusión","Pendiente de validación lingüística","Transcrito"
"RD-000649","tar","Chami níriqui iquiri","","Chami níriqui iquiri","chami niriqui iquiri","","Sin clasificar","Lo sorprendió","[]","[]","","SRC-02[33]","Autorizada para difusión","Pendiente de validación lingüística","Transcrito"
"RD-000650","tar","Chamurá","S","Chamurá","chamura","","S","Cascabel","[]","[""Sinohui chamurara. Cascabel de víbora.""]","Sinohui chamurara. Cascabel de víbora.","SRC-02[33]","Autorizada para difusión","Pendiente de validación lingüística","Transcrito"
"RD-000651","tar","Chamuré","Vi","Chamuré","chamure","","Vi","Tener cascabel","[]","[""Echo sinohui quesasi chamuré. Esa víbora no tiene cascabel.""]","Echo sinohui quesasi chamuré. Esa víbora no tiene cascabel.","SRC-02[33]","Autorizada para difusión","Pendiente de validación lingüística","Transcrito"
"RD-000652","tar","Chana","Vi","Chana","chana","","Vi","Enfermarse (salir granos)","[]","[""Huaminabi chánama. Se enfermará más; le saldrán granos.""]","Huaminabi chánama. Se enfermará más; le saldrán granos.","SRC-02[33]","Autorizada para difusión","Pendiente de validación lingüística","Transcrito"
"RD-000653","tar","Chané","Vi","Chané","chane","","Vi","1. Sonar mal 2. Resonar 3. Tocar a la puerta","[]","[]","","SRC-02[33]","Autorizada para difusión","Pendiente de validación lingüística","Transcrito"
"RD-000654","tar","Chanébari","S","Chanébari","chanebari","","S","Sonaja (bailarín), cascabel de pascolero","[]","[]","","SRC-02[33]","Autorizada para difusión","Pendiente de validación lingüística","Transcrito"
"RD-000655","tar","Chanécuri","S","Chanécuri","chanecuri","","S","Sonaja de pascolero","[]","[]","","SRC-02[33]","Autorizada para difusión","Pendiente de validación lingüística","Transcrito"
"RD-000656","tar","Chapí","","Chapí","chapi","","Sin clasificar","1. vt Coger, agarrar (una persona 2. Tomar (coger) 3. Elegir 4. imper ¡Escójalo! [fut.: chapiméa]","[]","[]","","SRC-02[33]","Autorizada para difusión","Pendiente de validación lingüística","Transcrito"
"RD-000657","tar","Chapináari","Vt pret","Chapináari","chapinaari","","Vt","Querer agarrar","[]","[]","","SRC-02[33]","Autorizada para difusión","Pendiente de validación lingüística","Transcrito"
"RD-000658","tar","Chapiyó","S","Chapiyó","chapiyo","","S","Los ancianos (que se paran a un lado gritando cuando bailan los matachines)","[]","[]","","SRC-02[33]","Autorizada para difusión","Pendiente de validación lingüística","Transcrito"
"RD-000659","tar","Chaquena","Adv","Chaquena","chaquena","","Adv","A un lado (del camino)","[]","[""Chaquena simiri. Andaba a un lado, sin seguir en el camino.""]","Chaquena simiri. Andaba a un lado, sin seguir en el camino.","SRC-02[34]","Autorizada para difusión","Pendiente de validación lingüística","Transcrito"
"RD-000660","tar","Charé","Vi","Charé","chare","","Vi","Estar feo (un lugar)","[]","[""Hue charé, que gará burú. Está feo (pedregoso) el terreno, no hay buen camino. Charícáachi. Avd En lugar feo.""]","Hue charé, que gará burú. Está feo (pedregoso) el terreno, no hay buen camino. Charícáachi. Avd En lugar feo.","SRC-02[34]","Autorizada para difusión","Pendiente de validación lingüística","Transcrito"
"RD-000661","tar","Charihuá","S","Charihuá","charihua","","S","Ramitas","[]","[]","","SRC-02[34]","Autorizada para difusión","Pendiente de validación lingüística","Transcrito"
"RD-000662","tar","Charihué","Vi","Charihué","charihue","","Vi","Tener ramitas","[""pret.: charihuéeri; fut.:charihuérama""]","[""[pret.: charihuéeri; fut.:charihuérama] Rojuá charihuara. S Ramitas del encino.""]","[pret.: charihuéeri; fut.:charihuérama] Rojuá charihuara. S Ramitas del encino.","SRC-02[34]","Autorizada para difusión","Pendiente de validación lingüística","Transcrito"
"RD-000663","tar","Charóara","S","Charóara","charoara","","S","Quijada","[]","[]","","SRC-02[34]","Autorizada para difusión","Pendiente de validación lingüística","Transcrito"
"RD-000664","tar","Charóarahua","S","Charóarahua","charoarahua","","S","Barba","[]","[]","","SRC-02[34]","Autorizada para difusión","Pendiente de validación lingüística","Transcrito"
"RD-000665","tar","Chati","Adv","Chati","chati","","Adv","Feo, mal","[]","[""Chati orá. Pecar, hacer mal. Chati oráami. Malhechor, pecador. Chati orarira. Maldad, pecado. Chati oruhuáhuami. Pecado.""]","Chati orá. Pecar, hacer mal. Chati oráami. Malhechor, pecador. Chati orarira. Maldad, pecado. Chati oruhuáhuami. Pecado.","SRC-02[34]","Autorizada para difusión","Pendiente de validación lingüística","Transcrito"
"RD-000666","tar","Che","Vi","Che","che","","Vi","Pegarse, permanecer fijo","[]","[""Ri’ré che. Se pega abajo.""]","Ri’ré che. Se pega abajo.","SRC-02[34]","Autorizada para difusión","Pendiente de validación lingüística","Transcrito"
"RD-000667","tar","Chehui","Vt","Chehui","chehui","","Vt","Atajar, atrancar","[""pret.: chehuari; fut.: chehuama""]","[""¡Rité ch’eega maná! ¡atájalo con una piedra abajo! [pret.: chehuari; fut.: chehuama].""]","¡Rité ch’eega maná! ¡atájalo con una piedra abajo! [pret.: chehuari; fut.: chehuama].","SRC-02[34]","Autorizada para difusión","Pendiente de validación lingüística","Transcrito"
"RD-000668","tar","Chérami","Adj","Chérami","cherami","","Adj","Vieja (cosa)","[]","[]","","SRC-02[34]","Autorizada para difusión","Pendiente de validación lingüística","Transcrito"
"RD-000669","tar","Chí","Pron","Chí","chi","","Pron","Me","[]","[]","","SRC-02[34]","Autorizada para difusión","Pendiente de validación lingüística","Transcrito"
"RD-000670","tar","Chibá","S esp","Chibá","chiba","","S","Chiva","[]","[""Chibá huichira. Cuerno de chiva. Chibá hui’íra. Cebo de chiva. Chibá huitara. Estiércol de chiva.""]","Chibá huichira. Cuerno de chiva. Chibá hui’íra. Cebo de chiva. Chibá huitara. Estiércol de chiva.","SRC-02[34]","Autorizada para difusión","Pendiente de validación lingüística","Transcrito"
"RD-000671","tar","Chibi","Adv","Chibi","chibi","","Adv","Mal","[]","[""¡Quetasi chibi orá! ¡no lo maltrates!""]","¡Quetasi chibi orá! ¡no lo maltrates!","SRC-02[34]","Autorizada para difusión","Pendiente de validación lingüística","Transcrito"
"RD-000672","tar","Chibisíami","Adj","Chibisíami","chibisiami","","Adj","Malo","[]","[""Que chibisíami. Manso.""]","Que chibisíami. Manso.","SRC-02[34]","Autorizada para difusión","Pendiente de validación lingüística","Transcrito"
"RD-000673","tar","Chicá","S","Chicá","chica","","S","Ardilla mediana (de la tierra)","[]","[]","","SRC-02[34]","Autorizada para difusión","Pendiente de validación lingüística","Transcrito"
"RD-000674","tar","Chicónami","Adj","Chicónami","chiconami","","Adj","Chueco","[]","[""Biré cusí chicónami. Palo chueco.""]","Biré cusí chicónami. Palo chueco.","SRC-02[34]","Autorizada para difusión","Pendiente de validación lingüística","Transcrito"
"RD-000675","tar","Chicora","Vi","Chicora","chicora","","Vi","Tener comezón","[""pret.: chicóori; fut.: chicórama; pp.: chicórahuami""]","[""[pret.: chicóori; fut.: chicórama; pp.: chicórahuami].""]","[pret.: chicóori; fut.: chicórama; pp.: chicórahuami].","SRC-02[34]","Autorizada para difusión","Pendiente de validación lingüística","Transcrito"
"RD-000676","tar","Chicuri","S","Chicuri","chicuri","","S","Ratón","[]","[]","","SRC-02[34]","Autorizada para difusión","Pendiente de validación lingüística","Transcrito"
"RD-000677","tar","Chichimó","S","Chichimó","chichimo","","S","Ardillita de la tierra (vive entre las piedras)","[]","[]","","SRC-02[34]","Autorizada para difusión","Pendiente de validación lingüística","Transcrito"
"RD-000678","tar","Chi’é","S","Chi’é","chi'e","","S","Cuñado, cuñada (casada con el hermano mayor o la hermana mayor; con la prima hermana. Mujer casada con primo hermano mayor).","[]","[]","","SRC-02[34]","Autorizada para difusión","Pendiente de validación lingüística","Transcrito"
"RD-000679","tar","¿Chigá?","Interr","¿Chigá?","¿chiga?","","Interr","¿Quién?","[]","[]","","SRC-02[34]","Autorizada para difusión","Pendiente de validación lingüística","Transcrito"
"RD-000680","tar","Chigó","Vt","Chigó","chigo","","Vt","Robar","[""pret.: chigori""]","[""[pret.: chigori]. Chigórati. Fue robado. Chigóratami. Robado. Chiguá. Robando.""]","[pret.: chigori]. Chigórati. Fue robado. Chigóratami. Robado. Chiguá. Robando.","SRC-02[34]","Autorizada para difusión","Pendiente de validación lingüística","Transcrito"
"RD-000681","tar","Chigórami","Adj, s","Chigórami","chigorami","","Adj","Ladrón","[]","[]","","SRC-02[34]","Autorizada para difusión","Pendiente de validación lingüística","Transcrito"
"RD-000682","tar","Chigosa","Vt","Chigosa","chigosa","","Vt","Robar (de paso)","[]","[""Chigósari echo rijoy huenomí. El hombre robó dinero de paso.""]","Chigósari echo rijoy huenomí. El hombre robó dinero de paso.","SRC-02[34]","Autorizada para difusión","Pendiente de validación lingüística","Transcrito"
"RD-000683","tar","Chihuá","Vt","Chihuá","chihua","","Vt","1. Pegar (un balazo o con otra cosa) 2. Apuñalar 3. Robar 4. Herir","[]","[]","","SRC-02[34-35]","Autorizada para difusión","Pendiente de validación lingüística","Transcrito"
"RD-000684","tar","Chi’huá","Vi","Chi’huá","chi'hua","","Vi","1. Romperse 2. Cortarse","[""pret.: chi’huari""]","[""Casichí chi’huari. Se cortó en la pierna. [pret.: chi’huari]. Chi’huaní. Vi Estar rompiéndose. Chi’huáami. Adj Roto, quebrado.""]","Casichí chi’huari. Se cortó en la pierna. [pret.: chi’huari]. Chi’huaní. Vi Estar rompiéndose. Chi’huáami. Adj Roto, quebrado.","SRC-02[35]","Autorizada para difusión","Pendiente de validación lingüística","Transcrito"
"RD-000685","tar","Chihuahua","Vt pl","Chihuahua","chihuahua","","Vt","Robar mucho","[]","[]","","SRC-02[35]","Autorizada para difusión","Pendiente de validación lingüística","Transcrito"
"RD-000686","tar","Chihuáhuara","S","Chihuáhuara","chihuahuara","","S","Bolsa de cuero, saco de manta, talega","[]","[]","","SRC-02[35]","Autorizada para difusión","Pendiente de validación lingüística","Transcrito"
"RD-000687","tar","Chi’huana","Vt","Chi’huana","chi'huana","","Vt","1. Romper 2. Cortar 3. Rasgar","[""fut.: chi’huanama; pret.: chi’huánari""]","[""[fut.: chi’huanama; pret.: chi’huánari].""]","[fut.: chi’huanama; pret.: chi’huánari].","SRC-02[35]","Autorizada para difusión","Pendiente de validación lingüística","Transcrito"
"RD-000688","tar","Chi’huara","S","Chi’huara","chi'huara","","S","Ubre","[]","[]","","SRC-02[35]","Autorizada para difusión","Pendiente de validación lingüística","Transcrito"
"RD-000689","tar","Chihuí","S","1Chihuí","chihui","1","S","Cócono (silvestre), guajolote","[]","[]","","SRC-02[35]","Autorizada para difusión","Pendiente de validación lingüística","Transcrito"
"RD-000690","tar","Chihuí","Vi","2Chihuí","chihui","2","Vi","1. Pegarse, golpearse 2. Cortarse","[""fut.: chihuiméa""]","[""[fut.: chihuiméa].""]","[fut.: chihuiméa].","SRC-02[35]","Autorizada para difusión","Pendiente de validación lingüística","Transcrito"
"RD-000691","tar","Chi’í","Vt","Chi’í","chi'i","","Vt","Mamar, tomar pecho","[]","[]","","SRC-02[35]","Autorizada para difusión","Pendiente de validación lingüística","Transcrito"
"RD-000692","tar","Chi’íami","Adj","Chi’íami","chi'iami","","Adj","Mamador","[]","[""Echi táa múchari hue chi’íami ju. Ese bebé es muy mamador.""]","Echi táa múchari hue chi’íami ju. Ese bebé es muy mamador.","SRC-02[35]","Autorizada para difusión","Pendiente de validación lingüística","Transcrito"
"RD-000693","tar","Chi’ibú","Vt","Chi’ibú","chi'ibu","","Vt","Acornear, picar (con alguna cosa)","[]","[""Biré toro tamí chi’iburi. Un toro me picó con sus cuernos.""]","Biré toro tamí chi’iburi. Un toro me picó con sus cuernos.","SRC-02[35]","Autorizada para difusión","Pendiente de validación lingüística","Transcrito"
"RD-000694","tar","Chi’íra","Vt","Chi’íra","chi'ira","","Vt","Amamantar, dar el pecho","[]","[""Chi’mú. Vt Dar leche.""]","Chi’mú. Vt Dar leche.","SRC-02[35]","Autorizada para difusión","Pendiente de validación lingüística","Transcrito"
"RD-000695","tar","Chijá","Vi pl","Chijá","chija","","Vi","Desparramarse","[]","[""Chijaga piré. Viven desparramados. Chijana. Vt pl Desparramar. Chijasa. Están dispersándose. Chijanárami. Desparramados por otro.""]","Chijaga piré. Viven desparramados. Chijana. Vt pl Desparramar. Chijasa. Están dispersándose. Chijanárami. Desparramados por otro.","SRC-02[35]","Autorizada para difusión","Pendiente de validación lingüística","Transcrito"
"RD-000696","tar","Chijisó","Vt","Chijisó","chijiso","","Vt","Picar (con alguna cosa)","[]","[""Cusiti chijisori. Le picó con un palo.""]","Cusiti chijisori. Le picó con un palo.","SRC-02[35]","Autorizada para difusión","Pendiente de validación lingüística","Transcrito"
"RD-000697","tar","Chijuna","Vt","Chijuna","chijuna","","Vt","Dar asco (por ser sucio o feo), menospreciar","[]","[]","","SRC-02[35]","Autorizada para difusión","Pendiente de validación lingüística","Transcrito"
"RD-000698","tar","Chimari","S","Chimari","chimari","","S","Una mata parecida a la cebolla, pero no se come por su sabor fuerte; mata a los sembrados","[]","[]","","SRC-02[35]","Autorizada para difusión","Pendiente de validación lingüística","Transcrito"
"RD-000699","tar","Chimorí","S","Chimorí","chimori","","S","Ardilla amarilla (se sube a los árboles)","[]","[]","","SRC-02[35]","Autorizada para difusión","Pendiente de validación lingüística","Transcrito"
"RD-000700","tar","Chimú","Vi","Chimú","chimu","","Vi","Estar doblándose el filo","[]","[]","","SRC-02[35]","Autorizada para difusión","Pendiente de validación lingüística","Transcrito"
"RD-000701","tar","Chi’múcari","S","Chi’múcari","chi'mucari","","S","Calabacita","[]","[]","","SRC-02[35]","Autorizada para difusión","Pendiente de validación lingüística","Transcrito"
"RD-000702","tar","Chiminú","Vt","Chiminú","chiminu","","Vt","Estar doblando","[""fut.: chimunama""]","[""[fut.: chimunama].""]","[fut.: chimunama].","SRC-02[35]","Autorizada para difusión","Pendiente de validación lingüística","Transcrito"
"RD-000703","tar","Chi’mura","S","Chi’mura","chi'mura","","S","Seno","[]","[]","","SRC-02[35]","Autorizada para difusión","Pendiente de validación lingüística","Transcrito"
"RD-000704","tar","Chi’muri","S","Chi’muri","chi'muri","","S","Teta","[]","[]","","SRC-02[35]","Autorizada para difusión","Pendiente de validación lingüística","Transcrito"
"RD-000705","tar","Chi’ná","Vt","Chi’ná","chi'na","","Vt","Echar chispas (la lumbre)","[]","[]","","SRC-02[35]","Autorizada para difusión","Pendiente de validación lingüística","Transcrito"
"RD-000706","tar","Chiná","Adj","Chiná","china","","Adj","Despeinado","[]","[]","","SRC-02[35]","Autorizada para difusión","Pendiente de validación lingüística","Transcrito"
"RD-000707","tar","Chinasa","Vt","Chinasa","chinasa","","Vt","Esconder","[]","[""Chiná niráa. Secretamente. chiná iyena. Anda escondido.""]","Chiná niráa. Secretamente. chiná iyena. Anda escondido.","SRC-02[35]","Autorizada para difusión","Pendiente de validación lingüística","Transcrito"
"RD-000708","tar","Chiní","S","Chiní","chini","","S","Manta, ropa","[]","[""Chiní burirúami. Pieza de manta. Chiní quimita. Rebozo.""]","Chiní burirúami. Pieza de manta. Chiní quimita. Rebozo.","SRC-02[35]","Autorizada para difusión","Pendiente de validación lingüística","Transcrito"
"RD-000709","tar","Chinita","s","Chinita","chinita","","S","Peine comercial","[]","[]","","SRC-02[35]","Autorizada para difusión","Pendiente de validación lingüística","Transcrito"
"RD-000710","tar","Chipahuí","S","Chipahuí","chipahui","","S","Ardilla gris (de los árboles)","[]","[]","","SRC-02[35]","Autorizada para difusión","Pendiente de validación lingüística","Transcrito"
"RD-000711","tar","Chipérami","Pp","Chipérami","chiperami","","Pp","Plano","[]","[]","","SRC-02[36]","Autorizada para difusión","Pendiente de validación lingüística","Transcrito"
"RD-000712","tar","Chipó","Vi","Chipó","chipo","","Vi","Palpitar","[]","[]","","SRC-02[36]","Autorizada para difusión","Pendiente de validación lingüística","Transcrito"
"RD-000713","tar","Chipó","Vi","Chipó","chipo","","Vi","Salpicar, brincar (como manteca en la sartén)","[]","[]","","SRC-02[36]","Autorizada para difusión","Pendiente de validación lingüística","Transcrito"
"RD-000714","tar","Chipú","Vi","Chipú","chipu","","Vi","Estar amargo (p. ej.: café)","[""pret.: chipúari; fut.: chipúrama; pp.: chipúami; pres.: chipura""]","[""Echi cajé hue chipú. El café está amargo, no tiene dulce [pret.: chipúari; fut.: chipúrama; pp.: chipúami; pres.: chipura].""]","Echi cajé hue chipú. El café está amargo, no tiene dulce [pret.: chipúari; fut.: chipúrama; pp.: chipúami; pres.: chipura].","SRC-02[36]","Autorizada para difusión","Pendiente de validación lingüística","Transcrito"
"RD-000715","tar","Chiquí","S","Chiquí","chiqui","","S","Camote (se usa para hacer pegamento para los violines)","[]","[""Chiquí jiti uchugá nihuarihua echo raberi. Pegándolo con ese camote se fabrica el violín.""]","Chiquí jiti uchugá nihuarihua echo raberi. Pegándolo con ese camote se fabrica el violín.","SRC-02[36]","Autorizada para difusión","Pendiente de validación lingüística","Transcrito"
"RD-000716","tar","Chi’rá","Vi","1Chi’rá","chi'ra","1","Vi","Amanecer (el día)","[""fut.: chi’riméa""]","[""Pe arí chi’riméaré. Tal vez va a amanecer en un rato. [fut.: chi’riméa].""]","Pe arí chi’riméaré. Tal vez va a amanecer en un rato. [fut.: chi’riméa].","SRC-02[36]","Autorizada para difusión","Pendiente de validación lingüística","Transcrito"
"RD-000717","tar","Chi’rá","Vi","2Chi’rá","chi'ra","2","Vi","Estar tierno (elote, calabaza)","[""pp.: chi’ráami""]","[""[pp.: chi’ráami].""]","[pp.: chi’ráami].","SRC-02[36]","Autorizada para difusión","Pendiente de validación lingüística","Transcrito"
"RD-000718","tar","Chi’rá","Vt","3Chi’rá","chi'ra","3","Vt","aplastar","[]","[""Ripuchí chi’ránarini macúsahua jiti. Aplasté la pulga con mi dedo. Chi’rana. Vt aplastar (con el dedo).""]","Ripuchí chi’ránarini macúsahua jiti. Aplasté la pulga con mi dedo. Chi’rana. Vt aplastar (con el dedo).","SRC-02[36]","Autorizada para difusión","Pendiente de validación lingüística","Transcrito"
"RD-000719","tar","Chira, chirohua","Vi","Chira, chirohua","chira, chirohua","","Vi","Cuchichear, murmurar","[""chirohua""]","[""Chírahua anini. Se oye que cuchichean.""]","Chírahua anini. Se oye que cuchichean.","SRC-02[36]","Autorizada para difusión","Pendiente de validación lingüística","Transcrito"
"RD-000720","tar","Chi’ré","","1Chi’ré","chi're","1","Sin clasificar","Importar","[]","[""¿Chu chiré? ¿Qué importa? Que chireco. No importa.""]","¿Chu chiré? ¿Qué importa? Que chireco. No importa.","SRC-02[36]","Autorizada para difusión","Pendiente de validación lingüística","Transcrito"
"RD-000721","tar","Chi’ré","Vi","2Chi’ré","chi're","2","Vi","1. pasar (un tiempo), pernoctar","[]","[""Ma ocuá chi’reri. Ya hace dos días (pasaron dos noches). Ba’arí nahuó chi’rema. Mañana va a hacer cuatro días. Ocuá chi’rigá cu norínamani. Después de dos días regresaré.""]","Ma ocuá chi’reri. Ya hace dos días (pasaron dos noches). Ba’arí nahuó chi’rema. Mañana va a hacer cuatro días. Ocuá chi’rigá cu norínamani. Después de dos días regresaré.","SRC-02[36]","Autorizada para difusión","Pendiente de validación lingüística","Transcrito"
"RD-000722","tar","Chi’reba","Vi","Chi’reba","chi'reba","","Vi","Pasarea la noche, posar","[]","[""Gará chi’rébarini. Pasé bien la noche. Jena’í chi’ribámani. Aquí voy a pasar la noche.""]","Gará chi’rébarini. Pasé bien la noche. Jena’í chi’ribámani. Aquí voy a pasar la noche.","SRC-02[36]","Autorizada para difusión","Pendiente de validación lingüística","Transcrito"
"RD-000723","tar","Chirena","Vi","Chirena","chirena","","Vi","Estar sudando","[]","[]","","SRC-02[36]","Autorizada para difusión","Pendiente de validación lingüística","Transcrito"
"RD-000724","tar","Chirí","S","Chirí","chiri","","S","Queja","[]","[""Chirí anigá bitiri. Estaban acostados en el suelo gritando sus quejas. Chirí animéa. Dirá sus quejas en alta voz.""]","Chirí anigá bitiri. Estaban acostados en el suelo gritando sus quejas. Chirí animéa. Dirá sus quejas en alta voz.","SRC-02[36]","Autorizada para difusión","Pendiente de validación lingüística","Transcrito"
"RD-000725","tar","Chirigá","Adv","Chirigá","chiriga","","Adv","De ninguna manera","[]","[""Quetasi chirigá omérari. De ninguna manera pudieron.""]","Quetasi chirigá omérari. De ninguna manera pudieron.","SRC-02[36]","Autorizada para difusión","Pendiente de validación lingüística","Transcrito"
"RD-000726","tar","Chirihué","Vi","Chirihué","chirihue","","Vi","Humedecerse, tener sudor","[""pret.: chirihuéari; chiruérama; pp.: chirihuéami""]","[""[pret.: chirihuéari; chiruérama; pp.: chirihuéami].""]","[pret.: chirihuéari; chiruérama; pp.: chirihuéami].","SRC-02[36]","Autorizada para difusión","Pendiente de validación lingüística","Transcrito"
"RD-000727","tar","Chirihuéraba","Adv","Chirihuéraba","chirihueraba","","Adv","No hay de qué","[]","[]","","SRC-02[36]","Autorizada para difusión","Pendiente de validación lingüística","Transcrito"
"RD-000728","tar","Chi’rimea","","Chi’rimea","chi'rimea","","Sin clasificar","Amanecerá","[""futuro de chi’rá""]","[""[futuro de chi’rá]""]","[futuro de chi’rá]","SRC-02[36]","Autorizada para difusión","Pendiente de validación lingüística","Transcrito"
"RD-000729","tar","Chi’rina","Vt","Chi’rina","chi'rina","","Vt","Hacer echar chispas","[""fut.: chi’rinama""]","[""[fut.: chi’rinama].""]","[fut.: chi’rinama].","SRC-02[36]","Autorizada para difusión","Pendiente de validación lingüística","Transcrito"
"RD-000730","tar","Chi’riní","Vi","Chi’riní","chi'rini","","Vi","Estar echando chispas","[""pret.: chi’riri; fut.: chi’rima""]","[""[pret.: chi’riri; fut.: chi’rima]. Chi’rinana. Echará chispas (una persona)""]","[pret.: chi’riri; fut.: chi’rima]. Chi’rinana. Echará chispas (una persona)","SRC-02[36]","Autorizada para difusión","Pendiente de validación lingüística","Transcrito"
"RD-000731","tar","Chi’rirú","Vt","Chi’rirú","chi'riru","","Vt","Llevar (en la punta de un palito)","[]","[""Mani mi’yair biré sayahui; cusiti chi’riruca micabé pámani. Ya maté una víbora de cascabel; la llevaré en la punta de un palito para tirarla lejos.""]","Mani mi’yair biré sayahui; cusiti chi’riruca micabé pámani. Ya maté una víbora de cascabel; la llevaré en la punta de un palito para tirarla lejos.","SRC-02[36-37]","Autorizada para difusión","Pendiente de validación lingüística","Transcrito"
"RD-000732","tar","Chi’riruri","S","Chi’riruri","chi'riruri","","S","El palo con que las mujeres tiran los aros cuando corren en las carreras.","[]","[""Rohuera chi’riruri. Tiró el aro con un palito.""]","Rohuera chi’riruri. Tiró el aro con un palito.","SRC-02[37]","Autorizada para difusión","Pendiente de validación lingüística","Transcrito"
"RD-000733","tar","Chi’ró","Vi","Chi’ró","chi'ro","","Vi","Salpicar, aletear, brincar","[]","[""Ma pohuasa biré rochí, arí hue chi’roma. Cuando se agarra un pez con el anzuelo, entonces aletea mucho. Chi’ronó. Estar salpicando.""]","Ma pohuasa biré rochí, arí hue chi’roma. Cuando se agarra un pez con el anzuelo, entonces aletea mucho. Chi’ronó. Estar salpicando.","SRC-02[37]","Autorizada para difusión","Pendiente de validación lingüística","Transcrito"
"RD-000734","tar","Chirohua","","Chirohua","chirohua","","Sin clasificar","Cuchichear","[""Variante de chira""]","[""[Variante de chira].""]","[Variante de chira].","SRC-02[37]","Autorizada para difusión","Pendiente de validación lingüística","Transcrito"
"RD-000735","tar","Chirúrami","","Chirúrami","chirurami","","Sin clasificar","1. S Círculos 2. Adj pl Redondos [sing.: sitúrami]","[]","[""Ne chitúraga jahui cúrohui. Los niños forman círculos.""]","Ne chitúraga jahui cúrohui. Los niños forman círculos.","SRC-02[37]","Autorizada para difusión","Pendiente de validación lingüística","Transcrito"
"RD-000736","tar","Chi’yé","S","Chi’yé","chi'ye","","S","Cuñado (esposo de la hermana mayor).","[]","[]","","SRC-02[37]","Autorizada para difusión","Pendiente de validación lingüística","Transcrito"
"RD-000737","tar","Chiyó","S","Chiyó","chiyo","","S","Borrego con cuatro cuernos","[]","[]","","SRC-02[37]","Autorizada para difusión","Pendiente de validación lingüística","Transcrito"
"RD-000738","tar","Chiyohui","S","Chiyohui","chiyohui","","S","Tipo de ave de pecho amarillo","[]","[]","","SRC-02[37]","Autorizada para difusión","Pendiente de validación lingüística","Transcrito"
"RD-000739","tar","Cho","Adv","Cho","cho","","Adv","Todavía","[]","[""Quetasi cho ucú. No llueve todavía. Abijí hue ucú. Todavía lueve mucho.""]","Quetasi cho ucú. No llueve todavía. Abijí hue ucú. Todavía lueve mucho.","SRC-02[37]","Autorizada para difusión","Pendiente de validación lingüística","Transcrito"
"RD-000740","tar","Choba","Vt","1Choba","choba","1","Vt","Hacer trenzas","[""pp.: chóbarami""]","[""[pp.: chóbarami]. Chobatai. Hacer trenzas (a otra).""]","[pp.: chóbarami]. Chobatai. Hacer trenzas (a otra).","SRC-02[37]","Autorizada para difusión","Pendiente de validación lingüística","Transcrito"
"RD-000741","tar","Choba","Vi","2Choba","choba","2","Vi","Quemarse (por el sol).","[""pp.: chobácami""]","[""Rayénari jiti chóbari binoy acárachi. Por el sol se quemó su cara. [pp.: chobácami].""]","Rayénari jiti chóbari binoy acárachi. Por el sol se quemó su cara. [pp.: chobácami].","SRC-02[37]","Autorizada para difusión","Pendiente de validación lingüística","Transcrito"
"RD-000742","tar","Chobátana","Vt","Chobátana","chobatana","","Vt","Ennegrecer","[]","[]","","SRC-02[37]","Autorizada para difusión","Pendiente de validación lingüística","Transcrito"
"RD-000743","tar","Chócami","Adj","Chócami","chocami","","Adj","Negro","[]","[]","","SRC-02[37]","Autorizada para difusión","Pendiente de validación lingüística","Transcrito"
"RD-000744","tar","Chocó","Vi","Chocó","choco","","Vi","Estar agrio","[""pret.: chochóori; fut.: chochórama; pp.: chocóami""]","[""[pret.: chochóori; fut.: chochórama; pp.: chocóami].""]","[pret.: chochóori; fut.: chochórama; pp.: chocóami].","SRC-02[37]","Autorizada para difusión","Pendiente de validación lingüística","Transcrito"
"RD-000745","tar","Chocoba","","Chocoba","chocoba","","Sin clasificar","1. vi Hincarse, ponerse de rodillas 2. s Rodilla","[]","[""¡Chocoba huiribá! ¡Ponte de rodillas! Chocóbachi. En las rodillas. Chocóbaga huirí. Se arrodilla (sing.). Chocóbaga jahui. Se arrodillan (pl.). Chocóbachi. En la rodilla.""]","¡Chocoba huiribá! ¡Ponte de rodillas! Chocóbachi. En las rodillas. Chocóbaga huirí. Se arrodilla (sing.). Chocóbaga jahui. Se arrodillan (pl.). Chocóbachi. En la rodilla.","SRC-02[37]","Autorizada para difusión","Pendiente de validación lingüística","Transcrito"
"RD-000746","tar","Chocóbara","S","Chocóbara","chocobara","","S","Madrastra","[]","[]","","SRC-02[37]","Autorizada para difusión","Pendiente de validación lingüística","Transcrito"
"RD-000747","tar","Chocóbari","S","Chocóbari","chocobari","","S","Cierta mata que tiene una flor muy bonita","[]","[]","","SRC-02[37]","Autorizada para difusión","Pendiente de validación lingüística","Transcrito"
"RD-000748","tar","Chocojipa","Vt","Chocojipa","chocojipa","","Vt","Comenzar una carrera (tirando las bolas)","[]","[""Pe arí chocojípama. Un poco tarde comenzarán la carrera.""]","Pe arí chocojípama. Un poco tarde comenzarán la carrera.","SRC-02[37]","Autorizada para difusión","Pendiente de validación lingüística","Transcrito"
"RD-000749","tar","Chochora","Vi","Chochora","chochora","","Vi","Entumirse (pie, brazo)","[]","[""Ma chochórari ronochí. Ya se le entumió el pie.""]","Ma chochórari ronochí. Ya se le entumió el pie.","SRC-02[37]","Autorizada para difusión","Pendiente de validación lingüística","Transcrito"
"RD-000750","tar","Cho’huá","Vt","Cho’huá","cho'hua","","Vt","Apagar, extinguir (lumbre)","[]","[""Nijeni sinibí cho’huá echi na’í maparini cu simea bitichí jonsa. Yo siempre apago la lumbre cuando salgo de la casa.""]","Nijeni sinibí cho’huá echi na’í maparini cu simea bitichí jonsa. Yo siempre apago la lumbre cuando salgo de la casa.","SRC-02[37]","Autorizada para difusión","Pendiente de validación lingüística","Transcrito"
"RD-000751","tar","Cho’huí","Vi","Cho’huí","cho'hui","","Vi","Apagarse, extinguirse","[""pret.: cho’huiri; fut.: cho’huimea""]","[""Ma cho’huiri na’ique. Ya se apagó la lumbre. [pret.: cho’huiri; fut.: cho’huimea].""]","Ma cho’huiri na’ique. Ya se apagó la lumbre. [pret.: cho’huiri; fut.: cho’huimea].","SRC-02[37]","Autorizada para difusión","Pendiente de validación lingüística","Transcrito"
"RD-000752","tar","Cho’má","","Cho’má","cho'ma","","Sin clasificar","1. s Moco 2. vi Resfriarse","[]","[""Echo tohuí hue cho’meami ju. Ese niño tiene mucho moco. Cho’méami. Mocoso. Cho’mé. Vi Tener moco.""]","Echo tohuí hue cho’meami ju. Ese niño tiene mucho moco. Cho’méami. Mocoso. Cho’mé. Vi Tener moco.","SRC-02[37-38]","Autorizada para difusión","Pendiente de validación lingüística","Transcrito"
"RD-000753","tar","Chomá","S","Chomá","choma","","S","Nariz","[]","[]","","SRC-02[38]","Autorizada para difusión","Pendiente de validación lingüística","Transcrito"
"RD-000754","tar","Cho’mabú","Vi","Cho’mabú","cho'mabu","","Vi","Limpiarse la nariz","[]","[]","","SRC-02[38]","Autorizada para difusión","Pendiente de validación lingüística","Transcrito"
"RD-000755","tar","Cho’mácara aní","","Cho’mácara aní","cho'macara ani","","Sin clasificar","Estar ronco","[]","[]","","SRC-02[38]","Autorizada para difusión","Pendiente de validación lingüística","Transcrito"
"RD-000756","tar","Cho’maná","Vi","Cho’maná","cho'mana","","Vi","Tener catarro","[]","[]","","SRC-02[38]","Autorizada para difusión","Pendiente de validación lingüística","Transcrito"
"RD-000757","tar","Cho’márachi","S","Cho’márachi","cho'marachi","","S","Hoyo de la nariz","[]","[]","","SRC-02[38]","Autorizada para difusión","Pendiente de validación lingüística","Transcrito"
"RD-000758","tar","Chomítuami","Adj","Chomítuami","chomituami","","Adj","Rojo oscuro, morado","[]","[]","","SRC-02[38]","Autorizada para difusión","Pendiente de validación lingüística","Transcrito"
"RD-000759","tar","Cho’ná","Vt","Cho’ná","cho'na","","Vt","Pegar (con la mano), abofetear, golpear (con alguna cosa)","[""fut.: cho’nimea""]","[""Sicati capóriga cho’nari. Doblando el puño, le pegó. [fut.: cho’nimea]. Matochi cho’nogá. Tocando le hombro.""]","Sicati capóriga cho’nari. Doblando el puño, le pegó. [fut.: cho’nimea]. Matochi cho’nogá. Tocando le hombro.","SRC-02[38]","Autorizada para difusión","Pendiente de validación lingüística","Transcrito"
"RD-000760","tar","Chona","Vi","Chona","chona","","Vi","1. Oscurecer 2. Ennegrecerse","[""pret.: chónari; fut.: chonama""]","[""Ma arihua, que ‘me ayó chonama. Ya es tarde, pronto oscurecerá. Echi táa tohuí ri’yeca chucú echo’ná napichi, cara chonama. Ese niñito está jugando en la chimenea; se va a tiznar (ennegrecer) completamente. [pret.: chónari; fut.: chonama]. Chónohua. Hacer negro. Chónami. Adv Sucio, oscuro.""]","Ma arihua, que ‘me ayó chonama. Ya es tarde, pronto oscurecerá. Echi táa tohuí ri’yeca chucú echo’ná napichi, cara chonama. Ese niñito está jugando en la chimenea; se va a tiznar (ennegrecer) completamente. [pret.: chónari; fut.: chonama]. Chónohua. Hacer negro. Chónami. Adv Sucio, oscuro.","SRC-02[38]","Autorizada para difusión","Pendiente de validación lingüística","Transcrito"
"RD-000761","tar","Chónachi","","Chónachi","chonachi","","Sin clasificar","A oscuras, en la oscuridad","[]","[]","","SRC-02[38]","Autorizada para difusión","Pendiente de validación lingüística","Transcrito"
"RD-000762","tar","Cho’ó","S","Cho’ó","cho'o","","S","Hocico","[]","[""Cahué cho’ora. El hocico del caballo. Churuguí cho’orá. El pico del pájaro.""]","Cahué cho’ora. El hocico del caballo. Churuguí cho’orá. El pico del pájaro.","SRC-02[38]","Autorizada para difusión","Pendiente de validación lingüística","Transcrito"
"RD-000763","tar","Cho’obáchari","S","Cho’obáchari","cho'obachari","","S","Máscara","[]","[]","","SRC-02[38]","Autorizada para difusión","Pendiente de validación lingüística","Transcrito"
"RD-000764","tar","Cho’ohué","Vi","Cho’ohué","cho'ohue","","Vi","Moverse el hocico","[]","[]","","SRC-02[38]","Autorizada para difusión","Pendiente de validación lingüística","Transcrito"
"RD-000765","tar","Cho’ojí","Vt","Cho’ojí","cho'oji","","Vt","Amarrar el hocico (a un animal)","[]","[]","","SRC-02[38]","Autorizada para difusión","Pendiente de validación lingüística","Transcrito"
"RD-000766","tar","Cho’omaba","Vt","Cho’omaba","cho'omaba","","Vt","Taparse la boca y nariz (por vergüenza)","[]","[""Jaré muguí hue cho’omaba mapujiti hue rihuera. Algunas mujeres se tapan la boca porque tienen vergüenza.""]","Jaré muguí hue cho’omaba mapujiti hue rihuera. Algunas mujeres se tapan la boca porque tienen vergüenza.","SRC-02[38]","Autorizada para difusión","Pendiente de validación lingüística","Transcrito"
"RD-000767","tar","Chopé","S","Chopé","chope","","S","Ocote","[]","[]","","SRC-02[38]","Autorizada para difusión","Pendiente de validación lingüística","Transcrito"
"RD-000768","tar","Chopi","","Chopi","chopi","","Sin clasificar","1. adv Solamente 2. conj Pero, sino","[]","[""Chopi arigá. Siquiera. Chópirigá rihuéami ju. Es tocayo.""]","Chopi arigá. Siquiera. Chópirigá rihuéami ju. Es tocayo.","SRC-02[38]","Autorizada para difusión","Pendiente de validación lingüística","Transcrito"
"RD-000769","tar","Chopirigá","","Chopirigá","chopiriga","","Sin clasificar","Lo mismo, nada más","[]","[""Ocuanica chópirigá aniri. Los dos dijeron lo mismo.""]","Ocuanica chópirigá aniri. Los dos dijeron lo mismo.","SRC-02[38]","Autorizada para difusión","Pendiente de validación lingüística","Transcrito"
"RD-000770","tar","Chopona","Vt","Chopona","chopona","","Vt","Cruzar las piernas","[]","[""¡Chopona asá! ¡Siéntate! (con las piernas cruzadas).""]","¡Chopona asá! ¡Siéntate! (con las piernas cruzadas).","SRC-02[38]","Autorizada para difusión","Pendiente de validación lingüística","Transcrito"
"RD-000771","tar","Chopota","","Chopota","chopota","","Sin clasificar","1. Vi Doblarse (un mecate por estar muy torcido) 2. Tener calambre","[]","[""Huiya cara chopótari. El mecate se dobló (porque estaba demasiado torcido).""]","Huiya cara chopótari. El mecate se dobló (porque estaba demasiado torcido).","SRC-02[38]","Autorizada para difusión","Pendiente de validación lingüística","Transcrito"
"RD-000772","tar","Chopurú","Vi","Chopurú","chopuru","","Vi","Ser ocotoso (reg.: resinoso, el tronco)","[]","[]","","SRC-02[38]","Autorizada para difusión","Pendiente de validación lingüística","Transcrito"
"RD-000773","tar","Choquéami","S pl","Choquéami","choqueami","","S","veces","[""pl.: siné""]","[""Ocuá choquéami rarajípari. Corrieron dos veces. [pl.: siné].""]","Ocuá choquéami rarajípari. Corrieron dos veces. [pl.: siné].","SRC-02[38]","Autorizada para difusión","Pendiente de validación lingüística","Transcrito"
"RD-000774","tar","Choquéhuari","S","Choquéhuari","choquehuari","","S","Tipo de ave que grita temprano en la mañana","[]","[]","","SRC-02[38]","Autorizada para difusión","Pendiente de validación lingüística","Transcrito"
"RD-000775","tar","Choquichí","Adv","Choquichí","choquichi","","Adv","Al principio, en el principio","[]","[]","","SRC-02[38]","Autorizada para difusión","Pendiente de validación lingüística","Transcrito"
"RD-000776","tar","Choquira","Adj","1Choquira","choquira","1","Adj","Culpable","[]","[""Choquira ju. Tiene la culpa. Choquira níiri. Lo provocó.""]","Choquira ju. Tiene la culpa. Choquira níiri. Lo provocó.","SRC-02[38-39]","Autorizada para difusión","Pendiente de validación lingüística","Transcrito"
"RD-000777","tar","Choquira","","2Choquira","choquira","2","Sin clasificar","Principio","[]","[]","","SRC-02[39]","Autorizada para difusión","Pendiente de validación lingüística","Transcrito"
"RD-000778","tar","Choquirá","","Choquirá","choquira","","Sin clasificar","1. vt pl Hacer cabecillas (reg.: para carreras), organizar carreras 2. s Cabecilla (para carreras)","[]","[]","","SRC-02[39]","Autorizada para difusión","Pendiente de validación lingüística","Transcrito"
"RD-000779","tar","Choré","","Choré","chore","","Sin clasificar","1. vi Tener trementina (el pino) 2. s Resina","[""fut.: choromea""]","[""[fut.: choromea]""]","[fut.: choromea]","SRC-02[39]","Autorizada para difusión","Pendiente de validación lingüística","Transcrito"
"RD-000780","tar","Cho’rí","S","Cho’rí","cho'ri","","S","Mata extendida; sirve como quelite","[]","[]","","SRC-02[39]","Autorizada para difusión","Pendiente de validación lingüística","Transcrito"
"RD-000781","tar","Choró","Vi","Choró","choro","","Vi","Estar pegajoso","[""pp.: choroami""]","[""[pp.: choroami].""]","[pp.: choroami].","SRC-02[39]","Autorizada para difusión","Pendiente de validación lingüística","Transcrito"
"RD-000782","tar","Chórohua","S","Chórohua","chorohua","","S","Mugre, suciedad","[]","[]","","SRC-02[39]","Autorizada para difusión","Pendiente de validación lingüística","Transcrito"
"RD-000783","tar","Chorohuera","Vi","Chorohuera","chorohuera","","Vi","Ensuciarse","[]","[]","","SRC-02[39]","Autorizada para difusión","Pendiente de validación lingüística","Transcrito"
"RD-000784","tar","Chota","Vt","Chota","chota","","Vt","Comenzar, empezar, emprender","[""fut.: chotama""]","[""Ma chotabo nochásia. Ya empezamos a trabajar. [fut.: chotama].""]","Ma chotabo nochásia. Ya empezamos a trabajar. [fut.: chotama].","SRC-02[39]","Autorizada para difusión","Pendiente de validación lingüística","Transcrito"
"RD-000785","tar","Choyá","Vi","Choyá","choya","","Vi","Encogerse","[]","[""Coyana. Encoger. Choyátari. Hacerse encoger, doblarse.""]","Coyana. Encoger. Choyátari. Hacerse encoger, doblarse.","SRC-02[39]","Autorizada para difusión","Pendiente de validación lingüística","Transcrito"
"RD-000786","tar","Chu","Interr","Chu","chu","","Interr","¿Qué?","[]","[""¿Chu anihuáami ju? ¿Qué quiere decir? ¿Chu iquí? ¿Qué pasa? ¿Chu mi iquiri? ¿Qué te parece? ¿Chu quipu? ¿Cuánto?, ¿qué cantidad? ¿Chu yena? ¿A qué hora? ¿Chu yena micabé ju? ¿Qué tan lejos está? ¿Chu yiri? ¿Qué clase?, ¿cuál?, ¿qué color?""]","¿Chu anihuáami ju? ¿Qué quiere decir? ¿Chu iquí? ¿Qué pasa? ¿Chu mi iquiri? ¿Qué te parece? ¿Chu quipu? ¿Cuánto?, ¿qué cantidad? ¿Chu yena? ¿A qué hora? ¿Chu yena micabé ju? ¿Qué tan lejos está? ¿Chu yiri? ¿Qué clase?, ¿cuál?, ¿qué color?","SRC-02[39]","Autorizada para difusión","Pendiente de validación lingüística","Transcrito"
"RD-000787","tar","Chúbirigá","Adv","Chúbirigá","chubiriga","","Adv","De alguna manera","[]","[""Chubirigá nihuabo. Vamos a hacerlo de alguna manera.""]","Chubirigá nihuabo. Vamos a hacerlo de alguna manera.","SRC-02[39]","Autorizada para difusión","Pendiente de validación lingüística","Transcrito"
"RD-000788","tar","Chubiyiri","Adj","Chubiyiri","chubiyiri","","Adj","Cualquier color o clase, lo que sea","[]","[""Arigá rariméani biré napacha, mapu chubiyiri nirúrasagá. De todos modos compraré una camisa, de cualquier color que haya.""]","Arigá rariméani biré napacha, mapu chubiyiri nirúrasagá. De todos modos compraré una camisa, de cualquier color que haya.","SRC-02[39]","Autorizada para difusión","Pendiente de validación lingüística","Transcrito"
"RD-000789","tar","Chuca","Vi","Chuca","chuca","","Vi","Comer con tortilla","[]","[""Muní chúcama. Va a comer frijoles con tortilla en lugar de cuchara.""]","Muní chúcama. Va a comer frijoles con tortilla en lugar de cuchara.","SRC-02[39]","Autorizada para difusión","Pendiente de validación lingüística","Transcrito"
"RD-000790","tar","Chúcari","S","Chúcari","chucari","","S","Comida (carne cocida con frijol).","[]","[]","","SRC-02[39]","Autorizada para difusión","Pendiente de validación lingüística","Transcrito"
"RD-000791","tar","Chucú","Vi sing","Chucú","chucu","","Vi","Estar parado (animal, barco, camión de carga, persona agachada)","[""pl.: uchú""]","[""[pl.: uchú]. Chucugá iyena. Gatea.""]","[pl.: uchú]. Chucugá iyena. Gatea.","SRC-02[39]","Autorizada para difusión","Pendiente de validación lingüística","Transcrito"
"RD-000792","tar","Chucuba","Vi","Chucuba","chucuba","","Vi","Pararse (animal)","[""fut.: chucubama""]","[""[fut.: chucubama].""]","[fut.: chucubama].","SRC-02[39]","Autorizada para difusión","Pendiente de validación lingüística","Transcrito"
"RD-000793","tar","Chuché","Interr","Chuché","chuche","","Interr","¿Qué?","[]","[""¿Chucheni orama? ¿Qué le voy a hacer?""]","¿Chucheni orama? ¿Qué le voy a hacer?","SRC-02[39]","Autorizada para difusión","Pendiente de validación lingüística","Transcrito"
"RD-000794","tar","Chu’huá","S","Chu’huá","chu'hua","","S","Tipo de quelite con hojas anchas","[]","[]","","SRC-02[39]","Autorizada para difusión","Pendiente de validación lingüística","Transcrito"
"RD-000795","tar","Chuhué","Adv","Chuhué","chuhue","","Adv","Como quiera","[]","[""Chuhué biréanomí. En donde quiera. Chuhué biré. Cualquier. Chuhué bacháami simíriami. Travieso.""]","Chuhué biréanomí. En donde quiera. Chuhué biré. Cualquier. Chuhué bacháami simíriami. Travieso.","SRC-02[39]","Autorizada para difusión","Pendiente de validación lingüística","Transcrito"
"RD-000796","tar","Chu’huechi","S","Chu’huechi","chu'huechi","","S","1. panteón 2. sepulcro, tumba","[]","[]","","SRC-02[39]","Autorizada para difusión","Pendiente de validación lingüística","Transcrito"
"RD-000797","tar","Chu’huépari","S","Chu’huépari","chu'huepari","","S","Pájaro saltapared","[]","[]","","SRC-02[39]","Autorizada para difusión","Pendiente de validación lingüística","Transcrito"
"RD-000798","tar","Chuhuérahua","Vt","Chuhuérahua","chuhuerahua","","Vt","Hacer como quiera, no hacerlo bien","[]","[]","","SRC-02[40]","Autorizada para difusión","Pendiente de validación lingüística","Transcrito"
"RD-000799","tar","Chu’huí","S","Chu’huí","chu'hui","","S","1. espíritu, espanto, fantasma 2. cadáver","[]","[""Chu’huí inaro. Anda un espanto. Chu’huí matóamo ‘yena. Anda llevando un cadáver.""]","Chu’huí inaro. Anda un espanto. Chu’huí matóamo ‘yena. Anda llevando un cadáver.","SRC-02[40]","Autorizada para difusión","Pendiente de validación lingüística","Transcrito"
"RD-000800","tar","Chu’huiró","Vt","Chu’huiró","chu'huiro","","Vt","Sepultar enterrar","[""pp.: chu’huirótami""]","[""[pp.: chu’huirótami].""]","[pp.: chu’huirótami].","SRC-02[40]","Autorizada para difusión","Pendiente de validación lingüística","Transcrito"
"RD-000801","tar","Chu’má","Vt","Chu’má","chu'ma","","Vt","Chupar, picotear","[""fut.: chu’mamaéa""]","[""[fut.: chu’mamaéa].""]","[fut.: chu’mamaéa].","SRC-02[40]","Autorizada para difusión","Pendiente de validación lingüística","Transcrito"
"RD-000802","tar","Chumarí","S","Chumarí","chumari","","S","Venado","[]","[""Marichi. Venadito.""]","Marichi. Venadito.","SRC-02[40]","Autorizada para difusión","Pendiente de validación lingüística","Transcrito"
"RD-000803","tar","Chumé","Vi","Chumé","chume","","Vi","Tener labios","[]","[""Nijé chumírachi. En mis labios.""]","Nijé chumírachi. En mis labios.","SRC-02[40]","Autorizada para difusión","Pendiente de validación lingüística","Transcrito"
"RD-000804","tar","Chu’mí","Vt","Chu’mí","chu'mi","","Vt","1. chupar (comiendo) 2. comer comida aguada (con los dedos)","[""fut.: chu’muméa""]","[""[fut.: chu’muméa].""]","[fut.: chu’muméa].","SRC-02[40]","Autorizada para difusión","Pendiente de validación lingüística","Transcrito"
"RD-000805","tar","Chumí","S","Chumí","chumi","","S","Labio","[]","[]","","SRC-02[40]","Autorizada para difusión","Pendiente de validación lingüística","Transcrito"
"RD-000806","tar","Chumorí","S","Chumorí","chumori","","S","Ardilla (color gris, anda en los árboles)","[]","[]","","SRC-02[40]","Autorizada para difusión","Pendiente de validación lingüística","Transcrito"
"RD-000807","tar","Chuná","S","Chuná","chuna","","S","Higuera","[]","[""Chunárari. En la higuera. Chuná racara. Higos.""]","Chunárari. En la higuera. Chuná racara. Higos.","SRC-02[40]","Autorizada para difusión","Pendiente de validación lingüística","Transcrito"
"RD-000808","tar","Chunú","Vt","Chunú","chunu","","Vt","Chupar, absorber","[""fut.: chunuméa""]","[""Hui’yé gará chunú ba’huí. La tierra absorbe el agua. [fut.: chunuméa]. Chunugá bají. Lo chupa. Chunurú. Vt Chupar, sorber (una vez)""]","Hui’yé gará chunú ba’huí. La tierra absorbe el agua. [fut.: chunuméa]. Chunugá bají. Lo chupa. Chunurú. Vt Chupar, sorber (una vez)","SRC-02[40]","Autorizada para difusión","Pendiente de validación lingüística","Transcrito"
"RD-000809","tar","Chupabú","Vt","Chupabú","chupabu","","Vt","Despuntar","[]","[]","","SRC-02[40]","Autorizada para difusión","Pendiente de validación lingüística","Transcrito"
"RD-000810","tar","Chupamóori","Vi pret","Chupamóori","chupamoori","","Vi","Quebrarse la punta","[]","[""Ma chupamóori huica. Ya se quebró la punta del palo de sembrar.""]","Ma chupamóori huica. Ya se quebró la punta del palo de sembrar.","SRC-02[40]","Autorizada para difusión","Pendiente de validación lingüística","Transcrito"
"RD-000811","tar","Chupara","Vt","Chupara","chupara","","Vt","Sacar punta","[]","[]","","SRC-02[40]","Autorizada para difusión","Pendiente de validación lingüística","Transcrito"
"RD-000812","tar","Chupéami","Adj","Chupéami","chupeami","","Adj","Agudo, puntiagudo","[]","[""Je’ná ripiyá hue chupéamo ju. Este cuchillo es muy puntiagudo.""]","Je’ná ripiyá hue chupéamo ju. Este cuchillo es muy puntiagudo.","SRC-02[40]","Autorizada para difusión","Pendiente de validación lingüística","Transcrito"
"RD-000813","tar","Churé","Interr","1Churé","chure","1","Interr","¿Por qué?","[]","[""¿Churécura? ¿Por qué? ¿Churicóriaba? ¿Por qué?""]","¿Churécura? ¿Por qué? ¿Churicóriaba? ¿Por qué?","SRC-02[40]","Autorizada para difusión","Pendiente de validación lingüística","Transcrito"
"RD-000814","tar","Churé","S","2Churé","chure","2","S","Coatí, cholubo (un ani,al que anda en los arroyos y hociquea la tierra)","[]","[]","","SRC-02[40]","Autorizada para difusión","Pendiente de validación lingüística","Transcrito"
"RD-000815","tar","Churi","S sing","Churi","churi","","S","Perrito","[""pl.: cuchuri""]","[""Huicabé nirú cuchiri. Hay muchos perritos [pl.: cuchuri].""]","Huicabé nirú cuchiri. Hay muchos perritos [pl.: cuchuri].","SRC-02[40]","Autorizada para difusión","Pendiente de validación lingüística","Transcrito"
"RD-000816","tar","¿Churicó?","Interr","¿Churicó?","¿churico?","","Interr","¿Cuándo? ¿Qué día?","[]","[""¿Churicó rahué? Interr ¿Qué día?""]","¿Churicó rahué? Interr ¿Qué día?","SRC-02[40]","Autorizada para difusión","Pendiente de validación lingüística","Transcrito"
"RD-000817","tar","Churichi","S","Churichi","churichi","","S","Cerro picudo, pico, cima","[]","[]","","SRC-02[40]","Autorizada para difusión","Pendiente de validación lingüística","Transcrito"
"RD-000818","tar","¿Churigá?","Interr","¿Churigá?","¿churiga?","","Interr","¿Cómo?, ¿de qué modo?, ¿de qué manera?","[]","[""¿Churigá mi mayé? ¿Qué te parece?""]","¿Churigá mi mayé? ¿Qué te parece?","SRC-02[40]","Autorizada para difusión","Pendiente de validación lingüística","Transcrito"
"RD-000819","tar","Churipi","S","Churipi","churipi","","S","Pollito","[]","[]","","SRC-02[40]","Autorizada para difusión","Pendiente de validación lingüística","Transcrito"
"RD-000820","tar","Churírari","S","Churírari","churirari","","S","Pico del cerro, entre los cerros, en la punta del cerro","[]","[]","","SRC-02[40]","Autorizada para difusión","Pendiente de validación lingüística","Transcrito"
"RD-000821","tar","Churomí ocó","Vi","Churomí ocó","churomi oco","","Vi","Tener reuma, sentir el cuerpo dolorido","[]","[]","","SRC-02[40]","Autorizada para difusión","Pendiente de validación lingüística","Transcrito"
"RD-000822","tar","Churú","S","Churú","churu","","S","Tamaño, tan grande","[]","[""¿Chu churubi? ¿Qué tan grande es? Je churú ju. Es de este tamaño. Pe táa ju, mapu churú echi táa racara. Es tan chiquito como esa pequeña semilla.""]","¿Chu churubi? ¿Qué tan grande es? Je churú ju. Es de este tamaño. Pe táa ju, mapu churú echi táa racara. Es tan chiquito como esa pequeña semilla.","SRC-02[40]","Autorizada para difusión","Pendiente de validación lingüística","Transcrito"
"RD-000823","tar","Churubí","Vi","Churubí","churubi","","Vi","Ponerse paño (en la cabeza)","[]","[]","","SRC-02[41]","Autorizada para difusión","Pendiente de validación lingüística","Transcrito"
"RD-000824","tar","Churubi","Adv","Churubi","churubi","","Adv","En todo tiempo","[]","[""Churubi rahué. Todos los días.""]","Churubi rahué. Todos los días.","SRC-02[41]","Autorizada para difusión","Pendiente de validación lingüística","Transcrito"
"RD-000825","tar","Churubíchara","S","Churubíchara","churubichara","","S","Cotense (tela)","[]","[]","","SRC-02[41]","Autorizada para difusión","Pendiente de validación lingüística","Transcrito"
"RD-000826","tar","Churubira","S","Churubira","churubira","","S","Paño para la cabeza, un cotense","[]","[]","","SRC-02[41]","Autorizada para difusión","Pendiente de validación lingüística","Transcrito"
"RD-000827","tar","Churuguí","S","Churuguí","churugui","","S","pájaro","[]","[""Churuguí cho’orá. Pico de pájaro. Churuguí rosorá. El nido del pájaro.""]","Churuguí cho’orá. Pico de pájaro. Churuguí rosorá. El nido del pájaro.","SRC-02[41]","Autorizada para difusión","Pendiente de validación lingüística","Transcrito"
"RD-000828","tar","¿Chuséa?","Interr","¿Chuséa?","¿chusea?","","Interr","¿Por qué?","[]","[]","","SRC-02[41]","Autorizada para difusión","Pendiente de validación lingüística","Transcrito"
"RD-000829","tar","Chutá","Vt","Chutá","chuta","","Vt","Afilar","[""fut.: chutama; pp.: chutárami""]","[""[fut.: chutama; pp.: chutárami].""]","[fut.: chutama; pp.: chutárami].","SRC-02[41]","Autorizada para difusión","Pendiente de validación lingüística","Transcrito"
"RD-000830","tar","Chu’yá","S","Chu’yá","chu'ya","","S","Azulejo (grande y copetudo)","[]","[]","","SRC-02[41]","Autorizada para difusión","Pendiente de validación lingüística","Transcrito"
"RD-000831","tar","Chu’yépari","S","Chu’yépari","chu'yepari","","S","Saltapared (más grande)","[]","[]","","SRC-02[41]","Autorizada para difusión","Pendiente de validación lingüística","Transcrito"
"RD-000832","tar","¿Chuyiri?","Interr","¿Chuyiri?","¿chuyiri?","","Interr","¿Cuál?, ¿de qué color?","[]","[]","","SRC-02[41]","Autorizada para difusión","Pendiente de validación lingüística","Transcrito"
"RD-000833","tar","Chuyíripi","Pron","Chuyíripi","chuyiripi","","Pron","Cualquiera","[]","[]","","SRC-02[41]","Autorizada para difusión","Pendiente de validación lingüística","Transcrito"
"RD-000834","tar","Échani","","Échani","echani","","Sin clasificar","Así dice, eso dice","[]","[]","","SRC-02[41]","Autorizada para difusión","Pendiente de validación lingüística","Transcrito"
"RD-000835","tar","Echarí","Adv","Echarí","echari","","Adv","Entonces, más allá","[]","[""Echarí jonsa. Desde entonces.""]","Echarí jonsa. Desde entonces.","SRC-02[41]","Autorizada para difusión","Pendiente de validación lingüística","Transcrito"
"RD-000836","tar","Echi","Pron dem","Echi","echi","","Pron","Ése, ésa, aquél, eso","[]","[""Echi jaré. Esos, esas.""]","Echi jaré. Esos, esas.","SRC-02[41]","Autorizada para difusión","Pendiente de validación lingüística","Transcrito"
"RD-000837","tar","Échico","Adj dem","Échico","echico","","Adj","Ese, esa","[]","[]","","SRC-02[41]","Autorizada para difusión","Pendiente de validación lingüística","Transcrito"
"RD-000838","tar","Echijiti","Adv","Echijiti","echijiti","","Adv","Por algo, por causa de, por lo tanto","[]","[]","","SRC-02[41]","Autorizada para difusión","Pendiente de validación lingüística","Transcrito"
"RD-000839","tar","Echimí","Adj dem","Echimí","echimi","","Adj","Aquel, aquella","[]","[]","","SRC-02[41]","Autorizada para difusión","Pendiente de validación lingüística","Transcrito"
"RD-000840","tar","Echiquí","Adj dem","Echiquí","echiqui","","Adj","Esa cantidad","[]","[""Echiquini ra’ichama es todo que voy a decir.""]","Echiquini ra’ichama es todo que voy a decir.","SRC-02[41]","Autorizada para difusión","Pendiente de validación lingüística","Transcrito"
"RD-000841","tar","Echirigá","Adv","Echirigá","echiriga","","Adv","Así, de esa manera","[]","[""Echirigá huarubé. Tan grande.""]","Echirigá huarubé. Tan grande.","SRC-02[41]","Autorizada para difusión","Pendiente de validación lingüística","Transcrito"
"RD-000842","tar","Echiyena","Adj","Echiyena","echiyena","","Adj","Ese tanto","[]","[]","","SRC-02[41]","Autorizada para difusión","Pendiente de validación lingüística","Transcrito"
"RD-000843","tar","Echiyiri","Adj","Echiyiri","echiyiri","","Adj","Esa clase, tal","[]","[]","","SRC-02[41]","Autorizada para difusión","Pendiente de validación lingüística","Transcrito"
"RD-000844","tar","Echocuá","Adv","Echocuá","echocua","","Adv","Allí, por atrás","[]","[""Echocuá inaro. Allí, por atrás, viene.""]","Echocuá inaro. Allí, por atrás, viene.","SRC-02[41]","Autorizada para difusión","Pendiente de validación lingüística","Transcrito"
"RD-000845","tar","Echomí","Adv","Echomí","echomi","","Adv","Para allá","[]","[""Echomí inaro. Por allá va. ¡Echomí! ¡Quítate! ¡Hazte a un lado!""]","Echomí inaro. Por allá va. ¡Echomí! ¡Quítate! ¡Hazte a un lado!","SRC-02[41]","Autorizada para difusión","Pendiente de validación lingüística","Transcrito"
"RD-000846","tar","Echo’ná","Adv","Echo’ná","echo'na","","Adv","Allí, allá, ahí, hacia allá, por allá","[]","[""Echo’ná inaro. Alla viene. Echo’ná Samichí. A Samachique.""]","Echo’ná inaro. Alla viene. Echo’ná Samichí. A Samachique.","SRC-02[41]","Autorizada para difusión","Pendiente de validación lingüística","Transcrito"
"RD-000847","tar","Echorá","","Echorá","echora","","Sin clasificar","Así hace, eso hace, de ese modo hace","[]","[]","","SRC-02[41]","Autorizada para difusión","Pendiente de validación lingüística","Transcrito"
"RD-000848","tar","Eperí","Vi","Eperí","eperi","","Vi","Estuvimos acostados","[]","[""Huete ‘nata eperita. Estuvimos acostados pensando.""]","Huete ‘nata eperita. Estuvimos acostados pensando.","SRC-02[41]","Autorizada para difusión","Pendiente de validación lingüística","Transcrito"
"RD-000849","tar","Gará","Adj, adv","Gará","gara","","Adj","1. bueno (sabroso) 2. bien (sano)","[]","[""Hue gará ju muní. Está muy bueno el frijol. Echi mapu nayúamo níiri ma gará ju. El que estaba enfermo ya está bien.""]","Hue gará ju muní. Está muy bueno el frijol. Echi mapu nayúamo níiri ma gará ju. El que estaba enfermo ya está bien.","SRC-02[41]","Autorizada para difusión","Pendiente de validación lingüística","Transcrito"
"RD-000850","tar","Gará aní","Vi pl","Gará aní","gara ani","","Vi","Ponerse de acuerdo","[]","[""Si’néami gará aniri carí nihuáboriya. Todos se pusieron de acuerdo en que se construyese una casa.""]","Si’néami gará aniri carí nihuáboriya. Todos se pusieron de acuerdo en que se construyese una casa.","SRC-02[41]","Autorizada para difusión","Pendiente de validación lingüística","Transcrito"
"RD-000851","tar","Garabé","Adj","Garabé","garabe","","Adj","Muy bien, muy bueno, fino, perfecto","[]","[""Garabé ané. Alabar.""]","Garabé ané. Alabar.","SRC-02[41]","Autorizada para difusión","Pendiente de validación lingüística","Transcrito"
"RD-000852","tar","Garabéara","Adj","Garabéara","garabeara","","Adj","Muy bueno","[]","[]","","SRC-02[41]","Autorizada para difusión","Pendiente de validación lingüística","Transcrito"
"RD-000853","tar","Garabérata","Vt","Garabérata","garaberata","","Vt","Hacer muy bueno","[]","[]","","SRC-02[41]","Autorizada para difusión","Pendiente de validación lingüística","Transcrito"
"RD-000854","tar","Garábusi","S","Garábusi","garabusi","","S","Bolitas en el encino que se forman en mayo","[]","[]","","SRC-02[41]","Autorizada para difusión","Pendiente de validación lingüística","Transcrito"
"RD-000855","tar","Garana","Vi","Garana","garana","","Vi","Mejorarse, convertirse","[]","[]","","SRC-02[42]","Autorizada para difusión","Pendiente de validación lingüística","Transcrito"
"RD-000856","tar","Garani machí","","Garani machí","garani machi","","Sin clasificar","Estoy seguro","[]","[]","","SRC-02[42]","Autorizada para difusión","Pendiente de validación lingüística","Transcrito"
"RD-000857","tar","Garanta","Vt","Garanta","garanta","","Vt","Mejorar","[]","[]","","SRC-02[42]","Autorizada para difusión","Pendiente de validación lingüística","Transcrito"
"RD-000858","tar","Garara","Vt","Garara","garara","","Vt","Componer, mejorar","[]","[]","","SRC-02[42]","Autorizada para difusión","Pendiente de validación lingüística","Transcrito"
"RD-000859","tar","Garé","Vt","Garé","gare","","Vt","Amar, querer (véase 2caré)","[""pp.: garérami""]","[""[pp.: garérami].""]","[pp.: garérami].","SRC-02[42]","Autorizada para difusión","Pendiente de validación lingüística","Transcrito"
"RD-000860","tar","Nota: al principio de la palabra no siempre se pronuncia la hu.","","Nota: al principio de la palabra no siempre se pronuncia la hu.","nota: al principio de la palabra no siempre se pronuncia la hu.","","Sin clasificar","","[]","[]","","SRC-02[42]","Autorizada para difusión","Pendiente de validación lingüística","Transcrito"
"RD-000861","tar","Hua","S","1Hua","hua","1","S","Flecha","[]","[""Echi tohuí hua ca inaro. Ese niño anda llevando flechas.""]","Echi tohuí hua ca inaro. Ese niño anda llevando flechas.","SRC-02[42]","Autorizada para difusión","Pendiente de validación lingüística","Transcrito"
"RD-000862","tar","Hua","Vi","2Hua","hua","2","Vi","Madurarse","[""ad.: huáami; pp.: huacami""]","[""Que cho huari masana. Todavía no se han madurado las manzanas. [ad.: huáami; pp.: huacami].""]","Que cho huari masana. Todavía no se han madurado las manzanas. [ad.: huáami; pp.: huacami].","SRC-02[42]","Autorizada para difusión","Pendiente de validación lingüística","Transcrito"
"RD-000863","tar","Hua’á","S","Hua’á","hua'a","","S","Sabina (árbol)","[]","[]","","SRC-02[42]","Autorizada para difusión","Pendiente de validación lingüística","Transcrito"
"RD-000864","tar","Huáasi, huacasí","S esp","Huáasi, huacasí","huaasi, huacasi","","S","Vaca, res","[""huacasí""]","[""Huáasi huichira. Cuero de vaca. Huáasí huitara. Estiércol de vaca. Huáasi ohuira. Toro.""]","Huáasi huichira. Cuero de vaca. Huáasí huitara. Estiércol de vaca. Huáasi ohuira. Toro.","SRC-02[42]","Autorizada para difusión","Pendiente de validación lingüística","Transcrito"
"RD-000865","tar","Huabé","Adv","Huabé","huabe","","Adv","Muchísimo.","[]","[""Véase hue.""]","Véase hue.","SRC-02[42]","Autorizada para difusión","Pendiente de validación lingüística","Transcrito"
"RD-000866","tar","Huaca","S","1Huaca","huaca","1","S","Rana verde chiquita","[]","[]","","SRC-02[42]","Autorizada para difusión","Pendiente de validación lingüística","Transcrito"
"RD-000867","tar","Huaca","S","2Huaca","huaca","2","S","Cuñado (esposo de la hermama menor)","[]","[""Queni huácahua. Mi cuñado. Nijé huácara. Mi cuñado.""]","Queni huácahua. Mi cuñado. Nijé huácara. Mi cuñado.","SRC-02[42]","Autorizada para difusión","Pendiente de validación lingüística","Transcrito"
"RD-000868","tar","Huacá","Vi","1Huacá","huaca","1","Vi","Rajarse (una rama), mellarse","[]","[]","","SRC-02[42]","Autorizada para difusión","Pendiente de validación lingüística","Transcrito"
"RD-000869","tar","Huacá","S","2Huacá","huaca","2","S","Tuétano, médula","[]","[""Ochí huacara. Tuétano de determinado hueso.""]","Ochí huacara. Tuétano de determinado hueso.","SRC-02[42]","Autorizada para difusión","Pendiente de validación lingüística","Transcrito"
"RD-000870","tar","Huácami","","Huácami","huacami","","Sin clasificar","maduro","[""pp de 2hua""]","[""[pp de 2hua]""]","[pp de 2hua]","SRC-02[42]","Autorizada para difusión","Pendiente de validación lingüística","Transcrito"
"RD-000871","tar","Huacaná","Vt","Huacaná","huacana","","Vt","Rajar (una bifurcación de ramas, etc.), mellar","[""pret.: huacánari; fut.: huacanama""]","[""[pret.: huacánari; fut.: huacanama]. Huacana. Vt mellar""]","[pret.: huacánari; fut.: huacanama]. Huacana. Vt mellar","SRC-02[42]","Autorizada para difusión","Pendiente de validación lingüística","Transcrito"
"RD-000872","tar","Huacasí","S","Huacasí","huacasi","","S","Vaca, res","[""variante de huáasi""]","[""[variante de huáasi].""]","[variante de huáasi].","SRC-02[42]","Autorizada para difusión","Pendiente de validación lingüística","Transcrito"
"RD-000873","tar","Huacocha","Vi","Huacocha","huacocha","","Vi","1. Estar chueco o encorvado (p. ej.: pierna que e quedó gruesa en una parte por haberse quebrado) 2. Estar chueco o grueso en partes (p. ej.: rama nudosa de encimo)","[""pp.: huacóchami""]","[""[pp.: huacóchami].""]","[pp.: huacóchami].","SRC-02[42]","Autorizada para difusión","Pendiente de validación lingüística","Transcrito"
"RD-000874","tar","Huacóina","S","Huacóina","huacoina","","S","Animalito parecido al alacrán","[]","[]","","SRC-02[42]","Autorizada para difusión","Pendiente de validación lingüística","Transcrito"
"RD-000875","tar","Hua’ché","Vi","Hua’ché","hua'che","","Vi","Atiesarse de frío, enfriarse (una persona)","[""pret.: hua’cheri; fut.: hua’chema""]","[""Hua’checa mucuri. Se murió atiesado. [pret.: hua’cheri; fut.: hua’chema].""]","Hua’checa mucuri. Se murió atiesado. [pret.: hua’cheri; fut.: hua’chema].","SRC-02[42]","Autorizada para difusión","Pendiente de validación lingüística","Transcrito"
"RD-000876","tar","Huachí","Vi","Huachí","huachi","","Vi","Enderezarse","[]","[""Huachínaga oráami. Justo. Huachínaga simí. Se va en una línea recta. Huachí huiribaga. Parándose derechito.""]","Huachínaga oráami. Justo. Huachínaga simí. Se va en una línea recta. Huachí huiribaga. Parándose derechito.","SRC-02[42]","Autorizada para difusión","Pendiente de validación lingüística","Transcrito"
"RD-000877","tar","Huachíami","Adj","Huachíami","huachiami","","Adj","Derecho (recto)","[]","[""Véase huatoná.""]","Véase huatoná.","SRC-02[42]","Autorizada para difusión","Pendiente de validación lingüística","Transcrito"
"RD-000878","tar","Huachica","S","Huachica","huachica","","S","Costilla","[]","[""Nijé huachícara. Mi costilla. Huachícachi. S En las costillas.""]","Nijé huachícara. Mi costilla. Huachícachi. S En las costillas.","SRC-02[42]","Autorizada para difusión","Pendiente de validación lingüística","Transcrito"
"RD-000879","tar","Huachina","Vt","Huachina","huachina","","Vt","Enderezar","[""fut.: huachinama""]","[""¡Huachina! ¡Enderézalo! [fut.: huachinama].""]","¡Huachina! ¡Enderézalo! [fut.: huachinama].","SRC-02[42]","Autorizada para difusión","Pendiente de validación lingüística","Transcrito"
"RD-000880","tar","Huachínami","Adj","Huachínami","huachinami","","Adj","Derecho","[]","[]","","SRC-02[42]","Autorizada para difusión","Pendiente de validación lingüística","Transcrito"
"RD-000881","tar","Huachó","S","Huachó","huacho","","S","Garza","[]","[]","","SRC-02[42]","Autorizada para difusión","Pendiente de validación lingüística","Transcrito"
"RD-000882","tar","Hua’ícari","S","Hua’ícari","hua'icari","","S","Esófago","[]","[""Nijé hua’ícara. Mi esófago.""]","Nijé hua’ícara. Mi esófago.","SRC-02[42]","Autorizada para difusión","Pendiente de validación lingüística","Transcrito"
"RD-000883","tar","Huajó","S","Huajó","huajo","","S","Zancudo","[]","[]","","SRC-02[42]","Autorizada para difusión","Pendiente de validación lingüística","Transcrito"
"RD-000884","tar","Huajomari","S","Huajomari","huajomari","","S","Chirrionera (culebra látigo, grande, pinta, no muy peligrosa)","[]","[]","","SRC-02[43]","Autorizada para difusión","Pendiente de validación lingüística","Transcrito"
"RD-000885","tar","Huajóo","Vi pl","Huajóo","huajoo","","Vi","Salir (p. ej.: animales del corral)","[""pret.: huajóori; fut.: huajóoma"",""fut.: huajonama""]","[""[pret.: huajóori; fut.: huajóoma]. Huajónari. Los echó fuera del corral. [fut.: huajonama].""]","[pret.: huajóori; fut.: huajóoma]. Huajónari. Los echó fuera del corral. [fut.: huajonama].","SRC-02[43]","Autorizada para difusión","Pendiente de validación lingüística","Transcrito"
"RD-000886","tar","Huamí","Adv","Huamí","huami","","Adv","Allá, más","[]","[]","","SRC-02[43]","Autorizada para difusión","Pendiente de validación lingüística","Transcrito"
"RD-000887","tar","Huaminá","","Huaminá","huamina","","Sin clasificar","Por allá","[]","[]","","SRC-02[43]","Autorizada para difusión","Pendiente de validación lingüística","Transcrito"
"RD-000888","tar","Huaminá arihué","Vt","Huaminá arihué","huamina arihue","","Vt","Abandonar","[""fut.: huaminá arihuema""]","[""Echi rijoy huaminá arihueri binoy upira. Ese hombre abandonó a su mujer. [fut.: huaminá arihuema].""]","Echi rijoy huaminá arihueri binoy upira. Ese hombre abandonó a su mujer. [fut.: huaminá arihuema].","SRC-02[43]","Autorizada para difusión","Pendiente de validación lingüística","Transcrito"
"RD-000889","tar","Huaminá ‘masa","Vi sing","Huaminá ‘masa","huamina 'masa","","Vi","Escaparse","[""pl.: huaminá jumsa""]","[""[pl.: huaminá jumsa].""]","[pl.: huaminá jumsa].","SRC-02[43]","Autorizada para difusión","Pendiente de validación lingüística","Transcrito"
"RD-000890","tar","Huaminá pa","Vt","Huaminá pa","huamina pa","","Vt","Arrojar","[]","[]","","SRC-02[43]","Autorizada para difusión","Pendiente de validación lingüística","Transcrito"
"RD-000891","tar","Huaminabi","Adv","Huaminabi","huaminabi","","Adv","Más todavía, mucho más","[]","[]","","SRC-02[43]","Autorizada para difusión","Pendiente de validación lingüística","Transcrito"
"RD-000892","tar","Huaminana","Adv","Huaminana","huaminana","","Adv","Después, más adelante","[]","[]","","SRC-02[43]","Autorizada para difusión","Pendiente de validación lingüística","Transcrito"
"RD-000893","tar","Huaminánomí","Adv","Huaminánomí","huaminanomi","","Adv","Más allá (en el futuro), después","[]","[]","","SRC-02[43]","Autorizada para difusión","Pendiente de validación lingüística","Transcrito"
"RD-000894","tar","Huaná","Adv","Huaná","huana","","Adv","Aparte, lejos","[]","[""Huanabú. Apartar.""]","Huanabú. Apartar.","SRC-02[43]","Autorizada para difusión","Pendiente de validación lingüística","Transcrito"
"RD-000895","tar","Huaní","Vt","Huaní","huani","","Vt","Sacar (gusanos chupando con carrizo)","[""gut.: huaniméa""]","[""[gut.: huaniméa].""]","[gut.: huaniméa].","SRC-02[43]","Autorizada para difusión","Pendiente de validación lingüística","Transcrito"
"RD-000896","tar","Huanihuí","Vi","1Huanihuí","huanihui","1","Vi","Apartarse","[]","[]","","SRC-02[43]","Autorizada para difusión","Pendiente de validación lingüística","Transcrito"
"RD-000897","tar","Huanihuí","Adv","2Huanihuí","huanihui","2","Adv","Pasado mañana, anteayer","[]","[""Huanihuí sébarini. Anteayer llegué. Huaniguí ocuá. Desde ayer. Huanihuí piché. Hasta pasado mañana. Huanihuí rocogó. Anteanoche.""]","Huanihuí sébarini. Anteayer llegué. Huaniguí ocuá. Desde ayer. Huanihuí piché. Hasta pasado mañana. Huanihuí rocogó. Anteanoche.","SRC-02[43]","Autorizada para difusión","Pendiente de validación lingüística","Transcrito"
"RD-000898","tar","Huaqué","Vt","Huaqué","huaque","","Vt","Secar","[]","[]","","SRC-02[43]","Autorizada para difusión","Pendiente de validación lingüística","Transcrito"
"RD-000899","tar","Huaquí","S","Huaquí","huaqui","","S","Un palo o parbol seco","[]","[""Huaquítari. En un árbol seco.""]","Huaquítari. En un árbol seco.","SRC-02[43]","Autorizada para difusión","Pendiente de validación lingüística","Transcrito"
"RD-000900","tar","Huaquiché","Vi","Huaquiché","huaquiche","","Vi","Secarse","[]","[]","","SRC-02[43]","Autorizada para difusión","Pendiente de validación lingüística","Transcrito"
"RD-000901","tar","Huaquichébana","Vt","Huaquichébana","huaquichebana","","Vt","Secar","[]","[]","","SRC-02[43]","Autorizada para difusión","Pendiente de validación lingüística","Transcrito"
"RD-000902","tar","Huaquichéami","Adj","Huaquichéami","huaquicheami","","Adj","Seco","[]","[]","","SRC-02[43]","Autorizada para difusión","Pendiente de validación lingüística","Transcrito"
"RD-000903","tar","Huaquiná","Adv","Huaquiná","huaquina","","Adv","Para acá, acá","[]","[""Huaquinánocuá. Adv Más acá en tiempo. Quiná. Por acá, acá.""]","Huaquinánocuá. Adv Más acá en tiempo. Quiná. Por acá, acá.","SRC-02[43]","Autorizada para difusión","Pendiente de validación lingüística","Transcrito"
"RD-000904","tar","Huará","S","Huará","huara","","S","Perico grande, verde","[]","[]","","SRC-02[43]","Autorizada para difusión","Pendiente de validación lingüística","Transcrito"
"RD-000905","tar","´Huara","Vi","´Huara","´huara","","Vi","Endurecerse (un cuero)","[]","[""´Huárami. Pp Duro, que no se puede doblar.""]","´Huárami. Pp Duro, que no se puede doblar.","SRC-02[43]","Autorizada para difusión","Pendiente de validación lingüística","Transcrito"
"RD-000906","tar","Huaré","Adv","Huaré","huare","","Adv","Quizás, tal vez.","[]","[""Norínamiré. Vendrá, tal vez.""]","Norínamiré. Vendrá, tal vez.","SRC-02[43]","Autorizada para difusión","Pendiente de validación lingüística","Transcrito"
"RD-000907","tar","Huari","S esp","Huari","huari","","S","Huari (reg.), cesta, canasta","[]","[""Huatobé. S Canasta grande.""]","Huatobé. S Canasta grande.","SRC-02[43]","Autorizada para difusión","Pendiente de validación lingüística","Transcrito"
"RD-000908","tar","Huarina","Vi","Huarina","huarina","","Vi","Ser muy ligero, veloz","[""pp.: huarínami""]","[""Echi rarajípami ne huabé huarina. Ese corredor es muy ligero. [pp.: huarínami].""]","Echi rarajípami ne huabé huarina. Ese corredor es muy ligero. [pp.: huarínami].","SRC-02[43]","Autorizada para difusión","Pendiente de validación lingüística","Transcrito"
"RD-000909","tar","Huarínaga ‘ma","","Huarínaga ‘ma","huarinaga 'ma","","Sin clasificar","Corre recio","[]","[]","","SRC-02[43]","Autorizada para difusión","Pendiente de validación lingüística","Transcrito"
"RD-000910","tar","Huaró","Vi","Huaró","huaro","","Vi","Marchitarse, secarse por el sol","[]","[""Maparí quetsai ucú hui’ribé niráa, hue huaró echi ichí. Cuando no llueve por mucho tiempo, se marchitan las matas.""]","Maparí quetsai ucú hui’ribé niráa, hue huaró echi ichí. Cuando no llueve por mucho tiempo, se marchitan las matas.","SRC-02[43]","Autorizada para difusión","Pendiente de validación lingüística","Transcrito"
"RD-000911","tar","Huarona","Vt","Huarona","huarona","","Vt","Secar, marchitar","[""fut.: huaronama""]","[""[fut.: huaronama].""]","[fut.: huaronama].","SRC-02[43]","Autorizada para difusión","Pendiente de validación lingüística","Transcrito"
"RD-000912","tar","Huarú","Adj sing","Huarú","huaru","","Adj","Grande, mucho, muy","[""pl.: ohuari""]","[""Huarú bu’huíbari ba’huí. Creció mucho el arroyo. Huarú ucuri. Llovió mucho. Huarú sapéami ju. Está muy gordo. [pl.: ohuari]. Huarú ba’huechi. Mar. Huarú bahuechi suhué. Orilla del mar. Huarú chipérami. Como una tabla ancha. Huarú ritérari. Peñasco. Huarú sapéami. Panzón.""]","Huarú bu’huíbari ba’huí. Creció mucho el arroyo. Huarú ucuri. Llovió mucho. Huarú sapéami ju. Está muy gordo. [pl.: ohuari]. Huarú ba’huechi. Mar. Huarú bahuechi suhué. Orilla del mar. Huarú chipérami. Como una tabla ancha. Huarú ritérari. Peñasco. Huarú sapéami. Panzón.","SRC-02[43-44]","Autorizada para difusión","Pendiente de validación lingüística","Transcrito"
"RD-000913","tar","Huarubé","Adj","Huarubé","huarube","","Adj","Enorme, gigante, inmenso","[]","[""Huarubé nihuá. Vt Agrandar.""]","Huarubé nihuá. Vt Agrandar.","SRC-02[44]","Autorizada para difusión","Pendiente de validación lingüística","Transcrito"
"RD-000914","tar","Huarubera","S","Huarubera","huarubera","","S","Jefe supremo","[]","[]","","SRC-02[44]","Autorizada para difusión","Pendiente de validación lingüística","Transcrito"
"RD-000915","tar","Huarura","S","Huarura","huarura","","S","Jefe, un grande","[]","[""Huarubérata. Vi Hacer (nombrar) un jefe.""]","Huarubérata. Vi Hacer (nombrar) un jefe.","SRC-02[44]","Autorizada para difusión","Pendiente de validación lingüística","Transcrito"
"RD-000916","tar","Huarúrachi","S","Huarúrachi","huarurachi","","S","Ciudad","[]","[]","","SRC-02[44]","Autorizada para difusión","Pendiente de validación lingüística","Transcrito"
"RD-000917","tar","Huasa","vt","Huasa","huasa","","Vt","Cocinar (p. ej.: tortillas, frijoles)","[""pp.: huásarami, huasíami""]","[""[pp.: huásarami, huasíami].""]","[pp.: huásarami, huasíami].","SRC-02[44]","Autorizada para difusión","Pendiente de validación lingüística","Transcrito"
"RD-000918","tar","Huasá","S","Huasá","huasa","","S","Tierra de cultivo","[]","[]","","SRC-02[44]","Autorizada para difusión","Pendiente de validación lingüística","Transcrito"
"RD-000919","tar","Huasamóchahua","S","Huasamóchahua","huasamochahua","","S","Tía (hermana mayor de la madre)","[]","[""Nijé huasamóchahuara. Mi tía.""]","Nijé huasamóchahuara. Mi tía.","SRC-02[44]","Autorizada para difusión","Pendiente de validación lingüística","Transcrito"
"RD-000920","tar","Huasará","Vt","Huasará","huasara","","Vt","Arar, barbechar","[""pp.: huasarátami""]","[""[pp.: huasarátami].""]","[pp.: huasarátami].","SRC-02[44]","Autorizada para difusión","Pendiente de validación lingüística","Transcrito"
"RD-000921","tar","Huasarara","S","Huasarara","huasarara","","S","Azadón","[]","[]","","SRC-02[44]","Autorizada para difusión","Pendiente de validación lingüística","Transcrito"
"RD-000922","tar","Huasaró","S","Huasaró","huasaro","","S","Alamillo (variedad de álamo)","[]","[]","","SRC-02[44]","Autorizada para difusión","Pendiente de validación lingüística","Transcrito"
"RD-000923","tar","Huasí","S","1Huasí","huasi","1","S","Cola","[]","[""Huasihué. Colear. Huáasi huasira. Cola de la vaca""]","Huasihué. Colear. Huáasi huasira. Cola de la vaca","SRC-02[44]","Autorizada para difusión","Pendiente de validación lingüística","Transcrito"
"RD-000924","tar","Huasí","S","2Huasí","huasi","2","S","Suegra","[]","[""Nijé huasira. Mi suegra. Huasirúami. Que es suegra.""]","Nijé huasira. Mi suegra. Huasirúami. Que es suegra.","SRC-02[44]","Autorizada para difusión","Pendiente de validación lingüística","Transcrito"
"RD-000925","tar","Huasía","S","Huasía","huasia","","S","Chuchupate (hierba)","[]","[]","","SRC-02[44]","Autorizada para difusión","Pendiente de validación lingüística","Transcrito"
"RD-000926","tar","Huasírahua","Vt","Huasírahua","huasirahua","","Vt","Menear la cola, colear","[]","[""Echi cochí hue huasírahua. Ese perro menea mucho la cola.""]","Echi cochí hue huasírahua. Ese perro menea mucho la cola.","SRC-02[44]","Autorizada para difusión","Pendiente de validación lingüística","Transcrito"
"RD-000927","tar","Huasoná","S","Huasoná","huasona","","S","Pato","[]","[]","","SRC-02[44]","Autorizada para difusión","Pendiente de validación lingüística","Transcrito"
"RD-000928","tar","Huataca","Vi","Huataca","huataca","","Vi","Estar fuerte","[]","[]","","SRC-02[44]","Autorizada para difusión","Pendiente de validación lingüística","Transcrito"
"RD-000929","tar","Huatácami","Adj","Huatácami","huatacami","","Adj","Fuerte (duro y flebible)","[]","[]","","SRC-02[44]","Autorizada para difusión","Pendiente de validación lingüística","Transcrito"
"RD-000930","tar","Huatayé, huitayé","Vi","Huatayé, huitayé","huataye, huitaye","","Vi","Derrumbarse (la tierra, un cerro)","[""huitayé""]","[]","","SRC-02[44]","Autorizada para difusión","Pendiente de validación lingüística","Transcrito"
"RD-000931","tar","Huató","Vi","Huató","huato","","Vi","Estirarse","[]","[]","","SRC-02[44]","Autorizada para difusión","Pendiente de validación lingüística","Transcrito"
"RD-000932","tar","Huatóami","Adj","Huatóami","huatoami","","Adj","Elástico","[]","[]","","SRC-02[44]","Autorizada para difusión","Pendiente de validación lingüística","Transcrito"
"RD-000933","tar","Huatobé","S","Huatobé","huatobe","","S","Huari grande, canasta grande","[]","[]","","SRC-02[44]","Autorizada para difusión","Pendiente de validación lingüística","Transcrito"
"RD-000934","tar","Huatoná","","Huatoná","huatona","","Sin clasificar","1. vt Estirar 2. adj Derecho, lado derecho, mano derecha","[""fut.: huatonama""]","[""[fut.: huatonama].""]","[fut.: huatonama].","SRC-02[44]","Autorizada para difusión","Pendiente de validación lingüística","Transcrito"
"RD-000935","tar","Huatona","Vt","Huatona","huatona","","Vt","Hacer atole","[]","[]","","SRC-02[44]","Autorizada para difusión","Pendiente de validación lingüística","Transcrito"
"RD-000936","tar","Huatónari","S","Huatónari","huatonari","","S","Atole, pinole cocido","[]","[]","","SRC-02[44]","Autorizada para difusión","Pendiente de validación lingüística","Transcrito"
"RD-000937","tar","Huayé","S","Huayé","huaye","","S","Hermana menor","[]","[""Echi tihué nijé huayera ju. Esa niña es mi hermana menor. Nijé huayera. Mi hermana menor.""]","Echi tihué nijé huayera ju. Esa niña es mi hermana menor. Nijé huayera. Mi hermana menor.","SRC-02[44]","Autorizada para difusión","Pendiente de validación lingüística","Transcrito"
"RD-000938","tar","Huayena","S","Huayena","huayena","","S","Sangijuela","[]","[]","","SRC-02[44]","Autorizada para difusión","Pendiente de validación lingüística","Transcrito"
"RD-000939","tar","Hue","Adv","Hue","hue","","Adv","Muy, mucho","[]","[""Huabé. Adv Muchísimo.""]","Huabé. Adv Muchísimo.","SRC-02[44]","Autorizada para difusión","Pendiente de validación lingüística","Transcrito"
"RD-000940","tar","‘Huécami","S pl","‘Huécami","'huecami","","S","Las viejas","[""sing.: huiráami""]","[""[sing.: huiráami].""]","[sing.: huiráami].","SRC-02[44]","Autorizada para difusión","Pendiente de validación lingüística","Transcrito"
"RD-000941","tar","Huéchara","S","Huéchara","huechara","","S","Otate, aguijada (palo con que pican a los bueyes)","[]","[]","","SRC-02[44]","Autorizada para difusión","Pendiente de validación lingüística","Transcrito"
"RD-000942","tar","‘Huénahua","Vi","‘Huénahua","'huenahua","","Vi","Tener padres","[]","[""Nijé ‘huénahuara. Mis padres. Tamujé ‘hu’enara. Nuestros padres.""]","Nijé ‘huénahuara. Mis padres. Tamujé ‘hu’enara. Nuestros padres.","SRC-02[44-45]","Autorizada para difusión","Pendiente de validación lingüística","Transcrito"
"RD-000943","tar","Huenomí","S","Huenomí","huenomi","","S","Dinero, un real","[]","[""¿Acha mi ocuá huenomí? ¿Tienes dinero? Huenomihua. Vi Tener dinero.""]","¿Acha mi ocuá huenomí? ¿Tienes dinero? Huenomihua. Vi Tener dinero.","SRC-02[45]","Autorizada para difusión","Pendiente de validación lingüística","Transcrito"
"RD-000944","tar","Huenomí rojuácami","S","Huenomí rojuácami","huenomi rojuacami","","S","Cambio","[]","[""¿Acha nirú rojuácami? ¿Hay cambio?""]","¿Acha nirú rojuácami? ¿Hay cambio?","SRC-02[45]","Autorizada para difusión","Pendiente de validación lingüística","Transcrito"
"RD-000945","tar","Huepi","Adv","Huepi","huepi","","Adv","Solamente, nada más","[]","[""Huepi yena nada más anda.""]","Huepi yena nada más anda.","SRC-02[45]","Autorizada para difusión","Pendiente de validación lingüística","Transcrito"
"RD-000946","tar","Huera","Vt","Huera","huera","","Vt","Criar","[]","[]","","SRC-02[45]","Autorizada para difusión","Pendiente de validación lingüística","Transcrito"
"RD-000947","tar","Huérachi","S","Huérachi","huerachi","","S","Sierra alta","[]","[]","","SRC-02[45]","Autorizada para difusión","Pendiente de validación lingüística","Transcrito"
"RD-000948","tar","Huérari","","Huérari","huerari","","Sin clasificar","Con fuerza","[]","[""¡Huérari orá! ¡Trabaja con fuerza!""]","¡Huérari orá! ¡Trabaja con fuerza!","SRC-02[45]","Autorizada para difusión","Pendiente de validación lingüística","Transcrito"
"RD-000949","tar","Huériga","Imper","Huériga","hueriga","","Imper","¡Fuerte!, ¡ánimo!","[]","[]","","SRC-02[45]","Autorizada para difusión","Pendiente de validación lingüística","Transcrito"
"RD-000950","tar","Huesi: que huesi","","Huesi: que huesi","huesi: que huesi","","Sin clasificar","Nadie","[]","[]","","SRC-02[45]","Autorizada para difusión","Pendiente de validación lingüística","Transcrito"
"RD-000951","tar","‘Huí","Vt","‘Huí","'hui","","Vt","1. Cosechar, pizcar el maíz 2. coger","[""pret.: ‘huiri; fut.: ‘umea""]","[""‘Huíi ‘yena. Andan pizcando maíz. Nijeni ‘huima pachí. Voy a pizcar maíz. [pret.: ‘huiri; fut.: ‘umea]. ‘Huíhuachi s La pizca, el tiempo de la pizca. ‘Huíhuami adj Que pertenece a la pizca. ‘Huisa vt Coger, agarrar, arrebatar ‘Usi imper pl ¡Cójanlo!""]","‘Huíi ‘yena. Andan pizcando maíz. Nijeni ‘huima pachí. Voy a pizcar maíz. [pret.: ‘huiri; fut.: ‘umea]. ‘Huíhuachi s La pizca, el tiempo de la pizca. ‘Huíhuami adj Que pertenece a la pizca. ‘Huisa vt Coger, agarrar, arrebatar ‘Usi imper pl ¡Cójanlo!","SRC-02[45]","Autorizada para difusión","Pendiente de validación lingüística","Transcrito"
"RD-000952","tar","Huiba","","Huiba","huiba","","Sin clasificar","Bañarse","[""variante de uba""]","[""[variante de uba]""]","[variante de uba]","SRC-02[45]","Autorizada para difusión","Pendiente de validación lingüística","Transcrito"
"RD-000953","tar","Huicá","Vi","1Huicá","huica","1","Vi","Perderse","[""pp.: huicáami""]","[""Biré táa tohhuí huicari bi’yá rocogó. Un niño chico se perdió en la madrugada. [pp.: huicáami].""]","Biré táa tohhuí huicari bi’yá rocogó. Un niño chico se perdió en la madrugada. [pp.: huicáami].","SRC-02[45]","Autorizada para difusión","Pendiente de validación lingüística","Transcrito"
"RD-000954","tar","Huicá","Adj","2Huicá","huica","2","Adj","Mucho","[]","[""Huicabé. Muchísimos. Huicabeca. Vi Siendo muchos.""]","Huicabé. Muchísimos. Huicabeca. Vi Siendo muchos.","SRC-02[45]","Autorizada para difusión","Pendiente de validación lingüística","Transcrito"
"RD-000955","tar","Huica","S","Huica","huica","","S","Palo picudo (para sembrar maíz)","[]","[""Echi jaré rarámuri ichá huica jiti. Los tarahumaras siembran con el palo picudo.""]","Echi jaré rarámuri ichá huica jiti. Los tarahumaras siembran con el palo picudo.","SRC-02[45]","Autorizada para difusión","Pendiente de validación lingüística","Transcrito"
"RD-000956","tar","Huicahua","Vt","Huicahua","huicahua","","Vt","Perdonar","[]","[""Nijé onorá tamí cu huicáhuari. Mi padre me perdonó. Huicahuá. Perdonadle. Huicahuasi. Perdonenle.""]","Nijé onorá tamí cu huicáhuari. Mi padre me perdonó. Huicahuá. Perdonadle. Huicahuasi. Perdonenle.","SRC-02[45]","Autorizada para difusión","Pendiente de validación lingüística","Transcrito"
"RD-000957","tar","Huicáhuaraba","Adv","Huicáhuaraba","huicahuaraba","","Adv","De nada, por nada","[]","[]","","SRC-02[45]","Autorizada para difusión","Pendiente de validación lingüística","Transcrito"
"RD-000958","tar","Huicáhuari","S","Huicáhuari","huicahuari","","S","Perdón","[]","[""Huicáhuari tani. Pide perdón.""]","Huicáhuari tani. Pide perdón.","SRC-02[45]","Autorizada para difusión","Pendiente de validación lingüística","Transcrito"
"RD-000959","tar","Huicaná","Adv","Huicaná","huicana","","Adv","En muchas partes","[]","[""Echi rijoy huicánáami iyenri nochia. Ese hombre anduvo trabajando en muchas partes. Huicaná nasóami. Surtido.""]","Echi rijoy huicánáami iyenri nochia. Ese hombre anduvo trabajando en muchas partes. Huicaná nasóami. Surtido.","SRC-02[45]","Autorizada para difusión","Pendiente de validación lingüística","Transcrito"
"RD-000960","tar","Huicará","Vi","Huicará","huicara","","Vi","Cantar (bailador o con nuna sonaja)","[]","[]","","SRC-02[45]","Autorizada para difusión","Pendiente de validación lingüística","Transcrito"
"RD-000961","tar","Huicari","Vi pret","Huicari","huicari","","Vi","Olvidarse","[]","[]","","SRC-02[45]","Autorizada para difusión","Pendiente de validación lingüística","Transcrito"
"RD-000962","tar","Huicó","S","Huicó","huico","","S","Abejorro, un árbol de las barrancas donde se congregan los abejorros","[]","[]","","SRC-02[45]","Autorizada para difusión","Pendiente de validación lingüística","Transcrito"
"RD-000963","tar","Huicochuí","S","Huicochuí","huicochui","","S","Hongo","[]","[]","","SRC-02[45]","Autorizada para difusión","Pendiente de validación lingüística","Transcrito"
"RD-000964","tar","Huicori, icori","S","Huicori, icori","huicori, icori","","S","Corteza gruesa (de pino o encino)","[""icori""]","[""Jaré cúrohui nihuá echi troca echi huicori jiti. Algunos niños hacen pequeñas trocas (camiones de carga) de la corteza de pino.""]","Jaré cúrohui nihuá echi troca echi huicori jiti. Algunos niños hacen pequeñas trocas (camiones de carga) de la corteza de pino.","SRC-02[46]","Autorizada para difusión","Pendiente de validación lingüística","Transcrito"
"RD-000965","tar","Huicú","Vi","Huicú","huicu","","Vi","Estar turbio (el agua)","[]","[]","","SRC-02[46]","Autorizada para difusión","Pendiente de validación lingüística","Transcrito"
"RD-000966","tar","Huicúami","Adj","Huicúami","huicuami","","Adj","Turbio","[]","[]","","SRC-02[46]","Autorizada para difusión","Pendiente de validación lingüística","Transcrito"
"RD-000967","tar","Huicuba, huicuhua","Vt","Huicuba, huicuhua","huicuba, huicuhua","","Vt","Enturbiar","[""huicuhua""]","[]","","SRC-02[46]","Autorizada para difusión","Pendiente de validación lingüística","Transcrito"
"RD-000968","tar","Huicuhui","Vi","Huicuhui","huicuhui","","Vi","Chiflar","[""pret.: huicúuri; fut.: huicuhuama""]","[""Echi tohuí hue ba’yóami huicuhui. Ese niño chifla muy bonito. [pret.: huicúuri; fut.: huicuhuama].""]","Echi tohuí hue ba’yóami huicuhui. Ese niño chifla muy bonito. [pret.: huicúuri; fut.: huicuhuama].","SRC-02[46]","Autorizada para difusión","Pendiente de validación lingüística","Transcrito"
"RD-000969","tar","Huichá","S","Huichá","huicha","","S","Aguja","[]","[""Echi muquí hue su huichá jiti. Esa mujer cosa con la aguja. Huichárari uchá. Enhebra la aguja.""]","Echi muquí hue su huichá jiti. Esa mujer cosa con la aguja. Huichárari uchá. Enhebra la aguja.","SRC-02[46]","Autorizada para difusión","Pendiente de validación lingüística","Transcrito"
"RD-000970","tar","Huichabú","Vt","Huichabú","huichabu","","Vt","Castrar","[]","[]","","SRC-02[46]","Autorizada para difusión","Pendiente de validación lingüística","Transcrito"
"RD-000971","tar","Huíchari","S","Huíchari","huichari","","S","Manzanilla","[]","[]","","SRC-02[46]","Autorizada para difusión","Pendiente de validación lingüística","Transcrito"
"RD-000972","tar","Huichéami","Adj","Huichéami","huicheami","","Adj","Piojoso","[]","[]","","SRC-02[46]","Autorizada para difusión","Pendiente de validación lingüística","Transcrito"
"RD-000973","tar","Huichí","S","1Huichí","huichi","1","S","1. Cuero, piel 2. Piojo","[]","[""Huáasi huichira. Cuero de vaca. Huichí cahuara. Liendres.""]","Huáasi huichira. Cuero de vaca. Huichí cahuara. Liendres.","SRC-02[46]","Autorizada para difusión","Pendiente de validación lingüística","Transcrito"
"RD-000974","tar","Huichí","S","2Huichí","huichi","2","S","Suelo","[]","[""Huichí huirigá nahuari. Vino a pie. Huichí jaga simabo. Vamos a pie""]","Huichí huirigá nahuari. Vino a pie. Huichí jaga simabo. Vamos a pie","SRC-02[46]","Autorizada para difusión","Pendiente de validación lingüística","Transcrito"
"RD-000975","tar","Huichí","Vi","3Huichí","huichi","3","Vi","Caerse (de arriba)","[""fut.: huichiméa""]","[""Ri’ré huichí huichiri. Se cayó en el suelo. [fut.: huichiméa].""]","Ri’ré huichí huichiri. Se cayó en el suelo. [fut.: huichiméa].","SRC-02[46]","Autorizada para difusión","Pendiente de validación lingüística","Transcrito"
"RD-000976","tar","Huichí huirigá","Adv sing","Huichí huirigá","huichi huiriga","","Adv","A pie","[""pl.: huichí jaga""]","[""[pl.: huichí jaga]""]","[pl.: huichí jaga]","SRC-02[46]","Autorizada para difusión","Pendiente de validación lingüística","Transcrito"
"RD-000977","tar","Huichiba","Vi","Huichiba","huichiba","","Vi","1. Caer 2. Pegar (sol)","[""pl.: rujuí""]","[""Jena’í huichiba aquibi echo comácari. por aquí cayó la bola. Bucurí huichíbachi rayénari nijeni asísari. Cuando comenzaba a pegar el sol en la mañana, me levanté. [pl.: rujuí].""]","Jena’í huichiba aquibi echo comácari. por aquí cayó la bola. Bucurí huichíbachi rayénari nijeni asísari. Cuando comenzaba a pegar el sol en la mañana, me levanté. [pl.: rujuí].","SRC-02[46]","Autorizada para difusión","Pendiente de validación lingüística","Transcrito"
"RD-000978","tar","Huichibáchara","S","Huichibáchara","huichibachara","","S","Estuche de cuero (para rifle o cuchillo)","[]","[]","","SRC-02[46]","Autorizada para difusión","Pendiente de validación lingüística","Transcrito"
"RD-000979","tar","Huichibecha","Vi","Huichibecha","huichibecha","","Vi","Rasparse (por alguna cosa)","[]","[]","","SRC-02[46]","Autorizada para difusión","Pendiente de validación lingüística","Transcrito"
"RD-000980","tar","Huichihuera","S","Huichihuera","huichihuera","","S","Una cuarta (látigo)","[]","[]","","SRC-02[46]","Autorizada para difusión","Pendiente de validación lingüística","Transcrito"
"RD-000981","tar","Huichimó","S","Huichimó","huichimo","","S","Ardilla chiquita (de la tierra)","[]","[]","","SRC-02[46]","Autorizada para difusión","Pendiente de validación lingüística","Transcrito"
"RD-000982","tar","Huichimoba","S","Huichimoba","huichimoba","","S","Mundo","[]","[""Huichimóbachi. En el mundo.""]","Huichimóbachi. En el mundo.","SRC-02[46]","Autorizada para difusión","Pendiente de validación lingüística","Transcrito"
"RD-000983","tar","Huichó","Vt","Huichó","huicho","","Vt","Lavar (ropa)","[]","[""Biré muquí echo’ná comichi huichó chucú. Una mujer está lavando allí, en el arroyo. Huichósohua táa nírari. Se encogió la ropa al lavarla.""]","Biré muquí echo’ná comichi huichó chucú. Una mujer está lavando allí, en el arroyo. Huichósohua táa nírari. Se encogió la ropa al lavarla.","SRC-02[46]","Autorizada para difusión","Pendiente de validación lingüística","Transcrito"
"RD-000984","tar","Huichobé","Vt","Huichobé","huichobe","","Vt","Quemar (la tortilla o el frijol), chamuscar","[]","[""Ma huichobétari muní. Ya se quemaron los frijoles. Huichobeta. Vi Quemarse.""]","Ma huichobétari muní. Ya se quemaron los frijoles. Huichobeta. Vi Quemarse.","SRC-02[46]","Autorizada para difusión","Pendiente de validación lingüística","Transcrito"
"RD-000985","tar","Huichóri","S","Huichóri","huichori","","S","Barro","[]","[]","","SRC-02[46]","Autorizada para difusión","Pendiente de validación lingüística","Transcrito"
"RD-000986","tar","Huichoríta","Vi","Huichoríta","huichorita","","Vi","Estar haciéndose barroso","[]","[]","","SRC-02[46]","Autorizada para difusión","Pendiente de validación lingüística","Transcrito"
"RD-000987","tar","Huichorítami","Adj","Huichorítami","huichoritami","","Adj","Barroso","[]","[]","","SRC-02[46]","Autorizada para difusión","Pendiente de validación lingüística","Transcrito"
"RD-000988","tar","Huichurí","S","Huichurí","huichuri","","S","Cacto redondo","[]","[]","","SRC-02[46]","Autorizada para difusión","Pendiente de validación lingüística","Transcrito"
"RD-000989","tar","‘Huigáami","Adj","‘Huigáami","'huigaami","","Adj","Perdido (pl)","[]","[]","","SRC-02[47]","Autorizada para difusión","Pendiente de validación lingüística","Transcrito"
"RD-000990","tar","‘Huíhuachi","S","‘Huíhuachi","'huihuachi","","S","Pizca, tiempo de la pizca","[]","[""Huaminá ‘huíhuachi huicabé nirúrama sunuco. Más allá, durante la pizca, habrá mucho maíz.""]","Huaminá ‘huíhuachi huicabé nirúrama sunuco. Más allá, durante la pizca, habrá mucho maíz.","SRC-02[47]","Autorizada para difusión","Pendiente de validación lingüística","Transcrito"
"RD-000991","tar","Huíi","Vt","Huíi","huii","","Vt","Lanzar, amarrar (un animal)","[]","[""Huíira chucúami. Parado amarrado (un animal).""]","Huíira chucúami. Parado amarrado (un animal).","SRC-02[47]","Autorizada para difusión","Pendiente de validación lingüística","Transcrito"
"RD-000992","tar","Hui’í","S","Hui’í","hui'i","","S","Manteca, sebo","[]","[""Echi cochi hue hui’íami ju. Ese marrano está muy gordo, y tiene mucha manteca.""]","Echi cochi hue hui’íami ju. Ese marrano está muy gordo, y tiene mucha manteca.","SRC-02[47]","Autorizada para difusión","Pendiente de validación lingüística","Transcrito"
"RD-000993","tar","Hui’íami","Adj sing","Hui’íami","hui'iami","","Adj","Que tiene mucha manteca (un marrano)","[""pl.: hui’iméa""]","[""[pl.: hui’iméa].""]","[pl.: hui’iméa].","SRC-02[47]","Autorizada para difusión","Pendiente de validación lingüística","Transcrito"
"RD-000994","tar","Hui’ibochana","Vt","Hui’ibochana","hui'ibochana","","Vt","Engordar (marrano)","[]","[""Hui’ibóchanabo biré cochi. Vamos a engordar un marrano.""]","Hui’ibóchanabo biré cochi. Vamos a engordar un marrano.","SRC-02[47]","Autorizada para difusión","Pendiente de validación lingüística","Transcrito"
"RD-000995","tar","Huijá","Vt","1Huijá","huija","1","Vt","Sacar (de la lumbre)","[""fut.: huijaméa""]","[""Nijeni huijiméa echi ri’rohui echo’ná napichi. Voy a sacar las papas de las cenizas. [fut.: huijaméa].""]","Nijeni huijiméa echi ri’rohui echo’ná napichi. Voy a sacar las papas de las cenizas. [fut.: huijaméa].","SRC-02[47]","Autorizada para difusión","Pendiente de validación lingüística","Transcrito"
"RD-000996","tar","Huijá","Vi","2Huijá","huija","2","Vi","Estar colgado","[]","[""Echo’ná pachá huijá chucú. Está colgado allí adentro. Huijagá chucú. Está colgado.""]","Echo’ná pachá huijá chucú. Está colgado allí adentro. Huijagá chucú. Está colgado.","SRC-02[47]","Autorizada para difusión","Pendiente de validación lingüística","Transcrito"
"RD-000997","tar","Huijáhua","Vt","Huijáhua","huijahua","","Vt","Colgar","[]","[""Nijeni echo’ná huijpahuama echi juste. Voy a colgar el fuste allí adentro.""]","Nijeni echo’ná huijpahuama echi juste. Voy a colgar el fuste allí adentro.","SRC-02[47]","Autorizada para difusión","Pendiente de validación lingüística","Transcrito"
"RD-000998","tar","Hui’nijí","Vt","Hui’nijí","hui'niji","","Vt","Acusar, condenar","[""fut.: hu’nijima""]","[""Pagótami tamí hui’nijiri. La gente me acusaba. Comisario tamí hui’nijiri. El comisario de la policía me acusó. [fut.: hu’nijima]. Hui’nijíhuachi. Cuando lo acusan.""]","Pagótami tamí hui’nijiri. La gente me acusaba. Comisario tamí hui’nijiri. El comisario de la policía me acusó. [fut.: hu’nijima]. Hui’nijíhuachi. Cuando lo acusan.","SRC-02[47]","Autorizada para difusión","Pendiente de validación lingüística","Transcrito"
"RD-000999","tar","Huinomí","S","Huinomí","huinomi","","S","Dinero","[]","[]","","SRC-02[47]","Autorizada para difusión","Pendiente de validación lingüística","Transcrito"
"RD-001000","tar","Huipá","S","Huipá","huipa","","S","Tabaco del campo","[]","[]","","SRC-02[47]","Autorizada para difusión","Pendiente de validación lingüística","Transcrito"
"RD-001001","tar","Huipichá","Vt","Huipichá","huipicha","","Vt","Chapalear (agua con la mano)","[]","[]","","SRC-02[47]","Autorizada para difusión","Pendiente de validación lingüística","Transcrito"
"RD-001002","tar","Huipisó","Vt","Huipisó","huipiso","","Vt","Azotar (con mano o cuarta), lo chicotea","[]","[""Tamí huipisómia nahuari. Loegó par aazotarnos a nosotros. Muní huipisómani. Voy a desvainar el frijol (azotándolos). Huipisótami. Adj Azotado. Huipisónari. Querían azotarle. Huipisó capaneri. Toca la campana.""]","Tamí huipisómia nahuari. Loegó par aazotarnos a nosotros. Muní huipisómani. Voy a desvainar el frijol (azotándolos). Huipisótami. Adj Azotado. Huipisónari. Querían azotarle. Huipisó capaneri. Toca la campana.","SRC-02[47]","Autorizada para difusión","Pendiente de validación lingüística","Transcrito"
"RD-001003","tar","Huiputa","Vi","Huiputa","huiputa","","Vi","Tener demasiada hambre o sed","[]","[]","","SRC-02[47]","Autorizada para difusión","Pendiente de validación lingüística","Transcrito"
"RD-001004","tar","Huiqué","Vt","Huiqué","huique","","Vt","Deber","[]","[""Huiquéami. Que debe.""]","Huiquéami. Que debe.","SRC-02[47]","Autorizada para difusión","Pendiente de validación lingüística","Transcrito"
"RD-001005","tar","Huiquechi","Vi","Huiquechi","huiquechi","","Vi","Ser llorón","[]","[]","","SRC-02[47]","Autorizada para difusión","Pendiente de validación lingüística","Transcrito"
"RD-001006","tar","Huiquiá","Vi","Huiquiá","huiquia","","Vi","Extraviarse","[]","[]","","SRC-02[47]","Autorizada para difusión","Pendiente de validación lingüística","Transcrito"
"RD-001007","tar","Huiquiyá muhué","Vt","Huiquiyá muhué","huiquiya muhue","","Vt","Multiplicar","[]","[]","","SRC-02[47]","Autorizada para difusión","Pendiente de validación lingüística","Transcrito"
"RD-001008","tar","Hui’rá","S","Hui’rá","hui'ra","","S","Arete","[]","[]","","SRC-02[47]","Autorizada para difusión","Pendiente de validación lingüística","Transcrito"
"RD-001009","tar","Hui´ré","Vi","Hui´ré","hui´re","","Vi","Tener aretes","[]","[""Echi moquí hue semati huir’e. Esa mujer tiene aretes muy bonitos.""]","Echi moquí hue semati huir’e. Esa mujer tiene aretes muy bonitos.","SRC-02[47]","Autorizada para difusión","Pendiente de validación lingüística","Transcrito"
"RD-001010","tar","Huirá","Vt","Huirá","huira","","Vt","1. Parar 2. Elegir, nombrar a una autoridad","[""pl.: jahua; pret.: huirásari""]","[""Echo’ná sitochi huirari ripurá. Puso parada el hacha, en el rincón. Tamí huirábari capitani niráa. Me eligieron como capitán. [pl.: jahua; pret.: huirásari].""]","Echo’ná sitochi huirari ripurá. Puso parada el hacha, en el rincón. Tamí huirábari capitani niráa. Me eligieron como capitán. [pl.: jahua; pret.: huirásari].","SRC-02[47-48]","Autorizada para difusión","Pendiente de validación lingüística","Transcrito"
"RD-001011","tar","Huiráami","S sing","Huiráami","huiraami","","S","Vieja, anciana","[""pl.: ‘huécami""]","[""[pl.: ‘huécami].""]","[pl.: ‘huécami].","SRC-02[48]","Autorizada para difusión","Pendiente de validación lingüística","Transcrito"
"RD-001012","tar","Huiraba","Vt","Huiraba","huiraba","","Vt","Parar (detener)","[""pret.: huirábari""]","[""Nijeni huirábama echi motor. Boy a parar el motor. [pret.: huirábari].""]","Nijeni huirábama echi motor. Boy a parar el motor. [pret.: huirábari].","SRC-02[48]","Autorizada para difusión","Pendiente de validación lingüística","Transcrito"
"RD-001013","tar","Huirara","Vi","Huirara","huirara","","Vi","Envejecerse (mujer)","[]","[""Echi muquí ma hue huirárari. Esa mujer se ha envejecido mucho.""]","Echi muquí ma hue huirárari. Esa mujer se ha envejecido mucho.","SRC-02[48]","Autorizada para difusión","Pendiente de validación lingüística","Transcrito"
"RD-001014","tar","Huirárasi","","Huirárasi","huirarasi","","Sin clasificar","Levantar, parar (poste, persona)","[""pret. de huirá""]","[""[pret. de huirá].""]","[pret. de huirá].","SRC-02[48]","Autorizada para difusión","Pendiente de validación lingüística","Transcrito"
"RD-001015","tar","Hui’ré","Adj","Hui’ré","hui're","","Adj","Ancho","[]","[""Hui’ré inaro ba’huí. Está ancho el río. Hui’ré ichiméani. Voy a sembrar ancho (mucho).""]","Hui’ré inaro ba’huí. Está ancho el río. Hui’ré ichiméani. Voy a sembrar ancho (mucho).","SRC-02[48]","Autorizada para difusión","Pendiente de validación lingüística","Transcrito"
"RD-001016","tar","Hui’rí","Vi","Hui’rí","hui'ri","","Vi","1. Estar largo (medida) 2. Extenso (tiempo)","[]","[""Hue hui’rí echi cusí. Está largo el palo. Hui’rí huiriri echi ucuí. Estaba lloviendo por mucho tiempo. Hui’rira. Vt Alargar. Hui’ribé. Muy extenso.""]","Hue hui’rí echi cusí. Está largo el palo. Hui’rí huiriri echi ucuí. Estaba lloviendo por mucho tiempo. Hui’rira. Vt Alargar. Hui’ribé. Muy extenso.","SRC-02[48]","Autorizada para difusión","Pendiente de validación lingüística","Transcrito"
"RD-001017","tar","Huirí","Vi","Huirí","huiri","","Vi","Estar parado","[""fut.: huiriméa; pl.: jahui""]","[""¿Cumi huirí echi pichira? ¿Dónde está parada la escoba? [fut.: huiriméa; pl.: jahui].""]","¿Cumi huirí echi pichira? ¿Dónde está parada la escoba? [fut.: huiriméa; pl.: jahui].","SRC-02[48]","Autorizada para difusión","Pendiente de validación lingüística","Transcrito"
"RD-001018","tar","Huiríami","Adj","Huiríami","huiriami","","Adj","Parado, nacido","[]","[""Echi bachá huiríami ranara ju. Es el hijo primogénito.""]","Echi bachá huiríami ranara ju. Es el hijo primogénito.","SRC-02[48]","Autorizada para difusión","Pendiente de validación lingüística","Transcrito"
"RD-001019","tar","Huiriba","Vi sing","Huiriba","huiriba","","Vi","Pararse (el hecho de pararse)","[""pret.: huiríbari; fut.: huiribama; pl.: jaba""]","[""Echo’ná yéachi huiríbari. Se paró en la puerta. [pret.: huiríbari; fut.: huiribama; pl.: jaba]. Huiribá imper Párate""]","Echo’ná yéachi huiríbari. Se paró en la puerta. [pret.: huiríbari; fut.: huiribama; pl.: jaba]. Huiribá imper Párate","SRC-02[48]","Autorizada para difusión","Pendiente de validación lingüística","Transcrito"
"RD-001020","tar","Huiríbari","Vi","Huiríbari","huiribari","","Vi","Empezar a llover","[]","[""Echi ucuí ma huiríbari. Empezó a llover.""]","Echi ucuí ma huiríbari. Empezó a llover.","SRC-02[48]","Autorizada para difusión","Pendiente de validación lingüística","Transcrito"
"RD-001021","tar","Huiribeco","Adv","Huiribeco","huiribeco","","Adv","Después","[]","[""Hui’ribéque nahua. Retrasa su llegada.""]","Hui’ribéque nahua. Retrasa su llegada.","SRC-02[48]","Autorizada para difusión","Pendiente de validación lingüística","Transcrito"
"RD-001022","tar","Hui’rique","Adv","Hui’rique","hui'rique","","Adv","Mucho después","[]","[""Hui´rique rocogó cu nahuari. Muy noche llegó. Ma hui’rique chónachi níiri. Ya era muy de noche. Hui’rique chónachi. Muy noche.""]","Hui´rique rocogó cu nahuari. Muy noche llegó. Ma hui’rique chónachi níiri. Ya era muy de noche. Hui’rique chónachi. Muy noche.","SRC-02[48]","Autorizada para difusión","Pendiente de validación lingüística","Transcrito"
"RD-001023","tar","Huirira","Vi","Huirira","huirira","","Vi","Andar (haciendo algo)","[""pret.: huirírari: fut.: huiriráma""]","[""Chibá meca huirira. Anda cuidando las chivas [pret.: huirírari: fut.: huiriráma].""]","Chibá meca huirira. Anda cuidando las chivas [pret.: huirírari: fut.: huiriráma].","SRC-02[48]","Autorizada para difusión","Pendiente de validación lingüística","Transcrito"
"RD-001024","tar","Huirisa","Vi sing","Huirisa","huirisa","","Vi","Pararse, levantarse (de estar sentado)","[""pl.: jasa; pret.: huirísari""]","[""[pl.: jasa; pret.: huirísari]. Huirisi imper ¡levántese! Huirísaga vi Parándose.""]","[pl.: jasa; pret.: huirísari]. Huirisi imper ¡levántese! Huirísaga vi Parándose.","SRC-02[48]","Autorizada para difusión","Pendiente de validación lingüística","Transcrito"
"RD-001025","tar","Huiró","Vt","Huiró","huiro","","Vt","1. Tirar (agua, tesgüino, sangre) 2. Desparramar (tierra o granos)","[]","[]","","SRC-02[48]","Autorizada para difusión","Pendiente de validación lingüística","Transcrito"
"RD-001026","tar","Huirú","S","Huirú","huiru","","S","Zopilote","[]","[""Ma i’nísari huirú. Ya voló el zopilote.""]","Ma i’nísari huirú. Ya voló el zopilote.","SRC-02[48]","Autorizada para difusión","Pendiente de validación lingüística","Transcrito"
"RD-001027","tar","‘Huisa","VT","‘Huisa","'huisa","","Vt","1. Coger, agarrar 2. Arrebatar","[]","[]","","SRC-02[48]","Autorizada para difusión","Pendiente de validación lingüística","Transcrito"
"RD-001028","tar","Huisabé","Adv","Huisabé","huisabe","","Adv","Muchas veces, frecuentemente","[]","[""Huisabé ucuri. Llovió muchas veces.""]","Huisabé ucuri. Llovió muchas veces.","SRC-02[48]","Autorizada para difusión","Pendiente de validación lingüística","Transcrito"
"RD-001029","tar","Huisibú","Vt esp","Huisibú","huisibu","","Vt","Poner la zapeta (taparrabo)","[]","[""Ma huisibúmani. Voy a vestirme, me pondré la zapeta.""]","Ma huisibúmani. Voy a vestirme, me pondré la zapeta.","SRC-02[49]","Autorizada para difusión","Pendiente de validación lingüística","Transcrito"
"RD-001030","tar","Huisibura","S","Huisibura","huisibura","","S","La pieza triangular de la zapeta, un cotense","[]","[]","","SRC-02[49]","Autorizada para difusión","Pendiente de validación lingüística","Transcrito"
"RD-001031","tar","Huisiburi","S","Huisiburi","huisiburi","","S","Paño, trapo","[]","[]","","SRC-02[49]","Autorizada para difusión","Pendiente de validación lingüística","Transcrito"
"RD-001032","tar","Huisó","Vt","Huisó","huiso","","Vt","Hacer lodo, batir lodo","[]","[]","","SRC-02[49]","Autorizada para difusión","Pendiente de validación lingüística","Transcrito"
"RD-001033","tar","Huisogá","S","Huisogá","huisoga","","S","Lodo, zoquete","[]","[]","","SRC-02[49]","Autorizada para difusión","Pendiente de validación lingüística","Transcrito"
"RD-001034","tar","Huisogátari","S","Huisogátari","huisogatari","","S","Ciénaga","[]","[]","","SRC-02[49]","Autorizada para difusión","Pendiente de validación lingüística","Transcrito"
"RD-001035","tar","Huisoguéra","Vi","Huisoguéra","huisoguera","","Vi","Enlodarse","[]","[]","","SRC-02[49]","Autorizada para difusión","Pendiente de validación lingüística","Transcrito"
"RD-001036","tar","Huisú","S","1Huisú","huisu","1","S","Tipo de animalito carnívoro con cola larga","[]","[]","","SRC-02[49]","Autorizada para difusión","Pendiente de validación lingüística","Transcrito"
"RD-001037","tar","Huisú","","2Huisú","huisu","2","Sin clasificar","1. vt Dar leche, ordeñar 2. vi Salir un chorro","[]","[""Echi huáasu huarú chi’muri; ma huisunámani. Esa vaca da mucha leche, voy a ordeñarla. Huisuchi. S Donde sale un chorro.""]","Echi huáasu huarú chi’muri; ma huisunámani. Esa vaca da mucha leche, voy a ordeñarla. Huisuchi. S Donde sale un chorro.","SRC-02[49]","Autorizada para difusión","Pendiente de validación lingüística","Transcrito"
"RD-001038","tar","Huisuna","Vt","Huisuna","huisuna","","Vt","Ordeñar","[]","[]","","SRC-02[49]","Autorizada para difusión","Pendiente de validación lingüística","Transcrito"
"RD-001039","tar","Huitá","","Huitá","huita","","Sin clasificar","1. vi Hacer estiércol 2. s Estiércol, excremento","[""fut.: huitaméa""]","[""[fut.: huitaméa]. Chibá huitara. Estiércol de chiva.""]","[fut.: huitaméa]. Chibá huitara. Estiércol de chiva.","SRC-02[49]","Autorizada para difusión","Pendiente de validación lingüística","Transcrito"
"RD-001040","tar","Huitabú","Vi","Huitabú","huitabu","","Vi","Tener diarrea","[]","[]","","SRC-02[49]","Autorizada para difusión","Pendiente de validación lingüística","Transcrito"
"RD-001041","tar","Huitara","Vi","Huitara","huitara","","Vi","Fertilizar la tierra con estiércol","[]","[]","","SRC-02[49]","Autorizada para difusión","Pendiente de validación lingüística","Transcrito"
"RD-001042","tar","Huitayé","","Huitayé","huitaye","","Sin clasificar","Derrumbarse (tierra)","[""variante de huatayé""]","[""[variante de huatayé].""]","[variante de huatayé].","SRC-02[49]","Autorizada para difusión","Pendiente de validación lingüística","Transcrito"
"RD-001043","tar","Huiya","","Huiya","huiya","","Sin clasificar","1. s Mecate 2. vt Persogar, lazar","[]","[]","","SRC-02[49]","Autorizada para difusión","Pendiente de validación lingüística","Transcrito"
"RD-001044","tar","Hui’yé","S","Hui’yé","hui'ye","","S","Tierra, barro","[]","[""Echi sicorí hui’yé jiti nihuarihua. Se hacen las ollas de tierra (barro). Gará ju hui’yé; huarú ochérama pachí. Está buena la tierra; crecerá grande el maíz.""]","Echi sicorí hui’yé jiti nihuarihua. Se hacen las ollas de tierra (barro). Gará ju hui’yé; huarú ochérama pachí. Está buena la tierra; crecerá grande el maíz.","SRC-02[49]","Autorizada para difusión","Pendiente de validación lingüística","Transcrito"
"RD-001045","tar","Hui’yée","Vi","Hui’yée","hui'yee","","Vi","Hay tierra","[""fut.: hui’yéarama""]","[""[fut.: hui’yéarama].""]","[fut.: hui’yéarama].","SRC-02[49]","Autorizada para difusión","Pendiente de validación lingüística","Transcrito"
"RD-001046","tar","Huiyé","S","Huiyé","huiye","","S","Madre","[]","[]","","SRC-02[49]","Autorizada para difusión","Pendiente de validación lingüística","Transcrito"
"RD-001047","tar","Huiyó","S","Huiyó","huiyo","","S","Tipo de pino (aguja fina)","[]","[]","","SRC-02[49]","Autorizada para difusión","Pendiente de validación lingüística","Transcrito"
"RD-001048","tar","Ibiri, ibíripi","Pron","Ibiri, ibíripi","ibiri, ibiripi","","Pron","Cada uno, unos a otros","[""ibíripi""]","[""Ibíripi niráa juri biré namuti. Cada uno escogió una cosa. Ibiripi niráa. Uno por otro""]","Ibíripi niráa juri biré namuti. Cada uno escogió una cosa. Ibiripi niráa. Uno por otro","SRC-02[49]","Autorizada para difusión","Pendiente de validación lingüística","Transcrito"
"RD-001049","tar","Ibócari","S","Ibócari","ibocari","","S","Chile (colorado, grande, seco)","[]","[""Síbori. S Chile piquín.""]","Síbori. S Chile piquín.","SRC-02[49]","Autorizada para difusión","Pendiente de validación lingüística","Transcrito"
"RD-001050","tar","Ibóisi","S pl","Ibóisi","iboisi","","S","Bueyes","[""sing.: bóisi""]","[""[sing.: bóisi].""]","[sing.: bóisi].","SRC-02[49]","Autorizada para difusión","Pendiente de validación lingüística","Transcrito"
"RD-001051","tar","Icá","Vi","Icá","ica","","Vi","Hacer aire, soplar el viento","[""fut.: icaméa""]","[""Ma arihueri icayá. Ya dejó de soplar. [fut.: icaméa].""]","Ma arihueri icayá. Ya dejó de soplar. [fut.: icaméa].","SRC-02[49]","Autorizada para difusión","Pendiente de validación lingüística","Transcrito"
"RD-001052","tar","Icárata","Vt","Icárata","icarata","","Vt","Abanicar","[]","[]","","SRC-02[49]","Autorizada para difusión","Pendiente de validación lingüística","Transcrito"
"RD-001053","tar","Icaré","Vi","Icaré","icare","","Vi","Mentir","[""pp.: icaréami""]","[""Echi rijoy hue icaré; quetasi bichíhuaga ra’icha. Ese hombre miente mucho; no dice la verdad. [pp.: icaréami]. Icareca ru. Negar (en el sentido de mentir).""]","Echi rijoy hue icaré; quetasi bichíhuaga ra’icha. Ese hombre miente mucho; no dice la verdad. [pp.: icaréami]. Icareca ru. Negar (en el sentido de mentir).","SRC-02[49]","Autorizada para difusión","Pendiente de validación lingüística","Transcrito"
"RD-001054","tar","Icori","","Icori","icori","","Sin clasificar","Corteza gruesa (de pino o encino)","[""variante de huicori""]","[""[variante de huicori].""]","[variante de huicori].","SRC-02[49]","Autorizada para difusión","Pendiente de validación lingüística","Transcrito"
"RD-001055","tar","Icosa","Vt","Icosa","icosa","","Vt","Quemar","[]","[]","","SRC-02[49]","Autorizada para difusión","Pendiente de validación lingüística","Transcrito"
"RD-001056","tar","Icota","Vi","Icota","icota","","Vi","Quemarse (el monte)","[]","[""Huarú inaro icótari. El monte estaba quemándose mucho.""]","Huarú inaro icótari. El monte estaba quemándose mucho.","SRC-02[49]","Autorizada para difusión","Pendiente de validación lingüística","Transcrito"
"RD-001057","tar","Icúsuhua","","Icúsuhua","icusuhua","","Sin clasificar","Son autoridades","[""variante de igúsuhua""]","[""[variante de igúsuhua].""]","[variante de igúsuhua].","SRC-02[50]","Autorizada para difusión","Pendiente de validación lingüística","Transcrito"
"RD-001058","tar","Ichá","Vt","Ichá","icha","","Vt","Sembrar","[""fut.: ichiméa""]","[""Hui’ré ichari. Sembró mucho (ancho). Ma ichítari. Ya fue sembrado. [fut.: ichiméa]. Ichisí. Imper ¡!Siémbrenlo ustedes""]","Hui’ré ichari. Sembró mucho (ancho). Ma ichítari. Ya fue sembrado. [fut.: ichiméa]. Ichisí. Imper ¡!Siémbrenlo ustedes","SRC-02[50]","Autorizada para difusión","Pendiente de validación lingüística","Transcrito"
"RD-001059","tar","Icháami","S","Icháami","ichaami","","S","Sembrador","[]","[]","","SRC-02[50]","Autorizada para difusión","Pendiente de validación lingüística","Transcrito"
"RD-001060","tar","Iché","Vi","1Iché","iche","1","Vi","Hay matas de maíz","[""pret.: ichéari; fut.: ichérama""]","[""[pret.: ichéari; fut.: ichérama].""]","[pret.: ichéari; fut.: ichérama].","SRC-02[50]","Autorizada para difusión","Pendiente de validación lingüística","Transcrito"
"RD-001061","tar","Iché","Vt","2Iché","iche","2","Vt","Picar, punzar, inyectar","[]","[""Ahuati ichema. Le picará con sus cuernos.""]","Ahuati ichema. Le picará con sus cuernos.","SRC-02[50]","Autorizada para difusión","Pendiente de validación lingüística","Transcrito"
"RD-001062","tar","Ichí","S","Ichí","ichi","","S","Matas de maíz","[]","[""Ichírari. Entre las matas de maíz (en la milpa). Ichírati. Fue sembrado. Ichisuhua. Ya sembrando.""]","Ichírari. Entre las matas de maíz (en la milpa). Ichírati. Fue sembrado. Ichisuhua. Ya sembrando.","SRC-02[50]","Autorizada para difusión","Pendiente de validación lingüística","Transcrito"
"RD-001063","tar","Ichihuáhuami","Adj","Ichihuáhuami","ichihuahuami","","Adj","De siembra","[]","[""Hui’yé ichihuáhuami. Tierra de siembra.""]","Hui’yé ichihuáhuami. Tierra de siembra.","SRC-02[50]","Autorizada para difusión","Pendiente de validación lingüística","Transcrito"
"RD-001064","tar","Ichipa","Vi","Ichipa","ichipa","","Vi","Esconderse","[]","[""Pachá carírari ichípari tohuí. El niño se escondió adentro de la casa.""]","Pachá carírari ichípari tohuí. El niño se escondió adentro de la casa.","SRC-02[50]","Autorizada para difusión","Pendiente de validación lingüística","Transcrito"
"RD-001065","tar","Ichirúami","S","Ichirúami","ichiruami","","S","Sembrado","[]","[]","","SRC-02[50]","Autorizada para difusión","Pendiente de validación lingüística","Transcrito"
"RD-001066","tar","Ichuromí","Adv","Ichuromí","ichuromi","","Adv","Todo el cuerpo","[]","[""Ichuromí ocó. Me duele todo el cuerpo.""]","Ichuromí ocó. Me duele todo el cuerpo.","SRC-02[50]","Autorizada para difusión","Pendiente de validación lingüística","Transcrito"
"RD-001067","tar","Igúsuhua, icúsuhua","Vi","Igúsuhua, icúsuhua","igusuhua, icusuhua","","Vi","Son autoridades (del pueblo)","[""icúsuhua""]","[]","","SRC-02[50]","Autorizada para difusión","Pendiente de validación lingüística","Transcrito"
"RD-001068","tar","Igúsuhuami","S pl","Igúsuhuami","igusuhuami","","S","Autoridades (del pueblo)","[""sing.: cusihua""]","[""[sing.: cusihua].""]","[sing.: cusihua].","SRC-02[50]","Autorizada para difusión","Pendiente de validación lingüística","Transcrito"
"RD-001069","tar","Ihuá","Vi","Ihuá","ihua","","Vi","Tener agujero","[]","[""Hui’ré ihuá. Tiene un agujero grande.""]","Hui’ré ihuá. Tiene un agujero grande.","SRC-02[50]","Autorizada para difusión","Pendiente de validación lingüística","Transcrito"
"RD-001070","tar","Ihuáachi","S","Ihuáachi","ihuaachi","","S","Abertura, agujero","[]","[""Echo’ná ritérari ihuáachi atí. Está en el agujero de la piedra.""]","Echo’ná ritérari ihuáachi atí. Está en el agujero de la piedra.","SRC-02[50]","Autorizada para difusión","Pendiente de validación lingüística","Transcrito"
"RD-001071","tar","Ihuará","Vt","Ihuará","ihuara","","Vt","Agujerear, perforar","[]","[]","","SRC-02[50]","Autorizada para difusión","Pendiente de validación lingüística","Transcrito"
"RD-001072","tar","Ihu´é","Vt","1Ihu´é","ihu´e","1","Vt","Atajar","[]","[""Nijeni ihuema echi huáasi. Voy a atajar las vacas.""]","Nijeni ihuema echi huáasi. Voy a atajar las vacas.","SRC-02[50]","Autorizada para difusión","Pendiente de validación lingüística","Transcrito"
"RD-001073","tar","Ihu´e","S pl","2Ihu´e","ihu´e","2","S","Muchachas","[]","[]","","SRC-02[50]","Autorizada para difusión","Pendiente de validación lingüística","Transcrito"
"RD-001074","tar","Ihuéami","Adj","Ihuéami","ihueami","","Adj","Fuerte","[""sing.: tihué""]","[""[sing.: tihué].""]","[sing.: tihué].","SRC-02[50]","Autorizada para difusión","Pendiente de validación lingüística","Transcrito"
"RD-001075","tar","Ihuébana","Vt","Ihuébana","ihuebana","","Vt","Reforzar","[]","[""Echi ohuáami tamí cu ihuébanari. Esa medicina me reforzó.""]","Echi ohuáami tamí cu ihuébanari. Esa medicina me reforzó.","SRC-02[50]","Autorizada para difusión","Pendiente de validación lingüística","Transcrito"
"RD-001076","tar","Ihuepa","Vt","Ihuepa","ihuepa","","Vt","Tirar (con fuerza al suelo)","[]","[""Najarápaga ihuépari. Luchando lo tiró con fuerza al suelo.""]","Najarápaga ihuépari. Luchando lo tiró con fuerza al suelo.","SRC-02[50]","Autorizada para difusión","Pendiente de validación lingüística","Transcrito"
"RD-001077","tar","Ihuera, jihuero","Vi","Ihuera, jihuero","ihuera, jihuero","","Vi","Tener","[""jihuero""]","[]","","SRC-02[50]","Autorizada para difusión","Pendiente de validación lingüística","Transcrito"
"RD-001078","tar","Ihuérami","","Ihuérami","ihuerami","","Sin clasificar","1. adj Fuerte 2. adj Macizo","[]","[""Echi rijoy huabé ihuérami ju. Ese hombre está muy fuerte.""]","Echi rijoy huabé ihuérami ju. Ese hombre está muy fuerte.","SRC-02[50]","Autorizada para difusión","Pendiente de validación lingüística","Transcrito"
"RD-001079","tar","I’hueri","Adj pl","I’hueri","i'hueri","","Adj","Largos","[]","[""Véase hui’rí.""]","Véase hui’rí.","SRC-02[50]","Autorizada para difusión","Pendiente de validación lingüística","Transcrito"
"RD-001080","tar","Ihuí","Vt","Ihuí","ihui","","Vt","Respirar","[]","[""Ma cu ihuiri. Ya respiró otra vez.""]","Ma cu ihuiri. Ya respiró otra vez.","SRC-02[50]","Autorizada para difusión","Pendiente de validación lingüística","Transcrito"
"RD-001081","tar","I’huí","Vt","I’huí","i'hui","","Vt","1. Enredar 2. Lo amarra por las patas","[]","[""Cagué ma i’huiri huíi. El caballo ya enredó la soga. Cahué i’huítaga chucú. El caballo está parado enredado. ¿Churigá mi i’meri? I’huítarini ¿Cómo caíste? Me enredé.""]","Cagué ma i’huiri huíi. El caballo ya enredó la soga. Cahué i’huítaga chucú. El caballo está parado enredado. ¿Churigá mi i’meri? I’huítarini ¿Cómo caíste? Me enredé.","SRC-02[50]","Autorizada para difusión","Pendiente de validación lingüística","Transcrito"
"RD-001082","tar","Ihuíchani","Vi","Ihuíchani","ihuichani","","Vi","Resollar","[]","[]","","SRC-02[50]","Autorizada para difusión","Pendiente de validación lingüística","Transcrito"
"RD-001083","tar","I’huíchari","S","I’huíchari","i'huichari","","S","Manzanilla","[]","[""I’huícharachi. En la manzanilla.""]","I’huícharachi. En la manzanilla.","SRC-02[50]","Autorizada para difusión","Pendiente de validación lingüística","Transcrito"
"RD-001084","tar","Ihuigá","S","Ihuigá","ihuiga","","S","Respiración","[]","[""Diosi tamí ihuítari. Dios me dio la vida (la respiración). Binoy ihuigara. El espíritu de él. Ihuita. Vi Dar espíritu, dar vida.""]","Diosi tamí ihuítari. Dios me dio la vida (la respiración). Binoy ihuigara. El espíritu de él. Ihuita. Vi Dar espíritu, dar vida.","SRC-02[50-51]","Autorizada para difusión","Pendiente de validación lingüística","Transcrito"
"RD-001085","tar","I’huiri","S","I’huiri","i'huiri","","S","Bolsita de gusanos del madroño (árbol)","[]","[]","","SRC-02[51]","Autorizada para difusión","Pendiente de validación lingüística","Transcrito"
"RD-001086","tar","I’huita","","I’huita","i'huita","","Sin clasificar","1. vi Enredarse 2. vt Dar la autoridad (pasándole los cetros de autoridad encima de la cabeza)","[]","[]","","SRC-02[51]","Autorizada para difusión","Pendiente de validación lingüística","Transcrito"
"RD-001087","tar","Ijínari","Vi","Ijínari","ijinari","","Vi","Éramos, eran","[]","[""Campórahuami ijínari. Eran tamboreros. Remerio ijínari. Eran curanderos. Huete cha nocuáam ijínari. Éramos muy traviesos. Nijé jínari ju. Son mis hijos.""]","Campórahuami ijínari. Eran tamboreros. Remerio ijínari. Eran curanderos. Huete cha nocuáam ijínari. Éramos muy traviesos. Nijé jínari ju. Son mis hijos.","SRC-02[51]","Autorizada para difusión","Pendiente de validación lingüística","Transcrito"
"RD-001088","tar","Imá","S","Imá","ima","","S","Hígado","[]","[]","","SRC-02[51]","Autorizada para difusión","Pendiente de validación lingüística","Transcrito"
"RD-001089","tar","Imasehua","","Imasehua","imasehua","","Sin clasificar","1. vi Enfermarse (por tener el bazo hinchado) 2. s Bazo","[]","[]","","SRC-02[51]","Autorizada para difusión","Pendiente de validación lingüística","Transcrito"
"RD-001090","tar","I’mé","vi","I’mé","i'me","","Vi","1. Caerse (al suelo) 2. Tropezar (andando)","[]","[""Echi táa tohuí i’mema. El niñito se va a tropezar.""]","Echi táa tohuí i’mema. El niñito se va a tropezar.","SRC-02[51]","Autorizada para difusión","Pendiente de validación lingüística","Transcrito"
"RD-001091","tar","Imúami","Adj","Imúami","imuami","","Adj","Voraz","[]","[]","","SRC-02[51]","Autorizada para difusión","Pendiente de validación lingüística","Transcrito"
"RD-001092","tar","Imuri","S","Imuri","imuri","","S","Canasta (con tapadera), petaca","[]","[]","","SRC-02[51]","Autorizada para difusión","Pendiente de validación lingüística","Transcrito"
"RD-001093","tar","Iná","","1Iná","ina","1","Sin clasificar","1. vi Ir 2. Venir 3. Caminar","[]","[""Echo’ná iná. Allí va. Mi tasí inaro. Alli viene. Huamí tu inárami hue risí. El que camina para abajo está cansado.""]","Echo’ná iná. Allí va. Mi tasí inaro. Alli viene. Huamí tu inárami hue risí. El que camina para abajo está cansado.","SRC-02[51]","Autorizada para difusión","Pendiente de validación lingüística","Transcrito"
"RD-001094","tar","Iná","Vi","2Iná","ina","2","Vi","Dar leche","[]","[]","","SRC-02[51]","Autorizada para difusión","Pendiente de validación lingüística","Transcrito"
"RD-001095","tar","Ináatami","Adj","Ináatami","inaatami","","Adj","Seguidor (a tros y no estar solo)","[]","[""Echi táa hue ináatami ju. Ese chiquito es muy seguidor.""]","Echi táa hue ináatami ju. Ese chiquito es muy seguidor.","SRC-02[51]","Autorizada para difusión","Pendiente de validación lingüística","Transcrito"
"RD-001096","tar","Inami","Vi","Inami","inami","","Vi","Entender y hablar español","[]","[]","","SRC-02[51]","Autorizada para difusión","Pendiente de validación lingüística","Transcrito"
"RD-001097","tar","I’ní","Vi","I’ní","i'ni","","Vi","Volar","[]","[]","","SRC-02[51]","Autorizada para difusión","Pendiente de validación lingüística","Transcrito"
"RD-001098","tar","I’níbana","Vt","I’níbana","i'nibana","","Vt","Echar a voler","[]","[]","","SRC-02[51]","Autorizada para difusión","Pendiente de validación lingüística","Transcrito"
"RD-001099","tar","I’nisa","Vi","I’nisa","i'nisa","","Vi","Volarse","[]","[""Icá jiti i’nísama. Se va a volar por el viento.""]","Icá jiti i’nísama. Se va a volar por el viento.","SRC-02[51]","Autorizada para difusión","Pendiente de validación lingüística","Transcrito"
"RD-001100","tar","Inó","S","Inó","ino","","S","Tipo de árbol chico con hojas amargosas","[]","[]","","SRC-02[51]","Autorizada para difusión","Pendiente de validación lingüística","Transcrito"
"RD-001101","tar","Iqué","Vt","Iqué","ique","","Vt","Ventilar","[]","[]","","SRC-02[51]","Autorizada para difusión","Pendiente de validación lingüística","Transcrito"
"RD-001102","tar","Iquí","Vi","1Iquí","iqui","1","Vi","Acontecer, suceder","[]","[]","","SRC-02[51]","Autorizada para difusión","Pendiente de validación lingüística","Transcrito"
"RD-001103","tar","Iquí","Vt","2Iquí","iqui","2","Vt","1. Picar 2. Morder","[]","[]","","SRC-02[51]","Autorizada para difusión","Pendiente de validación lingüística","Transcrito"
"RD-001104","tar","Iquigá: que ‘ne iquigá","","Iquigá: que ‘ne iquigá","iquiga: que 'ne iquiga","","Sin clasificar","Desapareciéndose","[]","[]","","SRC-02[51]","Autorizada para difusión","Pendiente de validación lingüística","Transcrito"
"RD-001105","tar","Iquíi","Vi","Iquíi","iquii","","Vi","Saber (lo que pasó)","[]","[]","","SRC-02[51]","Autorizada para difusión","Pendiente de validación lingüística","Transcrito"
"RD-001106","tar","Irá","S","Irá","ira","","S","Nopal","[]","[]","","SRC-02[51]","Autorizada para difusión","Pendiente de validación lingüística","Transcrito"
"RD-001107","tar","Irapa","Vt","Irapa","irapa","","Vt","Abrir (puerta, caja)","[]","[]","","SRC-02[51]","Autorizada para difusión","Pendiente de validación lingüística","Transcrito"
"RD-001108","tar","Irápara","S","Irápara","irapara","","S","Llave","[]","[]","","SRC-02[51]","Autorizada para difusión","Pendiente de validación lingüística","Transcrito"
"RD-001109","tar","Irápata","Vi","Irápata","irapata","","Vi","Abrirse","[]","[]","","SRC-02[51]","Autorizada para difusión","Pendiente de validación lingüística","Transcrito"
"RD-001110","tar","Irápatami","Pp","Irápatami","irapatami","","Pp","Abierto","[]","[]","","SRC-02[51]","Autorizada para difusión","Pendiente de validación lingüística","Transcrito"
"RD-001111","tar","Iré","Vi","Iré","ire","","Vi","Estar bueno, servir","[]","[]","","SRC-02[51]","Autorizada para difusión","Pendiente de validación lingüística","Transcrito"
"RD-001112","tar","Ireta","Vi","Ireta","ireta","","Vi","Explicar bien","[]","[]","","SRC-02[52]","Autorizada para difusión","Pendiente de validación lingüística","Transcrito"
"RD-001113","tar","Irí","S","Irí","iri","","S","Cerco (de palos)","[]","[]","","SRC-02[52]","Autorizada para difusión","Pendiente de validación lingüística","Transcrito"
"RD-001114","tar","Irura","Adv","Irura","irura","","Adv","Ciertamente","[]","[]","","SRC-02[52]","Autorizada para difusión","Pendiente de validación lingüística","Transcrito"
"RD-001115","tar","Isaba","Vi","Isaba","isaba","","Vi","Descansar","[]","[]","","SRC-02[52]","Autorizada para difusión","Pendiente de validación lingüística","Transcrito"
"RD-001116","tar","Isábata","Vt","Isábata","isabata","","Vt","Hacer, descansar","[]","[]","","SRC-02[52]","Autorizada para difusión","Pendiente de validación lingüística","Transcrito"
"RD-001117","tar","Isena","Adj pl","Isena","isena","","Adj","Distintos, diferentes, extraños","[]","[]","","SRC-02[52]","Autorizada para difusión","Pendiente de validación lingüística","Transcrito"
"RD-001118","tar","Isí","Vi","Isí","isi","","Vi","Orinar","[]","[]","","SRC-02[52]","Autorizada para difusión","Pendiente de validación lingüística","Transcrito"
"RD-001119","tar","Isini rahué","","Isini rahué","isini rahue","","Sin clasificar","Algunos días","[]","[]","","SRC-02[52]","Autorizada para difusión","Pendiente de validación lingüística","Transcrito"
"RD-001120","tar","Isota","Vt","Isota","isota","","Vt","Mojar con orina","[]","[]","","SRC-02[52]","Autorizada para difusión","Pendiente de validación lingüística","Transcrito"
"RD-001121","tar","Itiyeri","Vi pret pl","Itiyeri","itiyeri","","Vi","Jugar","[]","[]","","SRC-02[52]","Autorizada para difusión","Pendiente de validación lingüística","Transcrito"
"RD-001122","tar","Iyé","S","Iyé","iye","","S","Madre, mamá","[]","[]","","SRC-02[52]","Autorizada para difusión","Pendiente de validación lingüística","Transcrito"
"RD-001123","tar","Iyéami","Adv","Iyéami","iyeami","","Adv","Que tiene mamá","[]","[]","","SRC-02[52]","Autorizada para difusión","Pendiente de validación lingüística","Transcrito"
"RD-001124","tar","Iyéata","Vi","Iyéata","iyeata","","Vi","Estar abierto","[]","[]","","SRC-02[52]","Autorizada para difusión","Pendiente de validación lingüística","Transcrito"
"RD-001125","tar","Iyena, yena","Vi sing","Iyena, yena","iyena, yena","","Vi","Andar","[""yena""]","[]","","SRC-02[52]","Autorizada para difusión","Pendiente de validación lingüística","Transcrito"
"RD-001126","tar","Iyénasí","","Iyénasí","iyenasi","","Sin clasificar","Hasta que","[]","[]","","SRC-02[52]","Autorizada para difusión","Pendiente de validación lingüística","Transcrito"
"RD-001127","tar","Jaba","Vi pl","Jaba","jaba","","Vi","Pararse (varios)","[]","[]","","SRC-02[52]","Autorizada para difusión","Pendiente de validación lingüística","Transcrito"
"RD-001128","tar","Jabu","S esp","Jabu","jabu","","S","Caballo","[]","[]","","SRC-02[52]","Autorizada para difusión","Pendiente de validación lingüística","Transcrito"
"RD-001129","tar","Jácami","Adj","Jácami","jacami","","Adj","Vivo","[]","[]","","SRC-02[52]","Autorizada para difusión","Pendiente de validación lingüística","Transcrito"
"RD-001130","tar","Jahua","Vt pl","Jahua","jahua","","Vt","1. Parar 2. Nombrar como autoridades","[]","[]","","SRC-02[52]","Autorizada para difusión","Pendiente de validación lingüística","Transcrito"
"RD-001131","tar","Jahuaba","Vi pl","Jahuaba","jahuaba","","Vi","Estar parados","[]","[]","","SRC-02[52]","Autorizada para difusión","Pendiente de validación lingüística","Transcrito"
"RD-001132","tar","Jahui","Vi pl","Jahui","jahui","","Vi","Estar parados","[]","[]","","SRC-02[52]","Autorizada para difusión","Pendiente de validación lingüística","Transcrito"
"RD-001133","tar","Jami","Adv","Jami","jami","","Adv","Por aquí, por este lado","[]","[]","","SRC-02[52]","Autorizada para difusión","Pendiente de validación lingüística","Transcrito"
"RD-001134","tar","Janiri","Vi","Janiri","janiri","","Vi","Estar contento","[]","[]","","SRC-02[52]","Autorizada para difusión","Pendiente de validación lingüística","Transcrito"
"RD-001135","tar","Japa","Imper","Japa","japa","","Imper","¡Oiga!","[]","[]","","SRC-02[52]","Autorizada para difusión","Pendiente de validación lingüística","Transcrito"
"RD-001136","tar","Jaré","Pron","Jaré","jare","","Pron","Algunos, unos","[]","[]","","SRC-02[52]","Autorizada para difusión","Pendiente de validación lingüística","Transcrito"
"RD-001137","tar","Jasa","Vi pl","Jasa","jasa","","Vi","1. Levantarse (de estar sentados) 2. Pararse (cesar)","[]","[]","","SRC-02[52]","Autorizada para difusión","Pendiente de validación lingüística","Transcrito"
"RD-001138","tar","Je’ná","Pron dem","Je’ná","je'na","","Pron","Este, esta, esto","[]","[]","","SRC-02[52]","Autorizada para difusión","Pendiente de validación lingüística","Transcrito"
"RD-001139","tar","Jena’í","Adv","Jena’í","jena'i","","Adv","Aquí","[]","[]","","SRC-02[52]","Autorizada para difusión","Pendiente de validación lingüística","Transcrito"
"RD-001140","tar","Jecouá","","Jecouá","jecoua","","Sin clasificar","Acá (en cierta parte)","[]","[]","","SRC-02[52]","Autorizada para difusión","Pendiente de validación lingüística","Transcrito"
"RD-001141","tar","Jeré","","Jeré","jere","","Sin clasificar","Así es","[]","[]","","SRC-02[52]","Autorizada para difusión","Pendiente de validación lingüística","Transcrito"
"RD-001142","tar","Jerigá","Adv","Jerigá","jeriga","","Adv","Así (de esta manera)","[]","[]","","SRC-02[52]","Autorizada para difusión","Pendiente de validación lingüística","Transcrito"
"RD-001143","tar","Jeyiri","Adv","Jeyiri","jeyiri","","Adv","Esta clase","[]","[]","","SRC-02[52]","Autorizada para difusión","Pendiente de validación lingüística","Transcrito"
"RD-001144","tar","Ji","Imper","Ji","ji","","Imper","¡Tómalo con la mano!","[]","[]","","SRC-02[52]","Autorizada para difusión","Pendiente de validación lingüística","Transcrito"
"RD-001145","tar","Jícuri","S","Jícuri","jicuri","","S","Peyote","[]","[]","","SRC-02[52]","Autorizada para difusión","Pendiente de validación lingüística","Transcrito"
"RD-001146","tar","Jiero","S esp","Jiero","jiero","","S","Fierro","[]","[]","","SRC-02[52]","Autorizada para difusión","Pendiente de validación lingüística","Transcrito"
"RD-001147","tar","Jihuéami","Adj","Jihuéami","jihueami","","Adj","Fuerte","[]","[]","","SRC-02[52]","Autorizada para difusión","Pendiente de validación lingüística","Transcrito"
"RD-001148","tar","Jihuera","","Jihuera","jihuera","","Sin clasificar","Tener fuerza","[]","[]","","SRC-02[52]","Autorizada para difusión","Pendiente de validación lingüística","Transcrito"
"RD-001149","tar","Jihuérahua","S","Jihuérahua","jihuerahua","","S","Poder","[]","[]","","SRC-02[52]","Autorizada para difusión","Pendiente de validación lingüística","Transcrito"
"RD-001150","tar","Jihuérami","Adj","Jihuérami","jihuerami","","Adj","Vigoroso, firme","[]","[]","","SRC-02[52]","Autorizada para difusión","Pendiente de validación lingüística","Transcrito"
"RD-001151","tar","Jihuérata","Vt","Jihuérata","jihuerata","","Vt","Hacer fuerte, fortalecer","[]","[]","","SRC-02[52]","Autorizada para difusión","Pendiente de validación lingüística","Transcrito"
"RD-001152","tar","Jima","Vi pl","Jima","jima","","Vi","Subir","[]","[]","","SRC-02[52]","Autorizada para difusión","Pendiente de validación lingüística","Transcrito"
"RD-001153","tar","Jínohua","Vi","Jínohua","jinohua","","Vi","Tener hijos","[]","[]","","SRC-02[52]","Autorizada para difusión","Pendiente de validación lingüística","Transcrito"
"RD-001154","tar","Jipi","Adv","Jipi","jipi","","Adv","Ahora","[]","[]","","SRC-02[52]","Autorizada para difusión","Pendiente de validación lingüística","Transcrito"
"RD-001155","tar","Jiti","Prep","Jiti","jiti","","Prep","1. Con 2. Por","[]","[]","","SRC-02[53]","Autorizada para difusión","Pendiente de validación lingüística","Transcrito"
"RD-001156","tar","Jiyá","Vi","Jiyá","jiya","","Vi","Apresurarse","[]","[]","","SRC-02[53]","Autorizada para difusión","Pendiente de validación lingüística","Transcrito"
"RD-001157","tar","Jiyata","Vt","Jiyata","jiyata","","Vt","Apresurar","[]","[]","","SRC-02[53]","Autorizada para difusión","Pendiente de validación lingüística","Transcrito"
"RD-001158","tar","Jiyahui","Vi","Jiyahui","jiyahui","","Vi","Tener prisa por irse","[]","[]","","SRC-02[53]","Autorizada para difusión","Pendiente de validación lingüística","Transcrito"
"RD-001159","tar","Jiyé","Vt","Jiyé","jiye","","Vt","Seguir las huellas","[]","[]","","SRC-02[53]","Autorizada para difusión","Pendiente de validación lingüística","Transcrito"
"RD-001160","tar","Jiyero","S","Jiyero","jiyero","","S","Hierro","[]","[]","","SRC-02[53]","Autorizada para difusión","Pendiente de validación lingüística","Transcrito"
"RD-001161","tar","Jiyeta","Vt","Jiyeta","jiyeta","","Vt","Seguir huelleando","[]","[]","","SRC-02[53]","Autorizada para difusión","Pendiente de validación lingüística","Transcrito"
"RD-001162","tar","Jo","Vi pl","1Jo","jo","1","Vi","Andar muchos","[]","[]","","SRC-02[53]","Autorizada para difusión","Pendiente de validación lingüística","Transcrito"
"RD-001163","tar","Jo","Vt","2Jo","jo","2","Vt","Hacer hoyo","[]","[]","","SRC-02[53]","Autorizada para difusión","Pendiente de validación lingüística","Transcrito"
"RD-001164","tar","Jobátami","Adj pl","Jobátami","jobatami","","Adj","Feroces, bravos","[]","[]","","SRC-02[53]","Autorizada para difusión","Pendiente de validación lingüística","Transcrito"
"RD-001165","tar","Jócari","S","Jócari","jocari","","S","Camaleón, lagarto cornudo","[]","[]","","SRC-02[53]","Autorizada para difusión","Pendiente de validación lingüística","Transcrito"
"RD-001166","tar","Jochi","S","Jochi","jochi","","S","Hoyo","[]","[]","","SRC-02[53]","Autorizada para difusión","Pendiente de validación lingüística","Transcrito"
"RD-001167","tar","Jóhua","Vt","Jóhua","johua","","Vt","Apuntar, señalar","[]","[]","","SRC-02[53]","Autorizada para difusión","Pendiente de validación lingüística","Transcrito"
"RD-001168","tar","Jonsa","Prep","Jonsa","jonsa","","Prep","Desde, de","[]","[]","","SRC-02[53]","Autorizada para difusión","Pendiente de validación lingüística","Transcrito"
"RD-001169","tar","Jora","Vt","Jora","jora","","Vt","Escarbar (un hoyo)","[]","[]","","SRC-02[53]","Autorizada para difusión","Pendiente de validación lingüística","Transcrito"
"RD-001170","tar","Ju, juco, jupá","Vi","Ju, juco, jupá","ju, juco, jupa","","Vi","Ser, estar","[""juco"",""jupá""]","[]","","SRC-02[53]","Autorizada para difusión","Pendiente de validación lingüística","Transcrito"
"RD-001171","tar","Jubá","Adv","1Jubá","juba","1","Adv","Atrás","[]","[]","","SRC-02[53]","Autorizada para difusión","Pendiente de validación lingüística","Transcrito"
"RD-001172","tar","Jubá","Vi","2Jubá","juba","2","Vi","Oler","[]","[]","","SRC-02[53]","Autorizada para difusión","Pendiente de validación lingüística","Transcrito"
"RD-001173","tar","Jubá","Vt","3Jubá","juba","3","Vt","Jugar (tirando los palos)","[]","[]","","SRC-02[53]","Autorizada para difusión","Pendiente de validación lingüística","Transcrito"
"RD-001174","tar","Jubáami","Adv","Jubáami","jubaami","","Adv","Al fin, finalmente, último","[]","[]","","SRC-02[53]","Autorizada para difusión","Pendiente de validación lingüística","Transcrito"
"RD-001175","tar","Jubahua","Vi","Jubahua","jubahua","","Vi","Atrasarse","[]","[]","","SRC-02[53]","Autorizada para difusión","Pendiente de validación lingüística","Transcrito"
"RD-001176","tar","Jubánara","Adj","Jubánara","jubanara","","Adj","Anterior","[]","[]","","SRC-02[53]","Autorizada para difusión","Pendiente de validación lingüística","Transcrito"
"RD-001177","tar","Jubé","Vt","1Jubé","jube","1","Vt","1. Entarimar 2. Hacer","[]","[]","","SRC-02[53]","Autorizada para difusión","Pendiente de validación lingüística","Transcrito"
"RD-001178","tar","Jubé","Vi pl","2Jubé","jube","2","Vi","Tener esposas (varios hombres)","[]","[]","","SRC-02[53]","Autorizada para difusión","Pendiente de validación lingüística","Transcrito"
"RD-001179","tar","Juberi","S","Juberi","juberi","","S","1. Mesa 2. Banca 3. Cama de tablas","[]","[]","","SRC-02[53]","Autorizada para difusión","Pendiente de validación lingüística","Transcrito"
"RD-001180","tar","Jubétami","S","Jubétami","jubetami","","S","Piso de tablas","[]","[]","","SRC-02[53]","Autorizada para difusión","Pendiente de validación lingüística","Transcrito"
"RD-001181","tar","Jubí","S pl","Jubí","jubi","","S","Esposas","[]","[]","","SRC-02[53]","Autorizada para difusión","Pendiente de validación lingüística","Transcrito"
"RD-001182","tar","Juca","Vi","Juca","juca","","Vi","Oler","[]","[]","","SRC-02[53]","Autorizada para difusión","Pendiente de validación lingüística","Transcrito"
"RD-001183","tar","Juma","Vi pl","Juma","juma","","Vi","Correr","[]","[]","","SRC-02[53]","Autorizada para difusión","Pendiente de validación lingüística","Transcrito"
"RD-001184","tar","Jumsa","Vi pl","Jumsa","jumsa","","Vi","Huir","[]","[]","","SRC-02[53]","Autorizada para difusión","Pendiente de validación lingüística","Transcrito"
"RD-001185","tar","Jumta","Vt","Jumta","jumta","","Vt","Echar a correr","[]","[]","","SRC-02[53]","Autorizada para difusión","Pendiente de validación lingüística","Transcrito"
"RD-001186","tar","Jurá","Vt","Jurá","jura","","Vt","Enviar, mandar","[]","[]","","SRC-02[53]","Autorizada para difusión","Pendiente de validación lingüística","Transcrito"
"RD-001187","tar","Jurárami","Pp","Jurárami","jurarami","","Pp","Mandado","[]","[]","","SRC-02[53]","Autorizada para difusión","Pendiente de validación lingüística","Transcrito"
"RD-001188","tar","Juri","Adv","Juri","juri","","Adv","Sí, seguro","[]","[]","","SRC-02[53]","Autorizada para difusión","Pendiente de validación lingüística","Transcrito"
"RD-001189","tar","La","S","1La","la","1","S","Sangre","[]","[]","","SRC-02[53]","Autorizada para difusión","Pendiente de validación lingüística","Transcrito"
"RD-001190","tar","La","Vt","2La","la","2","Vt","Hacer enramada","[]","[]","","SRC-02[53]","Autorizada para difusión","Pendiente de validación lingüística","Transcrito"
"RD-001191","tar","Labá","S","Labá","laba","","S","Hueja redonda (reg.), jícara","[]","[]","","SRC-02[53]","Autorizada para difusión","Pendiente de validación lingüística","Transcrito"
"RD-001192","tar","Lábara","S","Lábara","labara","","S","Vena","[]","[]","","SRC-02[53]","Autorizada para difusión","Pendiente de validación lingüística","Transcrito"
"RD-001193","tar","Lábari","","Lábari","labari","","Sin clasificar","Nervio","[]","[]","","SRC-02[53]","Autorizada para difusión","Pendiente de validación lingüística","Transcrito"
"RD-001194","tar","Labata","Vi","Labata","labata","","Vi","Hacer huejas","[]","[]","","SRC-02[53]","Autorizada para difusión","Pendiente de validación lingüística","Transcrito"
"RD-001195","tar","Láchamuri","S","Láchamuri","lachamuri","","S","Ardilla amarillenta (se sube a los árboles)","[]","[]","","SRC-02[53]","Autorizada para difusión","Pendiente de validación lingüística","Transcrito"
"RD-001196","tar","Lamari","S","Lamari","lamari","","S","Sangre cocida, tripas cocidas","[]","[]","","SRC-02[53]","Autorizada para difusión","Pendiente de validación lingüística","Transcrito"
"RD-001197","tar","Lamú","Vi","Lamú","lamu","","Vi","Sentirse adolorido por un golpe","[]","[]","","SRC-02[53]","Autorizada para difusión","Pendiente de validación lingüística","Transcrito"
"RD-001198","tar","Lánahua","Vt","Lánahua","lanahua","","Vt","Teñir de anarajnado","[]","[]","","SRC-02[54]","Autorizada para difusión","Pendiente de validación lingüística","Transcrito"
"RD-001199","tar","Lánami","Adj","Lánami","lanami","","Adj","Anaranjado","[]","[]","","SRC-02[54]","Autorizada para difusión","Pendiente de validación lingüística","Transcrito"
"RD-001200","tar","Lasiba","Vi","Lasiba","lasiba","","Vi","Oxidarse","[]","[]","","SRC-02[54]","Autorizada para difusión","Pendiente de validación lingüística","Transcrito"
"RD-001201","tar","Látami","S","Látami","latami","","S","Enramada","[]","[]","","SRC-02[54]","Autorizada para difusión","Pendiente de validación lingüística","Transcrito"
"RD-001202","tar","Léami","Adj","Léami","leami","","Adj","Sangriento","[]","[]","","SRC-02[54]","Autorizada para difusión","Pendiente de validación lingüística","Transcrito"
"RD-001203","tar","Lena","Vi","Lena","lena","","Vi","Sangrar, desangrar","[]","[]","","SRC-02[54]","Autorizada para difusión","Pendiente de validación lingüística","Transcrito"
"RD-001204","tar","Limeta","S esp","Limeta","limeta","","S","Botella de vidrio","[]","[]","","SRC-02[54]","Autorizada para difusión","Pendiente de validación lingüística","Transcrito"
"RD-001205","tar","Loca","Vt","Loca","loca","","Vt","Batir, mezclar (pinole en agua)","[]","[]","","SRC-02[54]","Autorizada para difusión","Pendiente de validación lingüística","Transcrito"
"RD-001206","tar","‘Loche","","‘Loche","'loche","","Sin clasificar","Tiene hambre","[]","[]","","SRC-02[54]","Autorizada para difusión","Pendiente de validación lingüística","Transcrito"
"RD-001207","tar","Lochi","S","Lochi","lochi","","S","Hueja alargado especial para sacar agua","[]","[]","","SRC-02[54]","Autorizada para difusión","Pendiente de validación lingüística","Transcrito"
"RD-001208","tar","‘Lohua, ‘loché","Vi","‘Lohua, ‘loché","'lohua, 'loche","","Vi","Tener hambre","[""‘loché""]","[]","","SRC-02[54]","Autorizada para difusión","Pendiente de validación lingüística","Transcrito"
"RD-001209","tar","Lohuá","Vt","Lohuá","lohua","","Vt","Revolver, menear","[]","[]","","SRC-02[54]","Autorizada para difusión","Pendiente de validación lingüística","Transcrito"
"RD-001210","tar","‘Lóhuari","S","‘Lóhuari","'lohuari","","S","Hambre","[]","[]","","SRC-02[54]","Autorizada para difusión","Pendiente de validación lingüística","Transcrito"
"RD-001211","tar","Lohué","Vt","Lohué","lohue","","Vt","1. Abanicar 2. Dar vueltas al aire (con alguna cosa o con un mecate) 3. Tremolar","[]","[]","","SRC-02[54]","Autorizada para difusión","Pendiente de validación lingüística","Transcrito"
"RD-001212","tar","Lohuera","S","Lohuera","lohuera","","S","Abanico","[]","[]","","SRC-02[54]","Autorizada para difusión","Pendiente de validación lingüística","Transcrito"
"RD-001213","tar","Lohuí","Vi","Lohuí","lohui","","Vi","Tener rabia, estar loco (que anda corriendo)","[]","[]","","SRC-02[54]","Autorizada para difusión","Pendiente de validación lingüística","Transcrito"
"RD-001214","tar","Lomírahua","S","Lomírahua","lomirahua","","S","Coyuntura","[]","[]","","SRC-02[54]","Autorizada para difusión","Pendiente de validación lingüística","Transcrito"
"RD-001215","tar","Lohuira","Vt","Lohuira","lohuira","","Vt","Pegar la rabia a otro","[]","[]","","SRC-02[54]","Autorizada para difusión","Pendiente de validación lingüística","Transcrito"
"RD-001216","tar","Luhuá","Vt","Luhuá","luhua","","Vt","Gastar (ropa)","[]","[]","","SRC-02[54]","Autorizada para difusión","Pendiente de validación lingüística","Transcrito"
"RD-001217","tar","Luhuí","Vi","Luhuí","luhui","","Vi","Gastarse (ropa)","[]","[]","","SRC-02[54]","Autorizada para difusión","Pendiente de validación lingüística","Transcrito"
"RD-001218","tar","‘Ma, ‘má","Vi sing","‘Ma, ‘má","'ma, 'ma","","Vi","Correr","[""‘má""]","[]","","SRC-02[54]","Autorizada para difusión","Pendiente de validación lingüística","Transcrito"
"RD-001219","tar","Ma","Adv","Ma","ma","","Adv","Ya","[]","[]","","SRC-02[54]","Autorizada para difusión","Pendiente de validación lingüística","Transcrito"
"RD-001220","tar","Ma’","S","Ma’","ma'","","S","Caña de maíz","[]","[]","","SRC-02[54]","Autorizada para difusión","Pendiente de validación lingüística","Transcrito"
"RD-001221","tar","Ma’agá","S","Ma’agá","ma'aga","","S","Cienpiés","[]","[]","","SRC-02[54]","Autorizada para difusión","Pendiente de validación lingüística","Transcrito"
"RD-001222","tar","Maba","Vt","Maba","maba","","Vt","Comer caña","[]","[]","","SRC-02[54]","Autorizada para difusión","Pendiente de validación lingüística","Transcrito"
"RD-001223","tar","Mabá","Imper","Mabá","maba","","Imper","¡Vamos!","[]","[]","","SRC-02[54]","Autorizada para difusión","Pendiente de validación lingüística","Transcrito"
"RD-001224","tar","Mabú","Vi","Mabú","mabu","","Vi","Arrancarse brincando","[]","[]","","SRC-02[54]","Autorizada para difusión","Pendiente de validación lingüística","Transcrito"
"RD-001225","tar","Macahui","S","Macahui","macahui","","S","Paloma","[]","[]","","SRC-02[54]","Autorizada para difusión","Pendiente de validación lingüística","Transcrito"
"RD-001226","tar","Macarachi","S","Macarachi","macarachi","","S","Víbora chica con rayas blancas","[]","[]","","SRC-02[54]","Autorizada para difusión","Pendiente de validación lingüística","Transcrito"
"RD-001227","tar","Macari","S","Macari","macari","","S","Cuarta (medida del dedo pulgar al meñique extendidos)","[]","[]","","SRC-02[54]","Autorizada para difusión","Pendiente de validación lingüística","Transcrito"
"RD-001228","tar","Macó","Vt","Macó","maco","","Vt","Agarrar (entre las manos)","[]","[]","","SRC-02[54]","Autorizada para difusión","Pendiente de validación lingüística","Transcrito"
"RD-001229","tar","Macoy","","Macoy","macoy","","Sin clasificar","Diez","[]","[]","","SRC-02[54]","Autorizada para difusión","Pendiente de validación lingüística","Transcrito"
"RD-001230","tar","Macúsuhua","S","Macúsuhua","macusuhua","","S","Dedo","[]","[]","","SRC-02[54]","Autorizada para difusión","Pendiente de validación lingüística","Transcrito"
"RD-001231","tar","Machá","S","Machá","macha","","S","Garrapata","[]","[]","","SRC-02[54]","Autorizada para difusión","Pendiente de validación lingüística","Transcrito"
"RD-001232","tar","Machí","Vi","1Machí","machi","1","Vi","1. Saber, conocer 2. Hay luz 3. Verse bien","[]","[]","","SRC-02[54]","Autorizada para difusión","Pendiente de validación lingüística","Transcrito"
"RD-001233","tar","Machí, machíami","Adv","2Machí, machíami","machi, machiami","2","Adv","Afuera","[""machíami""]","[]","","SRC-02[54]","Autorizada para difusión","Pendiente de validación lingüística","Transcrito"
"RD-001234","tar","Machibú","Vt","Machibú","machibu","","Vt","Sacar","[]","[]","","SRC-02[54]","Autorizada para difusión","Pendiente de validación lingüística","Transcrito"
"RD-001235","tar","Machiná","Adv","1Machiná","machina","1","Adv","Afuera","[]","[]","","SRC-02[54]","Autorizada para difusión","Pendiente de validación lingüística","Transcrito"
"RD-001236","tar","Machiná","Adv","2Machiná","machina","2","Adv","Claramente","[]","[]","","SRC-02[54]","Autorizada para difusión","Pendiente de validación lingüística","Transcrito"
"RD-001237","tar","Machina","Vi","Machina","machina","","Vi","Salir","[]","[]","","SRC-02[55]","Autorizada para difusión","Pendiente de validación lingüística","Transcrito"
"RD-001238","tar","Machira","Vt","Machira","machira","","Vt","Descubrir, mostrar","[]","[]","","SRC-02[55]","Autorizada para difusión","Pendiente de validación lingüística","Transcrito"
"RD-001239","tar","Machiri","S","Machiri","machiri","","S","Alacrán","[]","[]","","SRC-02[55]","Autorizada para difusión","Pendiente de validación lingüística","Transcrito"
"RD-001240","tar","Machíriami","Adj","Machíriami","machiriami","","Adj","Que puede ver","[]","[]","","SRC-02[55]","Autorizada para difusión","Pendiente de validación lingüística","Transcrito"
"RD-001241","tar","Machírúami","Adj","Machírúami","machiruami","","Adj","Sabido","[]","[]","","SRC-02[55]","Autorizada para difusión","Pendiente de validación lingüística","Transcrito"
"RD-001242","tar","Machisátiré","Vi","Machisátiré","machisatire","","Vi","Como deben saber","[]","[]","","SRC-02[55]","Autorizada para difusión","Pendiente de validación lingüística","Transcrito"
"RD-001243","tar","Machisí","Imper pl","Machisí","machisi","","Imper","¡Que sepan!, ¡que conozcan!","[]","[]","","SRC-02[55]","Autorizada para difusión","Pendiente de validación lingüística","Transcrito"
"RD-001244","tar","‘Machó","Vt","‘Machó","'macho","","Vt","Agarrar","[]","[]","","SRC-02[55]","Autorizada para difusión","Pendiente de validación lingüística","Transcrito"
"RD-001245","tar","‘Mahuá","Vi","‘Mahuá","'mahua","","Vi","Ir corriendo","[]","[]","","SRC-02[55]","Autorizada para difusión","Pendiente de validación lingüística","Transcrito"
"RD-001246","tar","Mahué","Vi","Mahué","mahue","","Vi","Voltear, revolver","[]","[]","","SRC-02[55]","Autorizada para difusión","Pendiente de validación lingüística","Transcrito"
"RD-001247","tar","Mahuiyá","S","Mahuiyá","mahuiya","","S","León, puma","[]","[]","","SRC-02[55]","Autorizada para difusión","Pendiente de validación lingüística","Transcrito"
"RD-001248","tar","Majá, majahuá","Vi","Majá, majahuá","maja, majahua","","Vi","Tener miedo","[""majahuá""]","[]","","SRC-02[55]","Autorizada para difusión","Pendiente de validación lingüística","Transcrito"
"RD-001249","tar","Majáami","Adj","Majáami","majaami","","Adj","Cobarde, miedoso, temeroso","[]","[]","","SRC-02[55]","Autorizada para difusión","Pendiente de validación lingüística","Transcrito"
"RD-001250","tar","Majahuihua","Vt","Majahuihua","majahuihua","","Vt","Temer","[]","[]","","SRC-02[55]","Autorizada para difusión","Pendiente de validación lingüística","Transcrito"
"RD-001251","tar","Majajara, majajárata","Vt","Majajara, majajárata","majajara, majajarata","","Vt","Asustar, espantar","[""majajárata""]","[]","","SRC-02[55]","Autorizada para difusión","Pendiente de validación lingüística","Transcrito"
"RD-001252","tar","Majajáratami","Adj","Majajáratami","majajaratami","","Adj","Atónito","[]","[]","","SRC-02[55]","Autorizada para difusión","Pendiente de validación lingüística","Transcrito"
"RD-001253","tar","Majajó","Vt","Majajó","majajo","","Vt","Meter la mano","[]","[]","","SRC-02[55]","Autorizada para difusión","Pendiente de validación lingüística","Transcrito"
"RD-001254","tar","Majajocha","Vt","Majajocha","majajocha","","Vt","Asustar","[]","[]","","SRC-02[55]","Autorizada para difusión","Pendiente de validación lingüística","Transcrito"
"RD-001255","tar","Majárami","Adj","Majárami","majarami","","Adj","Nervioso","[]","[]","","SRC-02[55]","Autorizada para difusión","Pendiente de validación lingüística","Transcrito"
"RD-001256","tar","Maleta","S esp","Maleta","maleta","","S","Estuche (para rifle)","[]","[]","","SRC-02[55]","Autorizada para difusión","Pendiente de validación lingüística","Transcrito"
"RD-001257","tar","Maná","Vt","Maná","mana","","Vt","Poner un recipiente (p. ej.: una olla, una caja)","[]","[]","","SRC-02[55]","Autorizada para difusión","Pendiente de validación lingüística","Transcrito"
"RD-001258","tar","Maní","Vi","Maní","mani","","Vi","Contener un líquido","[]","[]","","SRC-02[55]","Autorizada para difusión","Pendiente de validación lingüística","Transcrito"
"RD-001259","tar","Maparí","Adv","Maparí","mapari","","Adv","Cuando","[]","[]","","SRC-02[55]","Autorizada para difusión","Pendiente de validación lingüística","Transcrito"
"RD-001260","tar","Mapo’ná","Adv","Mapo’ná","mapo'na","","Adv","Donde","[]","[]","","SRC-02[55]","Autorizada para difusión","Pendiente de validación lingüística","Transcrito"
"RD-001261","tar","Mapu","Conj","Mapu","mapu","","Conj","Para, que, el cual, quien","[]","[]","","SRC-02[55]","Autorizada para difusión","Pendiente de validación lingüística","Transcrito"
"RD-001262","tar","Mapujiti","Conj","Mapujiti","mapujiti","","Conj","Conque, porque","[]","[]","","SRC-02[55]","Autorizada para difusión","Pendiente de validación lingüística","Transcrito"
"RD-001263","tar","Mapurigá","Adv","Mapurigá","mapuriga","","Adv","Como, según","[]","[]","","SRC-02[55]","Autorizada para difusión","Pendiente de validación lingüística","Transcrito"
"RD-001264","tar","Mapuyena","Adv","Mapuyena","mapuyena","","Adv","Mientras","[]","[]","","SRC-02[55]","Autorizada para difusión","Pendiente de validación lingüística","Transcrito"
"RD-001265","tar","Mapuyénasí","Adv","Mapuyénasí","mapuyenasi","","Adv","1. Hasta que 2. Entre tanto, mientras","[]","[]","","SRC-02[55]","Autorizada para difusión","Pendiente de validación lingüística","Transcrito"
"RD-001266","tar","Mapuyiri","Adj","Mapuyiri","mapuyiri","","Adj","Semejante (en forma)","[]","[]","","SRC-02[55]","Autorizada para difusión","Pendiente de validación lingüística","Transcrito"
"RD-001267","tar","Mapuyíripi","Adj","Mapuyíripi","mapuyiripi","","Adj","Cualquiera","[]","[]","","SRC-02[55]","Autorizada para difusión","Pendiente de validación lingüística","Transcrito"
"RD-001268","tar","Mará","S","Mará","mara","","S","Hija (habla del padre)","[]","[]","","SRC-02[55]","Autorizada para difusión","Pendiente de validación lingüística","Transcrito"
"RD-001269","tar","Maracá","S","Maracá","maraca","","S","Paleta","[]","[]","","SRC-02[55]","Autorizada para difusión","Pendiente de validación lingüística","Transcrito"
"RD-001270","tar","‘marachi","S","‘marachi","'marachi","","S","Gemelo","[]","[]","","SRC-02[55]","Autorizada para difusión","Pendiente de validación lingüística","Transcrito"
"RD-001271","tar","Marachi","S","Marachi","marachi","","S","Sobaco","[]","[]","","SRC-02[55]","Autorizada para difusión","Pendiente de validación lingüística","Transcrito"
"RD-001272","tar","Maré","Vi","Maré","mare","","Vi","Tener hija el padre","[]","[]","","SRC-02[55]","Autorizada para difusión","Pendiente de validación lingüística","Transcrito"
"RD-001273","tar","Marí","S, adj","1Marí","mari","1","S","Cinco","[]","[]","","SRC-02[55]","Autorizada para difusión","Pendiente de validación lingüística","Transcrito"
"RD-001274","tar","Marí","S","2Marí","mari","2","S","Padre (de la hija)","[]","[]","","SRC-02[55]","Autorizada para difusión","Pendiente de validación lingüística","Transcrito"
"RD-001275","tar","Marichi","S","Marichi","marichi","","S","Cervato (venadito)","[]","[]","","SRC-02[55]","Autorizada para difusión","Pendiente de validación lingüística","Transcrito"
"RD-001276","tar","Marisa","Adj","Marisa","marisa","","Adj","Quinto","[]","[]","","SRC-02[55]","Autorizada para difusión","Pendiente de validación lingüística","Transcrito"
"RD-001277","tar","Marisa macoy","Adj","Marisa macoy","marisa macoy","","Adj","Cincuenta","[]","[]","","SRC-02[55]","Autorizada para difusión","Pendiente de validación lingüística","Transcrito"
"RD-001278","tar","‘Masa","Vi sing","‘Masa","'masa","","Vi","Huir","[]","[]","","SRC-02[55]","Autorizada para difusión","Pendiente de validación lingüística","Transcrito"
"RD-001279","tar","Masábari","S","Masábari","masabari","","S","Abanico (que lleva el bailador matachín)","[]","[]","","SRC-02[56]","Autorizada para difusión","Pendiente de validación lingüística","Transcrito"
"RD-001280","tar","‘Másari","Vi pret","‘Másari","'masari","","Vi","Fugarse (el preso)","[]","[]","","SRC-02[56]","Autorizada para difusión","Pendiente de validación lingüística","Transcrito"
"RD-001281","tar","‘Masi","Vi","‘Masi","'masi","","Vi","Huir","[]","[]","","SRC-02[56]","Autorizada para difusión","Pendiente de validación lingüística","Transcrito"
"RD-001282","tar","Masó","Vt esp","Masó","maso","","Vt","Amasar","[]","[]","","SRC-02[56]","Autorizada para difusión","Pendiente de validación lingüística","Transcrito"
"RD-001283","tar","Matá","S esp","Matá","mata","","S","Metate","[]","[]","","SRC-02[56]","Autorizada para difusión","Pendiente de validación lingüística","Transcrito"
"RD-001284","tar","Matagá","S","Matagá","mataga","","S","Palma (de la mano)","[]","[]","","SRC-02[56]","Autorizada para difusión","Pendiente de validación lingüística","Transcrito"
"RD-001285","tar","Maticó","S","Maticó","matico","","S","Pinabete (árbol)","[]","[]","","SRC-02[56]","Autorizada para difusión","Pendiente de validación lingüística","Transcrito"
"RD-001286","tar","Mató, matóchahua","S","Mató, matóchahua","mato, matochahua","","S","Hombro","[""matóchahua""]","[]","","SRC-02[56]","Autorizada para difusión","Pendiente de validación lingüística","Transcrito"
"RD-001287","tar","Matora","Vt","Matora","matora","","Vt","Llevar (en hombros)","[]","[]","","SRC-02[56]","Autorizada para difusión","Pendiente de validación lingüística","Transcrito"
"RD-001288","tar","Matosá","S","Matosá","matosa","","S","Canas","[]","[]","","SRC-02[56]","Autorizada para difusión","Pendiente de validación lingüística","Transcrito"
"RD-001289","tar","Mayé","Vi","1Mayé","maye","1","Vi","Creer que sí, pensar, opinar","[]","[]","","SRC-02[56]","Autorizada para difusión","Pendiente de validación lingüística","Transcrito"
"RD-001290","tar","Mayé","Vi","2Mayé","maye","2","Vi","Tener celos","[]","[]","","SRC-02[56]","Autorizada para difusión","Pendiente de validación lingüística","Transcrito"
"RD-001291","tar","’Me","S","1’Me","'me","1","S","Maguey","[]","[]","","SRC-02[56]","Autorizada para difusión","Pendiente de validación lingüística","Transcrito"
"RD-001292","tar","’Me","Vt","2’Me","'me","2","Vt","Traer","[]","[]","","SRC-02[56]","Autorizada para difusión","Pendiente de validación lingüística","Transcrito"
"RD-001293","tar","’Me","Adv","3’Me","'me","3","Adv","Tanto, mucho","[]","[]","","SRC-02[56]","Autorizada para difusión","Pendiente de validación lingüística","Transcrito"
"RD-001294","tar","Me","Vt","1Me","me","1","Vt","Ganar sueldo","[]","[]","","SRC-02[56]","Autorizada para difusión","Pendiente de validación lingüística","Transcrito"
"RD-001295","tar","Me","S","2Me","me","2","S","Mezcal","[]","[]","","SRC-02[56]","Autorizada para difusión","Pendiente de validación lingüística","Transcrito"
"RD-001296","tar","‘Méchuri","S","‘Méchuri","'mechuri","","S","Cordero, borreguito","[]","[]","","SRC-02[56]","Autorizada para difusión","Pendiente de validación lingüística","Transcrito"
"RD-001297","tar","Mema","Vi","Mema","mema","","Vi","Estr sentado (con las piernas extendidas o cruzadas)","[]","[]","","SRC-02[56]","Autorizada para difusión","Pendiente de validación lingüística","Transcrito"
"RD-001298","tar","Mera","Vt","Mera","mera","","Vt","Corretear los animales","[]","[]","","SRC-02[56]","Autorizada para difusión","Pendiente de validación lingüística","Transcrito"
"RD-001299","tar","Meta","Vt","Meta","meta","","Vt","Arrear, llevar (animales)","[]","[]","","SRC-02[56]","Autorizada para difusión","Pendiente de validación lingüística","Transcrito"
"RD-001300","tar","Mii","","Mii","mii","","Sin clasificar","1. adj Aquel, aquella 2. pron Tú, te","[]","[]","","SRC-02[56]","Autorizada para difusión","Pendiente de validación lingüística","Transcrito"
"RD-001301","tar","Micá","Adv","Micá","mica","","Adv","Lejos","[]","[]","","SRC-02[56]","Autorizada para difusión","Pendiente de validación lingüística","Transcrito"
"RD-001302","tar","Micabéana","","Micabéana","micabeana","","Sin clasificar","1. vi Alejarse, retirarse 2. adv Un lugar lejos","[]","[]","","SRC-02[56]","Autorizada para difusión","Pendiente de validación lingüística","Transcrito"
"RD-001303","tar","Macabéanta","Vt","Macabéanta","macabeanta","","Vt","Alejar","[]","[]","","SRC-02[56]","Autorizada para difusión","Pendiente de validación lingüística","Transcrito"
"RD-001304","tar","Micó","Vt","Micó","mico","","Vt","Hacer muescas, hacer hueco","[]","[]","","SRC-02[56]","Autorizada para difusión","Pendiente de validación lingüística","Transcrito"
"RD-001305","tar","Micótami","Adj","Micótami","micotami","","Adj","Hecho con muescas","[]","[]","","SRC-02[56]","Autorizada para difusión","Pendiente de validación lingüística","Transcrito"
"RD-001306","tar","Michá","S","Michá","micha","","S","Luna, mes","[]","[]","","SRC-02[56]","Autorizada para difusión","Pendiente de validación lingüística","Transcrito"
"RD-001307","tar","Miché","Vi","Miché","miche","","Vi","1. Tener o hacer mes 2. Hacer luna","[]","[]","","SRC-02[56]","Autorizada para difusión","Pendiente de validación lingüística","Transcrito"
"RD-001308","tar","Michí","Vt","Michí","michi","","Vt","Labrar con el hacha","[]","[]","","SRC-02[56]","Autorizada para difusión","Pendiente de validación lingüística","Transcrito"
"RD-001309","tar","Michítami","Adj","Michítami","michitami","","Adj","Labrado","[]","[]","","SRC-02[56]","Autorizada para difusión","Pendiente de validación lingüística","Transcrito"
"RD-001310","tar","Michira","S","1Michira","michira","1","S","Astilla","[]","[]","","SRC-02[56]","Autorizada para difusión","Pendiente de validación lingüística","Transcrito"
"RD-001311","tar","Michira","s","2Michira","michira","2","S","Alacrán","[]","[]","","SRC-02[56]","Autorizada para difusión","Pendiente de validación lingüística","Transcrito"
"RD-001312","tar","Michó","Vt","Michó","micho","","Vt","Pegar (con marro o piedra)","[]","[]","","SRC-02[56]","Autorizada para difusión","Pendiente de validación lingüística","Transcrito"
"RD-001313","tar","Michona","Vt","Michona","michona","","Vt","Martillar, pegar","[]","[]","","SRC-02[56]","Autorizada para difusión","Pendiente de validación lingüística","Transcrito"
"RD-001314","tar","Michora","S","Michora","michora","","S","Marro, mazo","[]","[]","","SRC-02[56]","Autorizada para difusión","Pendiente de validación lingüística","Transcrito"
"RD-001315","tar","Michóntami","Adj","Michóntami","michontami","","Adj","Clavado","[]","[]","","SRC-02[56]","Autorizada para difusión","Pendiente de validación lingüística","Transcrito"
"RD-001316","tar","Michoyá","S","Michoyá","michoya","","S","Cresta de gallo","[]","[]","","SRC-02[56]","Autorizada para difusión","Pendiente de validación lingüística","Transcrito"
"RD-001317","tar","Michú","Vi","Michú","michu","","Vi","Abollarse","[]","[]","","SRC-02[56]","Autorizada para difusión","Pendiente de validación lingüística","Transcrito"
"RD-001318","tar","Michúnari","Vt pret","Michúnari","michunari","","Vt","Aplastar","[]","[]","","SRC-02[56]","Autorizada para difusión","Pendiente de validación lingüística","Transcrito"
"RD-001319","tar","Michuri","Vi pret","Michuri","michuri","","Vi","Aplastarse","[]","[]","","SRC-02[57]","Autorizada para difusión","Pendiente de validación lingüística","Transcrito"
"RD-001320","tar","Míisi, misi","S esp","Míisi, misi","miisi, misi","","S","Gato","[""misi""]","[]","","SRC-02[57]","Autorizada para difusión","Pendiente de validación lingüística","Transcrito"
"RD-001321","tar","Mijí","Vt","Mijí","miji","","Vt","Asar","[]","[]","","SRC-02[57]","Autorizada para difusión","Pendiente de validación lingüística","Transcrito"
"RD-001322","tar","Mijírami","Adj","Mijírami","mijirami","","Adj","Asado, tatemado","[]","[]","","SRC-02[57]","Autorizada para difusión","Pendiente de validación lingüística","Transcrito"
"RD-001323","tar","Minana","Adv","Minana","minana","","Adv","Más allá, poco después","[]","[]","","SRC-02[57]","Autorizada para difusión","Pendiente de validación lingüística","Transcrito"
"RD-001324","tar","Mi’riméa","","Mi’riméa","mi'rimea","","Sin clasificar","Matará","[]","[]","","SRC-02[57]","Autorizada para difusión","Pendiente de validación lingüística","Transcrito"
"RD-001325","tar","Mi’rínari","vt","Mi’rínari","mi'rinari","","Vt","Querer matarlo","[]","[]","","SRC-02[57]","Autorizada para difusión","Pendiente de validación lingüística","Transcrito"
"RD-001326","tar","Mi’ró","Vi","Mi’ró","mi'ro","","Vi","Desmayarse","[]","[]","","SRC-02[57]","Autorizada para difusión","Pendiente de validación lingüística","Transcrito"
"RD-001327","tar","Misú","Vt","Misú","misu","","Vt","Poner una trampa (de piedras para aplastar animales chicos)","[]","[]","","SRC-02[57]","Autorizada para difusión","Pendiente de validación lingüística","Transcrito"
"RD-001328","tar","Misucuá","S","Misucuá","misucua","","S","Zarzamora","[]","[]","","SRC-02[57]","Autorizada para difusión","Pendiente de validación lingüística","Transcrito"
"RD-001329","tar","Misugú","","Misugú","misugu","","Sin clasificar","1. s Trampa de piedras 2. vt Estar poniéndole una trampa","[]","[]","","SRC-02[57]","Autorizada para difusión","Pendiente de validación lingüística","Transcrito"
"RD-001330","tar","Misuri","S","Misuri","misuri","","S","Una trampa de piedras","[]","[]","","SRC-02[57]","Autorizada para difusión","Pendiente de validación lingüística","Transcrito"
"RD-001331","tar","Mitá","Vt","Mitá","mita","","Vt","Ganar (en el juego o carrera9","[]","[]","","SRC-02[57]","Autorizada para difusión","Pendiente de validación lingüística","Transcrito"
"RD-001332","tar","Mitacha","Vi","Mitacha","mitacha","","Vi","Aplastarse (cosa grande)","[]","[]","","SRC-02[57]","Autorizada para difusión","Pendiente de validación lingüística","Transcrito"
"RD-001333","tar","Mitáchami","Adj","Mitáchami","mitachami","","Adj","Aplastado","[]","[]","","SRC-02[57]","Autorizada para difusión","Pendiente de validación lingüística","Transcrito"
"RD-001334","tar","Mitáchana","Vt","Mitáchana","mitachana","","Vt","Aplastar","[]","[]","","SRC-02[57]","Autorizada para difusión","Pendiente de validación lingüística","Transcrito"
"RD-001335","tar","Mité","Vt","Mité","mite","","Vt","Trozar (con hacha), lo corta","[]","[]","","SRC-02[57]","Autorizada para difusión","Pendiente de validación lingüística","Transcrito"
"RD-001336","tar","Miteba, muteba","Vi","Miteba, muteba","miteba, muteba","","Vi","1. Falsearse (tobillo) 2. Machucarse (tobillo) 3. Torcerse (tobillo)","[""muteba""]","[]","","SRC-02[57]","Autorizada para difusión","Pendiente de validación lingüística","Transcrito"
"RD-001337","tar","Mitéchaní","Vi","Mitéchaní","mitechani","","Vi","Hacer ruido (cortando con hacha)","[]","[]","","SRC-02[57]","Autorizada para difusión","Pendiente de validación lingüística","Transcrito"
"RD-001338","tar","Mitó","Vi","Mitó","mito","","Vi","1. Doblarse (la pierna al andar) 2. Descoyuntarse","[]","[]","","SRC-02[57]","Autorizada para difusión","Pendiente de validación lingüística","Transcrito"
"RD-001339","tar","Mitora","Vi","Mitora","mitora","","Vi","Sentarse (con los pies cruzados)","[]","[]","","SRC-02[57]","Autorizada para difusión","Pendiente de validación lingüística","Transcrito"
"RD-001340","tar","Mi’yá","Vt","Mi’yá","mi'ya","","Vt","Asesinar, matar","[]","[]","","SRC-02[57]","Autorizada para difusión","Pendiente de validación lingüística","Transcrito"
"RD-001341","tar","Miyétari","S","Miyétari","miyetari","","S","Madrastra","[]","[]","","SRC-02[57]","Autorizada para difusión","Pendiente de validación lingüística","Transcrito"
"RD-001342","tar","‘Mo","Vi sing","‘Mo","'mo","","Vi","Subir","[]","[]","","SRC-02[57]","Autorizada para difusión","Pendiente de validación lingüística","Transcrito"
"RD-001343","tar","Moba","Adv","Moba","moba","","Adv","Sobre, encima","[]","[]","","SRC-02[57]","Autorizada para difusión","Pendiente de validación lingüística","Transcrito"
"RD-001344","tar","Mocá","S","Mocá","moca","","S","Cuero curtido, vaqueta","[]","[]","","SRC-02[57]","Autorizada para difusión","Pendiente de validación lingüística","Transcrito"
"RD-001345","tar","Mocoyó","Vi","Mocoyó","mocoyo","","Vi","Ponerse la corona","[]","[]","","SRC-02[57]","Autorizada para difusión","Pendiente de validación lingüística","Transcrito"
"RD-001346","tar","Mocoyora","S","Mocoyora","mocoyora","","S","La corona (con plumas que llevan los bailadores matachines y los moros en la fiesta de Semana Santa)","[]","[]","","SRC-02[57]","Autorizada para difusión","Pendiente de validación lingüística","Transcrito"
"RD-001347","tar","Mocuásari","S","Mocuásari","mocuasari","","S","Quelite (siembran; comen cocido)","[]","[]","","SRC-02[57]","Autorizada para difusión","Pendiente de validación lingüística","Transcrito"
"RD-001348","tar","Mochocuá","S","Mochocuá","mochocua","","S","Helecho","[]","[]","","SRC-02[57]","Autorizada para difusión","Pendiente de validación lingüística","Transcrito"
"RD-001349","tar","Mochogohua","Vi","Mochogohua","mochogohua","","Vi","Tener cerebro","[]","[]","","SRC-02[57]","Autorizada para difusión","Pendiente de validación lingüística","Transcrito"
"RD-001350","tar","Mo’huá","Vt","Mo’huá","mo'hua","","Vt","Poner adentro, encerrar (animales presos)","[]","[]","","SRC-02[57]","Autorizada para difusión","Pendiente de validación lingüística","Transcrito"
"RD-001351","tar","Mo’hué","Vt","Mo’hué","mo'hue","","Vt","1. Poner (cartucho en el rifle) 2. meterse (el hilo al hacer una cobija)","[]","[]","","SRC-02[57]","Autorizada para difusión","Pendiente de validación lingüística","Transcrito"
"RD-001352","tar","Mo’huera","Vt esp","Mo’huera","mo'huera","","Vt","Poner, apoyar (la cabeza en algo cuando se acuesta)","[]","[]","","SRC-02[57]","Autorizada para difusión","Pendiente de validación lingüística","Transcrito"
"RD-001353","tar","Mo’huí","Vi pl","Mo’huí","mo'hui","","Vi","Entrar","[]","[]","","SRC-02[58]","Autorizada para difusión","Pendiente de validación lingüística","Transcrito"
"RD-001354","tar","Mo’huibi","Vi pret pl","Mo’huibi","mo'huibi","","Vi","Desaparecerse","[]","[]","","SRC-02[58]","Autorizada para difusión","Pendiente de validación lingüística","Transcrito"
"RD-001355","tar","Mojuá","Vi","Mojuá","mojua","","Vi","Hacerse pedazos","[]","[]","","SRC-02[58]","Autorizada para difusión","Pendiente de validación lingüística","Transcrito"
"RD-001356","tar","Mojuana","Vt","Mojuana","mojuana","","Vt","Quebrar (en pedazos)","[]","[]","","SRC-02[58]","Autorizada para difusión","Pendiente de validación lingüística","Transcrito"
"RD-001357","tar","Mo’né","S","Mo’né","mo'ne","","S","Yerno","[]","[]","","SRC-02[58]","Autorizada para difusión","Pendiente de validación lingüística","Transcrito"
"RD-001358","tar","Mo’ó","S","Mo’ó","mo'o","","S","Cabeza","[]","[]","","SRC-02[58]","Autorizada para difusión","Pendiente de validación lingüística","Transcrito"
"RD-001359","tar","Mo’óchi","S","Mo’óchi","mo'ochi","","S","Pájaro gris (mediano, anda sobre las paredes en el invierno)","[]","[]","","SRC-02[58]","Autorizada para difusión","Pendiente de validación lingüística","Transcrito"
"RD-001360","tar","Mo’ora","Vi","Mo’ora","mo'ora","","Vi","Menear (cabeza)","[]","[]","","SRC-02[58]","Autorizada para difusión","Pendiente de validación lingüística","Transcrito"
"RD-001361","tar","Mo’orépana","Vt","Mo’orépana","mo'orepana","","Vt","Descabezar","[]","[]","","SRC-02[58]","Autorizada para difusión","Pendiente de validación lingüística","Transcrito"
"RD-001362","tar","Mo’orí","S sing","Mo’orí","mo'ori","","S","Nuera","[]","[]","","SRC-02[58]","Autorizada para difusión","Pendiente de validación lingüística","Transcrito"
"RD-001363","tar","Mo’oré","Vi","Mo’oré","mo'ore","","Vi","Tener nuera","[]","[]","","SRC-02[58]","Autorizada para difusión","Pendiente de validación lingüística","Transcrito"
"RD-001364","tar","Moré","Vi","Moré","more","","Vi","Sahumar","[]","[]","","SRC-02[58]","Autorizada para difusión","Pendiente de validación lingüística","Transcrito"
"RD-001365","tar","Morí","S","Morí","mori","","S","Humo","[]","[]","","SRC-02[58]","Autorizada para difusión","Pendiente de validación lingüística","Transcrito"
"RD-001366","tar","Morina","Vi","Morina","morina","","Vi","Subir el humo","[]","[]","","SRC-02[58]","Autorizada para difusión","Pendiente de validación lingüística","Transcrito"
"RD-001367","tar","Morisó","","Morisó","moriso","","Sin clasificar","1. s Hollín 2. vi Ahumarse","[]","[]","","SRC-02[58]","Autorizada para difusión","Pendiente de validación lingüística","Transcrito"
"RD-001368","tar","Morisóbana","Vi","Morisóbana","morisobana","","Vi","Ponerse negro (de hollín), ahumarse","[]","[]","","SRC-02[58]","Autorizada para difusión","Pendiente de validación lingüística","Transcrito"
"RD-001369","tar","Morisota","Vt","Morisota","morisota","","Vt","Ahumar","[]","[]","","SRC-02[58]","Autorizada para difusión","Pendiente de validación lingüística","Transcrito"
"RD-001370","tar","Moró","S esp","1Moró","moro","1","S","Moros (los que llevan coronas con plumas en la Semana Santa)","[]","[]","","SRC-02[58]","Autorizada para difusión","Pendiente de validación lingüística","Transcrito"
"RD-001371","tar","Moró","Vi","2Moró","moro","2","Vi","Hay humo, hacer humo","[]","[]","","SRC-02[58]","Autorizada para difusión","Pendiente de validación lingüística","Transcrito"
"RD-001372","tar","Moruhuá","S","Moruhuá","moruhua","","S","Incienso","[]","[]","","SRC-02[58]","Autorizada para difusión","Pendiente de validación lingüística","Transcrito"
"RD-001373","tar","Mosí","Vt","Mosí","mosi","","Vt","Desmenuzar (entre las manos)","[]","[]","","SRC-02[58]","Autorizada para difusión","Pendiente de validación lingüística","Transcrito"
"RD-001374","tar","Mosobé","Vt","Mosobé","mosobe","","Vt","1. Poner almohada (bajo cabeza para dormir) 2. Amarrar yugo","[]","[]","","SRC-02[58]","Autorizada para difusión","Pendiente de validación lingüística","Transcrito"
"RD-001375","tar","Mosobera","S","Mosobera","mosobera","","S","Almohada, yugo","[]","[]","","SRC-02[58]","Autorizada para difusión","Pendiente de validación lingüística","Transcrito"
"RD-001376","tar","Motaba","Vi","Motaba","motaba","","Vi","Chocarse","[]","[]","","SRC-02[58]","Autorizada para difusión","Pendiente de validación lingüística","Transcrito"
"RD-001377","tar","Motosá","S","Motosá","motosa","","S","Canas","[]","[]","","SRC-02[58]","Autorizada para difusión","Pendiente de validación lingüística","Transcrito"
"RD-001378","tar","Motosé","Vi","Motosé","motose","","Vi","Tener canas","[]","[]","","SRC-02[58]","Autorizada para difusión","Pendiente de validación lingüística","Transcrito"
"RD-001379","tar","Motosera","Vi","Motosera","motosera","","Vi","Encanecer","[]","[]","","SRC-02[58]","Autorizada para difusión","Pendiente de validación lingüística","Transcrito"
"RD-001380","tar","Moyá","Vi","Moyá","moya","","Vi","Pudrirse (maíz desgranado)","[]","[]","","SRC-02[58]","Autorizada para difusión","Pendiente de validación lingüística","Transcrito"
"RD-001381","tar","Moyena","Vi","Moyena","moyena","","Vi","Ir subiendo","[]","[]","","SRC-02[58]","Autorizada para difusión","Pendiente de validación lingüística","Transcrito"
"RD-001382","tar","Mubú","Vt","Mubú","mubu","","Vt","Elevar","[]","[]","","SRC-02[58]","Autorizada para difusión","Pendiente de validación lingüística","Transcrito"
"RD-001383","tar","Mucú","Vi sing","Mucú","mucu","","Vi","Morirse, fallecer","[]","[]","","SRC-02[58]","Autorizada para difusión","Pendiente de validación lingüística","Transcrito"
"RD-001384","tar","Mucúami","Adj","Mucúami","mucuami","","Adj","Muerto, difunto","[]","[]","","SRC-02[58]","Autorizada para difusión","Pendiente de validación lingüística","Transcrito"
"RD-001385","tar","Múchari","S","Múchari","muchari","","S","Nene, criatura","[]","[]","","SRC-02[58]","Autorizada para difusión","Pendiente de validación lingüística","Transcrito"
"RD-001386","tar","Muchiba","Vi pl","Muchiba","muchiba","","Vi","Sentar","[]","[]","","SRC-02[58]","Autorizada para difusión","Pendiente de validación lingüística","Transcrito"
"RD-001387","tar","Muchímari","S","Muchímari","muchimari","","S","Cuñado menor","[]","[]","","SRC-02[58]","Autorizada para difusión","Pendiente de validación lingüística","Transcrito"
"RD-001388","tar","Muchínara","Vt","Muchínara","muchinara","","Vt","Hacer sentarse, desear sentarse","[]","[]","","SRC-02[58]","Autorizada para difusión","Pendiente de validación lingüística","Transcrito"
"RD-001389","tar","Muchira","Vi pl","Muchira","muchira","","Vi","Estar sentados","[]","[]","","SRC-02[58]","Autorizada para difusión","Pendiente de validación lingüística","Transcrito"
"RD-001390","tar","Muchisa","Vi pl","Muchisa","muchisa","","Vi","Levantarse (de estar acostados)","[]","[]","","SRC-02[58]","Autorizada para difusión","Pendiente de validación lingüística","Transcrito"
"RD-001391","tar","Muchuhua","Vt","Muchuhua","muchuhua","","Vt","1. Poner (una cosa o persona) 2. Amontonar","[]","[]","","SRC-02[58]","Autorizada para difusión","Pendiente de validación lingüística","Transcrito"
"RD-001392","tar","Muchúhuachi","","Muchúhuachi","muchuhuachi","","Sin clasificar","Cuando están reunidos","[]","[]","","SRC-02[59]","Autorizada para difusión","Pendiente de validación lingüística","Transcrito"
"RD-001393","tar","Muchuhui","Vi pl","Muchuhui","muchuhui","","Vi","Estar (sentados)","[]","[]","","SRC-02[59]","Autorizada para difusión","Pendiente de validación lingüística","Transcrito"
"RD-001394","tar","Muguí","S pl","Muguí","mugui","","S","Mujeres","[]","[]","","SRC-02[59]","Autorizada para difusión","Pendiente de validación lingüística","Transcrito"
"RD-001395","tar","Mugúsuhua","Vi","Mugúsuhua","mugusuhua","","Vi","Dar ataques epilépticos","[]","[]","","SRC-02[59]","Autorizada para difusión","Pendiente de validación lingüística","Transcrito"
"RD-001396","tar","Mugúsuhuami","Adj","Mugúsuhuami","mugusuhuami","","Adj","Epiléptico","[]","[]","","SRC-02[59]","Autorizada para difusión","Pendiente de validación lingüística","Transcrito"
"RD-001397","tar","Muhué","Vi pl","Muhué","muhue","","Vi","Aumentarse, rendir mucho","[]","[]","","SRC-02[59]","Autorizada para difusión","Pendiente de validación lingüística","Transcrito"
"RD-001398","tar","Muhuéami","Adj","Muhuéami","muhueami","","Adj","Aumentado","[]","[]","","SRC-02[59]","Autorizada para difusión","Pendiente de validación lingüística","Transcrito"
"RD-001399","tar","Muhuehua","Vt","Muhuehua","muhuehua","","Vt","Aumentar","[]","[]","","SRC-02[59]","Autorizada para difusión","Pendiente de validación lingüística","Transcrito"
"RD-001400","tar","Muhuéhuarami","Adj","Muhuéhuarami","muhuehuarami","","Adj","Añadido","[]","[]","","SRC-02[59]","Autorizada para difusión","Pendiente de validación lingüística","Transcrito"
"RD-001401","tar","Mujé","Pron","Mujé","muje","","Pron","Tú, usted","[]","[]","","SRC-02[59]","Autorizada para difusión","Pendiente de validación lingüística","Transcrito"
"RD-001402","tar","Mujubú","Vt","Mujubú","mujubu","","Vt","Tirar flechas o balazos","[]","[]","","SRC-02[59]","Autorizada para difusión","Pendiente de validación lingüística","Transcrito"
"RD-001403","tar","Muná","Vi","Muná","muna","","Vi","Subir (de tierra baja)","[]","[]","","SRC-02[59]","Autorizada para difusión","Pendiente de validación lingüística","Transcrito"
"RD-001404","tar","Muné","Vt","Muné","mune","","Vt","Sembrar frijol","[]","[]","","SRC-02[59]","Autorizada para difusión","Pendiente de validación lingüística","Transcrito"
"RD-001405","tar","Muní","S","Muní","muni","","S","Frijol","[]","[]","","SRC-02[59]","Autorizada para difusión","Pendiente de validación lingüística","Transcrito"
"RD-001406","tar","Muquí","S sing","Muquí","muqui","","S","Mujer","[]","[]","","SRC-02[59]","Autorizada para difusión","Pendiente de validación lingüística","Transcrito"
"RD-001407","tar","Muquira","S","Muquira","muquira","","S","Hembra","[]","[]","","SRC-02[59]","Autorizada para difusión","Pendiente de validación lingüística","Transcrito"
"RD-001408","tar","Murá","S","Murá","mura","","S","Espiga","[]","[]","","SRC-02[59]","Autorizada para difusión","Pendiente de validación lingüística","Transcrito"
"RD-001409","tar","Muré","Vi","Muré","mure","","Vi","Espigar (la mata de maíz)","[]","[]","","SRC-02[59]","Autorizada para difusión","Pendiente de validación lingüística","Transcrito"
"RD-001410","tar","Muripi","Adv","Muripi","muripi","","Adv","Cerca","[]","[]","","SRC-02[59]","Autorizada para difusión","Pendiente de validación lingüística","Transcrito"
"RD-001411","tar","Murú","Vt","Murú","muru","","Vt","Hacer un liacho (reg.)","[]","[]","","SRC-02[59]","Autorizada para difusión","Pendiente de validación lingüística","Transcrito"
"RD-001412","tar","Murubé","Adv","Murubé","murube","","Adv","Muy cerca","[]","[]","","SRC-02[59]","Autorizada para difusión","Pendiente de validación lingüística","Transcrito"
"RD-001413","tar","Murubé bitéami","S","Murubé bitéami","murube biteami","","S","Prójimo, vecino","[]","[]","","SRC-02[59]","Autorizada para difusión","Pendiente de validación lingüística","Transcrito"
"RD-001414","tar","Murubéana","Vi","Murubéana","murubeana","","Vi","Acercarse, arrimarse","[]","[]","","SRC-02[59]","Autorizada para difusión","Pendiente de validación lingüística","Transcrito"
"RD-001415","tar","Murubéanta","Vt","Murubéanta","murubeanta","","Vt","Poner cerca","[]","[]","","SRC-02[59]","Autorizada para difusión","Pendiente de validación lingüística","Transcrito"
"RD-001416","tar","Murubehua","Vt","Murubehua","murubehua","","Vt","Arrimar, acercar","[]","[]","","SRC-02[59]","Autorizada para difusión","Pendiente de validación lingüística","Transcrito"
"RD-001417","tar","Muruca","S","Muruca","muruca","","S","Liacho (reg.), lío (una carga amarrada)","[]","[]","","SRC-02[59]","Autorizada para difusión","Pendiente de validación lingüística","Transcrito"
"RD-001418","tar","Muruchi","S","Muruchi","muruchi","","S","Chivato, cría de chivas","[]","[]","","SRC-02[59]","Autorizada para difusión","Pendiente de validación lingüística","Transcrito"
"RD-001419","tar","Muruta","Vi","Muruta","muruta","","Vi","Llevar una carga (en animales)","[]","[]","","SRC-02[59]","Autorizada para difusión","Pendiente de validación lingüística","Transcrito"
"RD-001420","tar","Musí","S","Musí","musi","","S","Tipo de pez negro, bargón","[]","[]","","SRC-02[59]","Autorizada para difusión","Pendiente de validación lingüística","Transcrito"
"RD-001421","tar","Muté","Vi","Muté","mute","","Vi","Aplastarse","[]","[]","","SRC-02[59]","Autorizada para difusión","Pendiente de validación lingüística","Transcrito"
"RD-001422","tar","Muteba","","Muteba","muteba","","Sin clasificar","Falsearse, machucarse, torcerse (el tobillo)","[]","[]","","SRC-02[59]","Autorizada para difusión","Pendiente de validación lingüística","Transcrito"
"RD-001423","tar","Mutébari","","Mutébari","mutebari","","Sin clasificar","1. s El gusano (del elote) 2. vi Agusanarse","[]","[]","","SRC-02[59]","Autorizada para difusión","Pendiente de validación lingüística","Transcrito"
"RD-001424","tar","Muteta","Vt","Muteta","muteta","","Vt","Aplastar","[]","[]","","SRC-02[59]","Autorizada para difusión","Pendiente de validación lingüística","Transcrito"
"RD-001425","tar","Mutú","Vt","Mutú","mutu","","Vt","Levantar (com los brazos)","[]","[]","","SRC-02[59]","Autorizada para difusión","Pendiente de validación lingüística","Transcrito"
"RD-001426","tar","Mututa","Vt","Mututa","mututa","","Vt","Llevar (en los brazos)","[]","[]","","SRC-02[59]","Autorizada para difusión","Pendiente de validación lingüística","Transcrito"
"RD-001427","tar","Muyá","Vi","Muyá","muya","","Vi","Pudrirse (maíz, trapo mojado, cosa enterrada, madera)","[]","[]","","SRC-02[59]","Autorizada para difusión","Pendiente de validación lingüística","Transcrito"
"RD-001428","tar","Na, nari","Pron","Na, nari","na, nari","","Pron","Éste, ésta","[""nari""]","[]","","SRC-02[59]","Autorizada para difusión","Pendiente de validación lingüística","Transcrito"
"RD-001429","tar","Na’á","Vt","Na’á","na'a","","Vt","1. Hacer lumbre 2. Quemar","[]","[]","","SRC-02[59]","Autorizada para difusión","Pendiente de validación lingüística","Transcrito"
"RD-001430","tar","Na’ahua","Vi pl","Na’ahua","na'ahua","","Vi","Enojarse, reñir","[]","[]","","SRC-02[59]","Autorizada para difusión","Pendiente de validación lingüística","Transcrito"
"RD-001431","tar","Na’áhuata","Vt","Na’áhuata","na'ahuata","","Vt","Hacer enojar, alborotar","[]","[]","","SRC-02[59]","Autorizada para difusión","Pendiente de validación lingüística","Transcrito"
"RD-001432","tar","Náapa","Vt","Náapa","naapa","","Vt","Alcanzar","[]","[]","","SRC-02[59]","Autorizada para difusión","Pendiente de validación lingüística","Transcrito"
"RD-001433","tar","Na’árami","Adj","Na’árami","na'arami","","Adj","Quemado","[]","[]","","SRC-02[59]","Autorizada para difusión","Pendiente de validación lingüística","Transcrito"
"RD-001434","tar","Náari","","Náari","naari","","Sin clasificar","Mandó (llevar alguna cosa)","[]","[]","","SRC-02[59]","Autorizada para difusión","Pendiente de validación lingüística","Transcrito"
"RD-001435","tar","Náata","Vt pl","Náata","naata","","Vt","Seguir","[]","[]","","SRC-02[60]","Autorizada para difusión","Pendiente de validación lingüística","Transcrito"
"RD-001436","tar","‘Nabé","Adv","‘Nabé","'nabe","","Adv","Poco más allá","[]","[]","","SRC-02[60]","Autorizada para difusión","Pendiente de validación lingüística","Transcrito"
"RD-001437","tar","‘Naca","Adv","‘Naca","'naca","","Adv","De lejos, de un lado","[]","[]","","SRC-02[60]","Autorizada para difusión","Pendiente de validación lingüística","Transcrito"
"RD-001438","tar","Nacá","S","Nacá","naca","","S","Oreja, oído","[]","[]","","SRC-02[60]","Autorizada para difusión","Pendiente de validación lingüística","Transcrito"
"RD-001439","tar","Nacapari","S","Nacapari","nacapari","","S","Mecapal","[]","[]","","SRC-02[60]","Autorizada para difusión","Pendiente de validación lingüística","Transcrito"
"RD-001440","tar","Nacara","S","Nacara","nacara","","S","1. Oreja de alguien 2. Borlas de las cobijas","[]","[]","","SRC-02[60]","Autorizada para difusión","Pendiente de validación lingüística","Transcrito"
"RD-001441","tar","Nacaréhua","Vi pl","Nacaréhua","nacarehua","","Vi","Ponerse de acuerdo","[]","[]","","SRC-02[60]","Autorizada para difusión","Pendiente de validación lingüística","Transcrito"
"RD-001442","tar","Nacarópari","S","Nacarópari","nacaropari","","S","Mariposa","[]","[]","","SRC-02[60]","Autorizada para difusión","Pendiente de validación lingüística","Transcrito"
"RD-001443","tar","Nacátara","Vi","Nacátara","nacatara","","Vi","Hacer mucho ruido","[]","[]","","SRC-02[60]","Autorizada para difusión","Pendiente de validación lingüística","Transcrito"
"RD-001444","tar","Nacóhuami","S","Nacóhuami","nacohuami","","S","Homicida","[]","[]","","SRC-02[60]","Autorizada para difusión","Pendiente de validación lingüística","Transcrito"
"RD-001445","tar","Nacóo","Vi pl","Nacóo","nacoo","","Vi","Pelear","[]","[]","","SRC-02[60]","Autorizada para difusión","Pendiente de validación lingüística","Transcrito"
"RD-001446","tar","Nacórata","Vt","Nacórata","nacorata","","Vt","Enchuecar","[]","[]","","SRC-02[60]","Autorizada para difusión","Pendiente de validación lingüística","Transcrito"
"RD-001447","tar","Nacú","Vi","1Nacú","nacu","1","Vi","Maullar (el gatito)","[]","[]","","SRC-02[60]","Autorizada para difusión","Pendiente de validación lingüística","Transcrito"
"RD-001448","tar","Nacú","Vi","2Nacú","nacu","2","Vi","Borrar, tapar la huella","[]","[]","","SRC-02[60]","Autorizada para difusión","Pendiente de validación lingüística","Transcrito"
"RD-001449","tar","Nacuba","Vt","Nacuba","nacuba","","Vt","Borrar","[]","[]","","SRC-02[60]","Autorizada para difusión","Pendiente de validación lingüística","Transcrito"
"RD-001450","tar","Nacurihua","Vt","Nacurihua","nacurihua","","Vt","Cambiar","[]","[]","","SRC-02[60]","Autorizada para difusión","Pendiente de validación lingüística","Transcrito"
"RD-001451","tar","Nacúríhua","Vt","Nacúríhua","nacurihua","","Vt","Transformar","[]","[]","","SRC-02[60]","Autorizada para difusión","Pendiente de validación lingüística","Transcrito"
"RD-001452","tar","Nachigó","Vi","Nachigó","nachigo","","Vi","Amarrar, anudar","[]","[]","","SRC-02[60]","Autorizada para difusión","Pendiente de validación lingüística","Transcrito"
"RD-001453","tar","Nachihuí","Vt","Nachihuí","nachihui","","Vt","Alcanzar","[]","[]","","SRC-02[60]","Autorizada para difusión","Pendiente de validación lingüística","Transcrito"
"RD-001454","tar","Nachú","Vi pl","Nachú","nachu","","Vi","Pegarse, contagiarse","[]","[]","","SRC-02[60]","Autorizada para difusión","Pendiente de validación lingüística","Transcrito"
"RD-001455","tar","Nachucha","Vt pl","Nachucha","nachucha","","Vt","Poner juntos","[]","[]","","SRC-02[60]","Autorizada para difusión","Pendiente de validación lingüística","Transcrito"
"RD-001456","tar","Nachuhua","Vt","Nachuhua","nachuhua","","Vt","Atizar los tizones (a la lumbre)","[]","[]","","SRC-02[60]","Autorizada para difusión","Pendiente de validación lingüística","Transcrito"
"RD-001457","tar","Nachupa","Vt pl","Nachupa","nachupa","","Vt","Conectar","[]","[]","","SRC-02[60]","Autorizada para difusión","Pendiente de validación lingüística","Transcrito"
"RD-001458","tar","Nachuta","Vt","Nachuta","nachuta","","Vt","Repartir, distribuir","[]","[]","","SRC-02[60]","Autorizada para difusión","Pendiente de validación lingüística","Transcrito"
"RD-001459","tar","Na’é","Vt","Na’é","na'e","","Vt","1. Prender la lumbre, atizar 2. Quemar pelo (cuando le ponen nombre queman unos pelos del niño)","[]","[]","","SRC-02[60]","Autorizada para difusión","Pendiente de validación lingüística","Transcrito"
"RD-001460","tar","Na’érami","Adj","Na’érami","na'erami","","Adj","Prendido","[]","[]","","SRC-02[60]","Autorizada para difusión","Pendiente de validación lingüística","Transcrito"
"RD-001461","tar","‘Nagá","","‘Nagá","'naga","","Sin clasificar","Mirando","[]","[]","","SRC-02[60]","Autorizada para difusión","Pendiente de validación lingüística","Transcrito"
"RD-001462","tar","Nahuá","Vi sing","1Nahuá","nahua","1","Vi","Llegar","[]","[]","","SRC-02[60]","Autorizada para difusión","Pendiente de validación lingüística","Transcrito"
"RD-001463","tar","Nahuá","S","2Nahuá","nahua","2","S","Raíz","[]","[]","","SRC-02[60]","Autorizada para difusión","Pendiente de validación lingüística","Transcrito"
"RD-001464","tar","Nahuají","Vi","Nahuají","nahuaji","","Vi","Cantar, entonar himnos","[]","[]","","SRC-02[60]","Autorizada para difusión","Pendiente de validación lingüística","Transcrito"
"RD-001465","tar","Nahuará","Vi","Nahuará","nahuara","","Vi","Enraizaar","[]","[]","","SRC-02[60]","Autorizada para difusión","Pendiente de validación lingüística","Transcrito"
"RD-001466","tar","Nahuara","Vt","Nahuara","nahuara","","Vt","Dar a luz, parir","[]","[]","","SRC-02[60]","Autorizada para difusión","Pendiente de validación lingüística","Transcrito"
"RD-001467","tar","Nahué","Vi","Nahué","nahue","","Vi","Tener raíz","[]","[]","","SRC-02[60]","Autorizada para difusión","Pendiente de validación lingüística","Transcrito"
"RD-001468","tar","Nahuena","Prep","Nahuena","nahuena","","Prep","Entre los dos","[]","[]","","SRC-02[60]","Autorizada para difusión","Pendiente de validación lingüística","Transcrito"
"RD-001469","tar","Nahuesa","Vt","Nahuesa","nahuesa","","Vt","Avisar, predicar","[]","[]","","SRC-02[60]","Autorizada para difusión","Pendiente de validación lingüística","Transcrito"
"RD-001470","tar","Nahuíi","Vi","Nahuíi","nahuii","","Vi","Acercarse","[]","[]","","SRC-02[60]","Autorizada para difusión","Pendiente de validación lingüística","Transcrito"
"RD-001471","tar","Nahuisa","Vi","Nahuisa","nahuisa","","Vi","Hablar en público, predicar","[]","[]","","SRC-02[60]","Autorizada para difusión","Pendiente de validación lingüística","Transcrito"
"RD-001472","tar","Nahuisura","Vi pl","Nahuisura","nahuisura","","Vi","Formar fila","[]","[]","","SRC-02[60]","Autorizada para difusión","Pendiente de validación lingüística","Transcrito"
"RD-001473","tar","Nahuó","Adj","Nahuó","nahuo","","Adj","Cuatro","[]","[]","","SRC-02[60]","Autorizada para difusión","Pendiente de validación lingüística","Transcrito"
"RD-001474","tar","Nahuosa","","Nahuosa","nahuosa","","Sin clasificar","Cuarto, cuarta","[]","[]","","SRC-02[60]","Autorizada para difusión","Pendiente de validación lingüística","Transcrito"
"RD-001475","tar","Na’í, naíbi","Adj","1Na’í, naíbi","na'i, naibi","1","Adj","Aquí","[""naíbi""]","[]","","SRC-02[60]","Autorizada para difusión","Pendiente de validación lingüística","Transcrito"
"RD-001476","tar","Na’í","S","2Na’í","na'i","2","S","Lumbre","[]","[]","","SRC-02[60]","Autorizada para difusión","Pendiente de validación lingüística","Transcrito"
"RD-001477","tar","Najarapa","Vi pl","Najarapa","najarapa","","Vi","Estar luchando","[]","[]","","SRC-02[60]","Autorizada para difusión","Pendiente de validación lingüística","Transcrito"
"RD-001478","tar","Najarápami","S","Najarápami","najarapami","","S","Luchador, abusador (de mujeres)","[]","[]","","SRC-02[61]","Autorizada para difusión","Pendiente de validación lingüística","Transcrito"
"RD-001479","tar","Najata","Vt sing","Najata","najata","","Vt","Seguir","[]","[]","","SRC-02[61]","Autorizada para difusión","Pendiente de validación lingüística","Transcrito"
"RD-001480","tar","Najirema","Vi pl","Najirema","najirema","","Vi","Ser hermanos","[]","[]","","SRC-02[61]","Autorizada para difusión","Pendiente de validación lingüística","Transcrito"
"RD-001481","tar","Najirémami","S","Najirémami","najiremami","","S","Hermanos, primos hermanos","[]","[]","","SRC-02[61]","Autorizada para difusión","Pendiente de validación lingüística","Transcrito"
"RD-001482","tar","Najita","Vi","Najita","najita","","Vi","Metamorfosear","[]","[]","","SRC-02[61]","Autorizada para difusión","Pendiente de validación lingüística","Transcrito"
"RD-001483","tar","Najuí","Vi pl","Najuí","najui","","Vi","Caerse (muchas cosas, una trinchera)","[]","[]","","SRC-02[61]","Autorizada para difusión","Pendiente de validación lingüística","Transcrito"
"RD-001484","tar","Najiuina","Vt","Najiuina","najiuina","","Vt","Tumbar","[]","[]","","SRC-02[61]","Autorizada para difusión","Pendiente de validación lingüística","Transcrito"
"RD-001485","tar","Na’mí","Vi","Na’mí","na'mi","","Vi","Caerse (un pino, un poste)","[]","[]","","SRC-02[61]","Autorizada para difusión","Pendiente de validación lingüística","Transcrito"
"RD-001486","tar","Nami","Vi","Nami","nami","","Vi","1. Oír 2. Entender bien","[]","[]","","SRC-02[61]","Autorizada para difusión","Pendiente de validación lingüística","Transcrito"
"RD-001487","tar","Na’mina","Vt","Na’mina","na'mina","","Vt","Tumbar (un pino)","[]","[]","","SRC-02[61]","Autorizada para difusión","Pendiente de validación lingüística","Transcrito"
"RD-001488","tar","Namuti","S","Namuti","namuti","","S","Cosa, animal","[]","[]","","SRC-02[61]","Autorizada para difusión","Pendiente de validación lingüística","Transcrito"
"RD-001489","tar","Nané","Vi","Nané","nane","","Vi","Sonar mucho","[]","[]","","SRC-02[61]","Autorizada para difusión","Pendiente de validación lingüística","Transcrito"
"RD-001490","tar","Na’oma","Vt","Na’oma","na'oma","","Vt","1. Tapar (por encima o de arriba) 2. Borrar","[]","[]","","SRC-02[61]","Autorizada para difusión","Pendiente de validación lingüística","Transcrito"
"RD-001491","tar","Na’omárami","Adj","Na’omárami","na'omarami","","Adj","Tapado","[]","[]","","SRC-02[61]","Autorizada para difusión","Pendiente de validación lingüística","Transcrito"
"RD-001492","tar","Napabá","Vt","Napabá","napaba","","Vt","Estar tirando (piedra)","[]","[]","","SRC-02[61]","Autorizada para difusión","Pendiente de validación lingüística","Transcrito"
"RD-001493","tar","Nabapú","Vt pl","Nabapú","nabapu","","Vt","Juntar, reunir","[]","[]","","SRC-02[61]","Autorizada para difusión","Pendiente de validación lingüística","Transcrito"
"RD-001494","tar","Napacha","","Napacha","napacha","","Sin clasificar","1. vi Tener camisa, ponerse la camisa 2. s Camisa","[]","[]","","SRC-02[61]","Autorizada para difusión","Pendiente de validación lingüística","Transcrito"
"RD-001495","tar","Napachapa","Vt","Napachapa","napachapa","","Vt","Quitar la camisa","[]","[]","","SRC-02[61]","Autorizada para difusión","Pendiente de validación lingüística","Transcrito"
"RD-001496","tar","Napachó","Vi pl","Napachó","napacho","","Vi","Pegarse, quedarse pegados","[]","[]","","SRC-02[61]","Autorizada para difusión","Pendiente de validación lingüística","Transcrito"
"RD-001497","tar","Napachota","Vt sing","Napachota","napachota","","Vt","Pegar, juntar, unir","[]","[]","","SRC-02[61]","Autorizada para difusión","Pendiente de validación lingüística","Transcrito"
"RD-001498","tar","Napahuí","Vi pl","Napahuí","napahui","","Vi","Juntarse","[]","[]","","SRC-02[61]","Autorizada para difusión","Pendiente de validación lingüística","Transcrito"
"RD-001499","tar","Napahuícahuachi","S","Napahuícahuachi","napahuicahuachi","","S","Lugar donde se juntan, tiempo en el que se juntan","[]","[]","","SRC-02[61]","Autorizada para difusión","Pendiente de validación lingüística","Transcrito"
"RD-001500","tar","Napahuícami","Adj","Napahuícami","napahuicami","","Adj","Juntos, unidos","[]","[]","","SRC-02[61]","Autorizada para difusión","Pendiente de validación lingüística","Transcrito"
"RD-001501","tar","Napahuísiami","S pl","Napahuísiami","napahuisiami","","S","Los que se juntan","[]","[]","","SRC-02[61]","Autorizada para difusión","Pendiente de validación lingüística","Transcrito"
"RD-001502","tar","Napari","S","Napari","napari","","S","Tipo de avispa amarilla","[]","[]","","SRC-02[61]","Autorizada para difusión","Pendiente de validación lingüística","Transcrito"
"RD-001503","tar","Naparí","S","Naparí","napari","","S","Tábano (insecto)","[]","[]","","SRC-02[61]","Autorizada para difusión","Pendiente de validación lingüística","Transcrito"
"RD-001504","tar","Napasú","Vt","Napasú","napasu","","Vt","Remendar, volver a coser","[]","[]","","SRC-02[61]","Autorizada para difusión","Pendiente de validación lingüística","Transcrito"
"RD-001505","tar","Napé","Vi","Napé","nape","","Vi","1. Juntarse 2. Juntarse (casar)","[]","[]","","SRC-02[61]","Autorizada para difusión","Pendiente de validación lingüística","Transcrito"
"RD-001506","tar","Napéa","Adv","Napéa","napea","","Adv","También, con, juntos","[]","[]","","SRC-02[61]","Autorizada para difusión","Pendiente de validación lingüística","Transcrito"
"RD-001507","tar","Napichi","","Napichi","napichi","","Sin clasificar","En la chimenea, en la lumbre","[]","[]","","SRC-02[61]","Autorizada para difusión","Pendiente de validación lingüística","Transcrito"
"RD-001508","tar","Napihua","Vt","1Napihua","napihua","1","Vt","Escardar, deshierbar con azadón","[]","[]","","SRC-02[61]","Autorizada para difusión","Pendiente de validación lingüística","Transcrito"
"RD-001509","tar","Napihua","Vt","2Napihua","napihua","2","Vt","Hacer nixtamal","[]","[]","","SRC-02[61]","Autorizada para difusión","Pendiente de validación lingüística","Transcrito"
"RD-001510","tar","Napíhuari","S","Napíhuari","napihuari","","S","Nixtamal","[]","[]","","SRC-02[61]","Autorizada para difusión","Pendiente de validación lingüística","Transcrito"
"RD-001511","tar","Napisó","","Napisó","napiso","","Sin clasificar","1. s Polvo, ceniza 2. vr Pegarse con cenizas","[]","[]","","SRC-02[61]","Autorizada para difusión","Pendiente de validación lingüística","Transcrito"
"RD-001512","tar","Napó","","1Napó","napo","1","Sin clasificar","1. vt Deshierbar (con la mano) 2. vi Quebrarse (palos)","[]","[]","","SRC-02[61]","Autorizada para difusión","Pendiente de validación lingüística","Transcrito"
"RD-001513","tar","Napó","S","2Napó","napo","2","S","Tuna","[]","[]","","SRC-02[61]","Autorizada para difusión","Pendiente de validación lingüística","Transcrito"
"RD-001514","tar","Napóami","Adj","Napóami","napoami","","Adj","Clueca","[]","[]","","SRC-02[61]","Autorizada para difusión","Pendiente de validación lingüística","Transcrito"
"RD-001515","tar","Napona","Vt","Napona","napona","","Vt","Quebrar","[]","[]","","SRC-02[62]","Autorizada para difusión","Pendiente de validación lingüística","Transcrito"
"RD-001516","tar","Napora","Vi","Napora","napora","","Vi","Cubrirse la cara","[]","[]","","SRC-02[62]","Autorizada para difusión","Pendiente de validación lingüística","Transcrito"
"RD-001517","tar","Napori","S","Napori","napori","","S","Pañuelo, lienzo","[]","[]","","SRC-02[62]","Autorizada para difusión","Pendiente de validación lingüística","Transcrito"
"RD-001518","tar","Napota","","Napota","napota","","Sin clasificar","1. vi Enclocarse (gallina) 2. vt Empollar","[]","[]","","SRC-02[62]","Autorizada para difusión","Pendiente de validación lingüística","Transcrito"
"RD-001519","tar","Napuchi","S","Napuchi","napuchi","","S","Puerto (entre las montañas)","[]","[]","","SRC-02[62]","Autorizada para difusión","Pendiente de validación lingüística","Transcrito"
"RD-001520","tar","Naqué","Vi","Naqué","naque","","Vi","Tener oídos","[]","[]","","SRC-02[62]","Autorizada para difusión","Pendiente de validación lingüística","Transcrito"
"RD-001521","tar","Naquétari","Adj","Naquétari","naquetari","","Adj","1. adj Sordo 2. Que tiene orejas (muy largas o muy chicas)","[]","[]","","SRC-02[62]","Autorizada para difusión","Pendiente de validación lingüística","Transcrito"
"RD-001522","tar","Naquí","Vi","Naquí","naqui","","Vi","Querer, desear","[]","[]","","SRC-02[62]","Autorizada para difusión","Pendiente de validación lingüística","Transcrito"
"RD-001523","tar","Naquibú","Vt pl","Naquibú","naquibu","","Vt","Amarrar juntos","[]","[]","","SRC-02[62]","Autorizada para difusión","Pendiente de validación lingüística","Transcrito"
"RD-001524","tar","Naquichí","Vi pl","Naquichí","naquichi","","Vi","1. Despreciar 2. Odiar","[]","[]","","SRC-02[62]","Autorizada para difusión","Pendiente de validación lingüística","Transcrito"
"RD-001525","tar","Naquihui","Vt","Naquihui","naquihui","","Vt","Permitir","[]","[]","","SRC-02[62]","Autorizada para difusión","Pendiente de validación lingüística","Transcrito"
"RD-001526","tar","Nará","Vi sing","Nará","nara","","Vi","Llorar","[]","[]","","SRC-02[62]","Autorizada para difusión","Pendiente de validación lingüística","Transcrito"
"RD-001527","tar","Narácuri","S","Narácuri","naracuri","","S","Caracol","[]","[]","","SRC-02[62]","Autorizada para difusión","Pendiente de validación lingüística","Transcrito"
"RD-001528","tar","Naraquéami","S","Naraquéami","naraqueami","","S","Llorón","[]","[]","","SRC-02[62]","Autorizada para difusión","Pendiente de validación lingüística","Transcrito"
"RD-001529","tar","Narasi","S","Narasi","narasi","","S","Naranja","[]","[]","","SRC-02[62]","Autorizada para difusión","Pendiente de validación lingüística","Transcrito"
"RD-001530","tar","Naré","Vt","Naré","nare","","Vt","Recibir, aceptar","[]","[]","","SRC-02[62]","Autorizada para difusión","Pendiente de validación lingüística","Transcrito"
"RD-001531","tar","Narepa","Vt","Narepa","narepa","","Vt","Saludar (con la mano, tocando el hombro)","[]","[]","","SRC-02[62]","Autorizada para difusión","Pendiente de validación lingüística","Transcrito"
"RD-001532","tar","Na’rí","Vi","Na’rí","na'ri","","Vi","Quebrarse (palo, pierna, cuerno)","[]","[]","","SRC-02[62]","Autorizada para difusión","Pendiente de validación lingüística","Transcrito"
"RD-001533","tar","Nari","","Nari","nari","","Sin clasificar","Éste, ésta","[]","[]","","SRC-02[62]","Autorizada para difusión","Pendiente de validación lingüística","Transcrito"
"RD-001534","tar","Naribochi, naríhuari, naríiri","S","Naribochi, naríhuari, naríiri","naribochi, narihuari, nariiri","","S","Lobo","[""naríhuari"",""naríiri""]","[]","","SRC-02[62]","Autorizada para difusión","Pendiente de validación lingüística","Transcrito"
"RD-001535","tar","Narina","Adv","Narina","narina","","Adv","Lugar cerca (en el mismo nivel)","[]","[]","","SRC-02[62]","Autorizada para difusión","Pendiente de validación lingüística","Transcrito"
"RD-001536","tar","Na’rina","Vt","Na’rina","na'rina","","Vt","Quebrar","[]","[]","","SRC-02[62]","Autorizada para difusión","Pendiente de validación lingüística","Transcrito"
"RD-001537","tar","Narírahui","Adv","Narírahui","narirahui","","Adv","Lugar cerca (en el mismo nivel, escondido)","[]","[]","","SRC-02[62]","Autorizada para difusión","Pendiente de validación lingüística","Transcrito"
"RD-001538","tar","Na’rohua","Prep","Na’rohua","na'rohua","","Prep","1. Con, también 2. Mezclado con","[]","[]","","SRC-02[62]","Autorizada para difusión","Pendiente de validación lingüística","Transcrito"
"RD-001539","tar","Narúchari","s","Narúchari","naruchari","","S","Araña","[]","[]","","SRC-02[62]","Autorizada para difusión","Pendiente de validación lingüística","Transcrito"
"RD-001540","tar","Nasayera","Vi","Nasayera","nasayera","","Vi","Hacerse enemigos","[]","[]","","SRC-02[62]","Autorizada para difusión","Pendiente de validación lingüística","Transcrito"
"RD-001541","tar","Nasina, nasinácuri","Vi","Nasina, nasinácuri","nasina, nasinacuri","","Vi","Tener flojera","[""nasinácuri""]","[]","","SRC-02[62]","Autorizada para difusión","Pendiente de validación lingüística","Transcrito"
"RD-001542","tar","Nasínami","Adj","Nasínami","nasinami","","Adj","Perezoso","[]","[]","","SRC-02[62]","Autorizada para difusión","Pendiente de validación lingüística","Transcrito"
"RD-001543","tar","Nasipa","Adj","Nasipa","nasipa","","Adj","Medio","[]","[]","","SRC-02[62]","Autorizada para difusión","Pendiente de validación lingüística","Transcrito"
"RD-001544","tar","Nasipasí","S","Nasipasí","nasipasi","","S","Miércoles","[]","[]","","SRC-02[62]","Autorizada para difusión","Pendiente de validación lingüística","Transcrito"
"RD-001545","tar","Nasó","Vt","1Nasó","naso","1","Vt","Guardar, esconder","[]","[]","","SRC-02[62]","Autorizada para difusión","Pendiente de validación lingüística","Transcrito"
"RD-001546","tar","Nasó","Vi","2Nasó","naso","2","Vi","Mezclarse, revolver","[]","[]","","SRC-02[62]","Autorizada para difusión","Pendiente de validación lingüística","Transcrito"
"RD-001547","tar","Nasóami","Adj","Nasóami","nasoami","","Adj","Revuelto","[]","[]","","SRC-02[62]","Autorizada para difusión","Pendiente de validación lingüística","Transcrito"
"RD-001548","tar","Nasohua","Vt","Nasohua","nasohua","","Vt","Mezclar","[]","[]","","SRC-02[62]","Autorizada para difusión","Pendiente de validación lingüística","Transcrito"
"RD-001549","tar","‘Nata","Vi","‘Nata","'nata","","Vi","Pensar","[]","[]","","SRC-02[62]","Autorizada para difusión","Pendiente de validación lingüística","Transcrito"
"RD-001550","tar","Natabú","Vt","Natabú","natabu","","Vt","Perforar, taladrar","[]","[]","","SRC-02[62]","Autorizada para difusión","Pendiente de validación lingüística","Transcrito"
"RD-001551","tar","Nataguésuri","Adj","Nataguésuri","nataguesuri","","Adj","Tonto (no piensa bien)","[]","[]","","SRC-02[62]","Autorizada para difusión","Pendiente de validación lingüística","Transcrito"
"RD-001552","tar","Natahuí","Vi","Natahuí","natahui","","Vi","Salir por el otro lado (después de perforarlo)","[]","[]","","SRC-02[62]","Autorizada para difusión","Pendiente de validación lingüística","Transcrito"
"RD-001553","tar","‘Nátami","Adj","‘Nátami","'natami","","Adj","Pensador, inteligente","[]","[]","","SRC-02[63]","Autorizada para difusión","Pendiente de validación lingüística","Transcrito"
"RD-001554","tar","‘Nate","Adv","‘Nate","'nate","","Adv","Difícil, trabajoso","[]","[]","","SRC-02[63]","Autorizada para difusión","Pendiente de validación lingüística","Transcrito"
"RD-001555","tar","Natéami","Adj","Natéami","nateami","","Adj","Costoso, que vale","[]","[]","","SRC-02[63]","Autorizada para difusión","Pendiente de validación lingüística","Transcrito"
"RD-001556","tar","Nateguí","","Nateguí","nategui","","Sin clasificar","Cuesta","[]","[]","","SRC-02[63]","Autorizada para difusión","Pendiente de validación lingüística","Transcrito"
"RD-001557","tar","Natepa","Vt","Natepa","natepa","","Vt","Encontrar","[]","[]","","SRC-02[63]","Autorizada para difusión","Pendiente de validación lingüística","Transcrito"
"RD-001558","tar","Natépari","S","Natépari","natepari","","S","Listón (para el cabello)","[]","[]","","SRC-02[63]","Autorizada para difusión","Pendiente de validación lingüística","Transcrito"
"RD-001559","tar","Nateta","Vt","Nateta","nateta","","Vt","Pagar","[]","[]","","SRC-02[63]","Autorizada para difusión","Pendiente de validación lingüística","Transcrito"
"RD-001560","tar","Natétarahua","Vt","Natétarahua","natetarahua","","Vt","Pagar","[]","[]","","SRC-02[63]","Autorizada para difusión","Pendiente de validación lingüística","Transcrito"
"RD-001561","tar","Natibú","Vt","Natibú","natibu","","Vt","Atajar","[]","[]","","SRC-02[63]","Autorizada para difusión","Pendiente de validación lingüística","Transcrito"
"RD-001562","tar","Natigara","S","Natigara","natigara","","S","Paga, valor","[]","[]","","SRC-02[63]","Autorizada para difusión","Pendiente de validación lingüística","Transcrito"
"RD-001563","tar","Natiguí, nateguí","Vi","Natiguí, nateguí","natigui, nategui","","Vi","Valer, costar","[""nateguí""]","[]","","SRC-02[63]","Autorizada para difusión","Pendiente de validación lingüística","Transcrito"
"RD-001564","tar","Natimá","Vi","Natimá","natima","","Vi","Tener lástima o compasión, compadecer","[]","[]","","SRC-02[63]","Autorizada para difusión","Pendiente de validación lingüística","Transcrito"
"RD-001565","tar","Natipama","","Natipama","natipama","","Sin clasificar","Encontrará","[]","[]","","SRC-02[63]","Autorizada para difusión","Pendiente de validación lingüística","Transcrito"
"RD-001566","tar","Nayá","Adv","Nayá","naya","","Adv","Mucho antes","[]","[]","","SRC-02[63]","Autorizada para difusión","Pendiente de validación lingüística","Transcrito"
"RD-001567","tar","Nayáhuari","S","Nayáhuari","nayahuari","","S","Antepasado","[]","[]","","SRC-02[63]","Autorizada para difusión","Pendiente de validación lingüística","Transcrito"
"RD-001568","tar","‘Nayáhuari","","‘Nayáhuari","'nayahuari","","Sin clasificar","Almas de los antepasados","[]","[]","","SRC-02[63]","Autorizada para difusión","Pendiente de validación lingüística","Transcrito"
"RD-001569","tar","Nayú","Vi","Nayú","nayu","","Vi","Enfermarse, estar enfermo","[]","[]","","SRC-02[63]","Autorizada para difusión","Pendiente de validación lingüística","Transcrito"
"RD-001570","tar","Nayúami","Adj","Nayúami","nayuami","","Adj","Enfermo","[]","[]","","SRC-02[63]","Autorizada para difusión","Pendiente de validación lingüística","Transcrito"
"RD-001571","tar","Nayurí","S","Nayurí","nayuri","","S","Enfermedad","[]","[]","","SRC-02[63]","Autorizada para difusión","Pendiente de validación lingüística","Transcrito"
"RD-001572","tar","Nayuta","Vt","Nayuta","nayuta","","Vt","Poner enfermo","[]","[]","","SRC-02[63]","Autorizada para difusión","Pendiente de validación lingüística","Transcrito"
"RD-001573","tar","‘Né","Vt","‘Né","'ne","","Vt","Ver","[]","[]","","SRC-02[63]","Autorizada para difusión","Pendiente de validación lingüística","Transcrito"
"RD-001574","tar","‘Ne","Vt","‘Ne","'ne","","Vt","Mirar, observar","[]","[]","","SRC-02[63]","Autorizada para difusión","Pendiente de validación lingüística","Transcrito"
"RD-001575","tar","‘Nécohuachi","","‘Nécohuachi","'necohuachi","","Sin clasificar","Cuando estaban viéndolo","[]","[]","","SRC-02[63]","Autorizada para difusión","Pendiente de validación lingüística","Transcrito"
"RD-001576","tar","Néchigo","adj","Néchigo","nechigo","","Adj","Igual","[]","[]","","SRC-02[63]","Autorizada para difusión","Pendiente de validación lingüística","Transcrito"
"RD-001577","tar","Née","Vt","Née","nee","","Vt","Usar","[]","[]","","SRC-02[63]","Autorizada para difusión","Pendiente de validación lingüística","Transcrito"
"RD-001578","tar","Nehuará","Vi","Nehuará","nehuara","","Vi","Acordarse, recordar","[]","[]","","SRC-02[63]","Autorizada para difusión","Pendiente de validación lingüística","Transcrito"
"RD-001579","tar","Nehuarábanari","Vt pret","Nehuarábanari","nehuarabanari","","Vt","Hacer recordar","[]","[]","","SRC-02[63]","Autorizada para difusión","Pendiente de validación lingüística","Transcrito"
"RD-001580","tar","Nehuaré","Vt","Nehuaré","nehuare","","Vt","Necesitar, hacer falta","[]","[]","","SRC-02[63]","Autorizada para difusión","Pendiente de validación lingüística","Transcrito"
"RD-001581","tar","Nehuarita","Vi","Nehuarita","nehuarita","","Vi","Solamente se usa en sentido negativo; p. ej.: que nehuarita. Está loco, no piensa bien","[]","[]","","SRC-02[63]","Autorizada para difusión","Pendiente de validación lingüística","Transcrito"
"RD-001582","tar","Nehuiquí","","Nehuiquí","nehuiqui","","Sin clasificar","Solamente se usa en sentido negativo; p. ej.: que nehuiquiri. Se desapareció","[]","[]","","SRC-02[63]","Autorizada para difusión","Pendiente de validación lingüística","Transcrito"
"RD-001583","tar","‘Nena","Vi","‘Nena","'nena","","Vi","Estar mirando","[]","[]","","SRC-02[63]","Autorizada para difusión","Pendiente de validación lingüística","Transcrito"
"RD-001584","tar","‘Neni","Vi","‘Neni","'neni","","Vi","Mirar","[]","[]","","SRC-02[63]","Autorizada para difusión","Pendiente de validación lingüística","Transcrito"
"RD-001585","tar","Ne’ogá","S","Ne’ogá","ne'oga","","S","Voz","[]","[]","","SRC-02[63]","Autorizada para difusión","Pendiente de validación lingüística","Transcrito"
"RD-001586","tar","Ne’ogué","Vi","Ne’ogué","ne'ogue","","Vi","1. Hablar malas cosas 2. Ser hablador","[]","[]","","SRC-02[63]","Autorizada para difusión","Pendiente de validación lingüística","Transcrito"
"RD-001587","tar","Nepi","Adv","Nepi","nepi","","Adv","Muchísimo","[]","[]","","SRC-02[63]","Autorizada para difusión","Pendiente de validación lingüística","Transcrito"
"RD-001588","tar","‘Nera","Vt","‘Nera","'nera","","Vt","Mostrar","[]","[]","","SRC-02[63]","Autorizada para difusión","Pendiente de validación lingüística","Transcrito"
"RD-001589","tar","Ni biré","","Ni biré","ni bire","","Sin clasificar","Ni uno","[]","[]","","SRC-02[63]","Autorizada para difusión","Pendiente de validación lingüística","Transcrito"
"RD-001590","tar","Nicá","Vi","Nicá","nica","","Vi","Ladrar","[]","[]","","SRC-02[63]","Autorizada para difusión","Pendiente de validación lingüística","Transcrito"
"RD-001591","tar","Nicahuera","Vi","Nicahuera","nicahuera","","Vi","Estar orgulloso, vanagloriarse","[]","[]","","SRC-02[63]","Autorizada para difusión","Pendiente de validación lingüística","Transcrito"
"RD-001592","tar","Nicóami","S","Nicóami","nicoami","","S","Asesino, homicida","[]","[]","","SRC-02[63]","Autorizada para difusión","Pendiente de validación lingüística","Transcrito"
"RD-001593","tar","Nicumé","Vi","Nicumé","nicume","","Vi","Hacer estorbo","[]","[]","","SRC-02[63]","Autorizada para difusión","Pendiente de validación lingüística","Transcrito"
"RD-001594","tar","‘Nigá","","‘Nigá","'niga","","Sin clasificar","Viéndolo, mirándolo","[]","[]","","SRC-02[64]","Autorizada para difusión","Pendiente de validación lingüística","Transcrito"
"RD-001595","tar","Nigúura","Vt","Nigúura","niguura","","Vt","Ayudar, salvar","[]","[]","","SRC-02[64]","Autorizada para difusión","Pendiente de validación lingüística","Transcrito"
"RD-001596","tar","Nihuá","Vt","Nihuá","nihua","","Vt","Hacer","[]","[]","","SRC-02[64]","Autorizada para difusión","Pendiente de validación lingüística","Transcrito"
"RD-001597","tar","Nihua","Vt","Nihua","nihua","","Vt","Tener, poseer","[]","[]","","SRC-02[64]","Autorizada para difusión","Pendiente de validación lingüística","Transcrito"
"RD-001598","tar","Níhuami","Adj","Níhuami","nihuami","","Adj","Poseedor, rico","[]","[]","","SRC-02[64]","Autorizada para difusión","Pendiente de validación lingüística","Transcrito"
"RD-001599","tar","Níhuara","","Níhuara","nihuara","","Sin clasificar","(posesión)","[]","[]","","SRC-02[64]","Autorizada para difusión","Pendiente de validación lingüística","Transcrito"
"RD-001600","tar","Nihuaríhua","Vi","Nihuaríhua","nihuarihua","","Vi","Hacerse","[]","[]","","SRC-02[64]","Autorizada para difusión","Pendiente de validación lingüística","Transcrito"
"RD-001601","tar","Níhuata, níhuita","Vi","Níhuata, níhuita","nihuata, nihuita","","Vi","Estar haciéndose rico","[""níhuita""]","[]","","SRC-02[64]","Autorizada para difusión","Pendiente de validación lingüística","Transcrito"
"RD-001602","tar","Ni’huí","Vi","Ni’huí","ni'hui","","Vi","Relampaguear","[]","[]","","SRC-02[64]","Autorizada para difusión","Pendiente de validación lingüística","Transcrito"
"RD-001603","tar","Nihuíami","S","Nihuíami","nihuiami","","S","Comprador de maíz","[]","[]","","SRC-02[64]","Autorizada para difusión","Pendiente de validación lingüística","Transcrito"
"RD-001604","tar","Nihuícohua","Vi","Nihuícohua","nihuicohua","","Vi","Casarse","[]","[]","","SRC-02[64]","Autorizada para difusión","Pendiente de validación lingüística","Transcrito"
"RD-001605","tar","Nihuíi","Vt","Nihuíi","nihuii","","Vt","Hacer (alguna cosa)","[]","[]","","SRC-02[64]","Autorizada para difusión","Pendiente de validación lingüística","Transcrito"
"RD-001606","tar","Níhuita","","Níhuita","nihuita","","Sin clasificar","Está haciéndose rico","[]","[]","","SRC-02[64]","Autorizada para difusión","Pendiente de validación lingüística","Transcrito"
"RD-001607","tar","Níima","","Níima","niima","","Sin clasificar","Será, estará","[]","[]","","SRC-02[64]","Autorizada para difusión","Pendiente de validación lingüística","Transcrito"
"RD-001608","tar","Nijá","Vt","Nijá","nija","","Vt","Dar, entregar","[]","[]","","SRC-02[64]","Autorizada para difusión","Pendiente de validación lingüística","Transcrito"
"RD-001609","tar","Nijé","Pron","Nijé","nije","","Pron","Yo","[]","[]","","SRC-02[64]","Autorizada para difusión","Pendiente de validación lingüística","Transcrito"
"RD-001610","tar","Nijehua","Vt","Nijehua","nijehua","","Vt","1. Hacer caso 2. Contestar, responder","[]","[]","","SRC-02[64]","Autorizada para difusión","Pendiente de validación lingüística","Transcrito"
"RD-001611","tar","Nijí","Vt","Nijí","niji","","Vt","Dar, entregar, obsequiar","[]","[]","","SRC-02[64]","Autorizada para difusión","Pendiente de validación lingüística","Transcrito"
"RD-001612","tar","Nijímoruri","Vt","Nijímoruri","nijimoruri","","Vt","Le había dicho que le iba a dar","[]","[]","","SRC-02[64]","Autorizada para difusión","Pendiente de validación lingüística","Transcrito"
"RD-001613","tar","Nijirapa","Vi sing","Nijirapa","nijirapa","","Vi","Estar luchando","[]","[]","","SRC-02[64]","Autorizada para difusión","Pendiente de validación lingüística","Transcrito"
"RD-001614","tar","Nijiyama","Vi fut","Nijiyama","nijiyama","","Vi","Hacer caso, responder","[]","[]","","SRC-02[64]","Autorizada para difusión","Pendiente de validación lingüística","Transcrito"
"RD-001615","tar","Nijiyárama","Vi fut","Nijiyárama","nijiyarama","","Vi","Obedecer","[]","[]","","SRC-02[64]","Autorizada para difusión","Pendiente de validación lingüística","Transcrito"
"RD-001616","tar","Nijohua","Vt","Nijohua","nijohua","","Vt","Invitar (a ayudar en el trabajo)","[]","[]","","SRC-02[64]","Autorizada para difusión","Pendiente de validación lingüística","Transcrito"
"RD-001617","tar","Nijóhua","Vt","Nijóhua","nijohua","","Vt","Invitar (para tomar tesgüino)","[]","[]","","SRC-02[64]","Autorizada para difusión","Pendiente de validación lingüística","Transcrito"
"RD-001618","tar","Ni’mayé","Vi","Ni’mayé","ni'maye","","Vi","Tener celos","[]","[]","","SRC-02[64]","Autorizada para difusión","Pendiente de validación lingüística","Transcrito"
"RD-001619","tar","Ni’mayéami","Adj","Ni’mayéami","ni'mayeami","","Adj","Celoso","[]","[]","","SRC-02[64]","Autorizada para difusión","Pendiente de validación lingüística","Transcrito"
"RD-001620","tar","Nimí","Pron","Nimí","nimi","","Pron","Yo a ti","[]","[]","","SRC-02[64]","Autorizada para difusión","Pendiente de validación lingüística","Transcrito"
"RD-001621","tar","Nimica","Vt","Nimica","nimica","","Vt","Contradecir","[]","[]","","SRC-02[64]","Autorizada para difusión","Pendiente de validación lingüística","Transcrito"
"RD-001622","tar","‘Niná","Vt","‘Niná","'nina","","Vt","Ver","[]","[]","","SRC-02[64]","Autorizada para difusión","Pendiente de validación lingüística","Transcrito"
"RD-001623","tar","Nipá","Vt","Nipá","nipa","","Vt","Cobrar","[]","[]","","SRC-02[64]","Autorizada para difusión","Pendiente de validación lingüística","Transcrito"
"RD-001624","tar","Nipáami","S","Nipáami","nipaami","","S","Cobrador","[]","[]","","SRC-02[64]","Autorizada para difusión","Pendiente de validación lingüística","Transcrito"
"RD-001625","tar","Niquí","Vt","Niquí","niqui","","Vt","Picar","[]","[]","","SRC-02[64]","Autorizada para difusión","Pendiente de validación lingüística","Transcrito"
"RD-001626","tar","Niquíami","S","Niquíami","niquiami","","S","Picador","[]","[]","","SRC-02[64]","Autorizada para difusión","Pendiente de validación lingüística","Transcrito"
"RD-001627","tar","Niquiyá","Vi pl","Niquiyá","niquiya","","Vi","Aullar (perros)","[]","[]","","SRC-02[64]","Autorizada para difusión","Pendiente de validación lingüística","Transcrito"
"RD-001628","tar","Nirá","Vi","Nirá","nira","","Vi","1. Parecer bien 2. Respetar","[]","[]","","SRC-02[64]","Autorizada para difusión","Pendiente de validación lingüística","Transcrito"
"RD-001629","tar","Niráa","Adv","Niráa","niraa","","Adv","Como","[]","[]","","SRC-02[64]","Autorizada para difusión","Pendiente de validación lingüística","Transcrito"
"RD-001630","tar","Níraga","Vi","Níraga","niraga","","Vi","Ser","[]","[]","","SRC-02[64]","Autorizada para difusión","Pendiente de validación lingüística","Transcrito"
"RD-001631","tar","Nírasi","Imper","Nírasi","nirasi","","Imper","Sean","[]","[]","","SRC-02[64]","Autorizada para difusión","Pendiente de validación lingüística","Transcrito"
"RD-001632","tar","Nírata","Vt","Nírata","nirata","","Vt","Animar, dar fe","[]","[]","","SRC-02[64]","Autorizada para difusión","Pendiente de validación lingüística","Transcrito"
"RD-001633","tar","Níriami","Adj","Níriami","niriami","","Adj","Jactancioso, vanidoso","[]","[]","","SRC-02[64]","Autorizada para difusión","Pendiente de validación lingüística","Transcrito"
"RD-001634","tar","Nirú","Vi","Nirú","niru","","Vi","Hay","[]","[]","","SRC-02[64]","Autorizada para difusión","Pendiente de validación lingüística","Transcrito"
"RD-001635","tar","Nisé","Vt","Nisé","nise","","Vt","Cuidar, pastorear","[]","[]","","SRC-02[64]","Autorizada para difusión","Pendiente de validación lingüística","Transcrito"
"RD-001636","tar","Niséami","S","Niséami","niseami","","S","Pastor","[]","[]","","SRC-02[64]","Autorizada para difusión","Pendiente de validación lingüística","Transcrito"
"RD-001637","tar","Nitapa","Vt","Nitapa","nitapa","","Vt","1. Empujar (bueyes) 2. Aplastar","[]","[]","","SRC-02[64]","Autorizada para difusión","Pendiente de validación lingüística","Transcrito"
"RD-001638","tar","Nité","Vi","Nité","nite","","Vi","Patear (animal)","[]","[]","","SRC-02[65]","Autorizada para difusión","Pendiente de validación lingüística","Transcrito"
"RD-001639","tar","Nitoba","Vi","Nitoba","nitoba","","Vi","Adelantarse","[]","[]","","SRC-02[65]","Autorizada para difusión","Pendiente de validación lingüística","Transcrito"
"RD-001640","tar","Ni’yoca","Vi","Ni’yoca","ni'yoca","","Vi","Hacer sonidos (con la voz)","[]","[]","","SRC-02[65]","Autorizada para difusión","Pendiente de validación lingüística","Transcrito"
"RD-001641","tar","Ni’yúbana","Vt","Ni’yúbana","ni'yubana","","Vt","Soltar","[]","[]","","SRC-02[65]","Autorizada para difusión","Pendiente de validación lingüística","Transcrito"
"RD-001642","tar","Ni’yura","Vi","Ni’yura","ni'yura","","Vi","Vencer, ganar","[]","[]","","SRC-02[65]","Autorizada para difusión","Pendiente de validación lingüística","Transcrito"
"RD-001643","tar","Ni’yusa","Vi","Ni’yusa","ni'yusa","","Vi","Soltarse, escaparse","[]","[]","","SRC-02[65]","Autorizada para difusión","Pendiente de validación lingüística","Transcrito"
"RD-001644","tar","No","S","1No","no","1","S","Hijo (en relación al padre)","[]","[]","","SRC-02[65]","Autorizada para difusión","Pendiente de validación lingüística","Transcrito"
"RD-001645","tar","No","Vt","2No","no","2","Vt","Confiar","[]","[]","","SRC-02[65]","Autorizada para difusión","Pendiente de validación lingüística","Transcrito"
"RD-001646","tar","No’","Vt","No’","no'","","Vt","Admirar","[]","[]","","SRC-02[65]","Autorizada para difusión","Pendiente de validación lingüística","Transcrito"
"RD-001647","tar","Nocá","Vi","Nocá","noca","","Vi","Moverse","[]","[]","","SRC-02[65]","Autorizada para difusión","Pendiente de validación lingüística","Transcrito"
"RD-001648","tar","Nocohué","Vi","Nocohué","nocohue","","Vi","Moverse","[]","[]","","SRC-02[65]","Autorizada para difusión","Pendiente de validación lingüística","Transcrito"
"RD-001649","tar","Nocuá","Vi","Nocuá","nocua","","Vi","Moverse, temblar","[]","[]","","SRC-02[65]","Autorizada para difusión","Pendiente de validación lingüística","Transcrito"
"RD-001650","tar","Nocuáami","S","Nocuáami","nocuaami","","S","Que se puede mover","[]","[]","","SRC-02[65]","Autorizada para difusión","Pendiente de validación lingüística","Transcrito"
"RD-001651","tar","Nocuara","Vt pret","Nocuara","nocuara","","Vt","Mover (ir)","[]","[]","","SRC-02[65]","Autorizada para difusión","Pendiente de validación lingüística","Transcrito"
"RD-001652","tar","Nocuíchane","Vi pret","Nocuíchane","nocuichane","","Vi","Comezar a decir","[]","[]","","SRC-02[65]","Autorizada para difusión","Pendiente de validación lingüística","Transcrito"
"RD-001653","tar","Nocuisa","Vi sing","Nocuisa","nocuisa","","Vi","Seguir haciendo algo","[]","[]","","SRC-02[65]","Autorizada para difusión","Pendiente de validación lingüística","Transcrito"
"RD-001654","tar","Nochá","Vt","Nochá","nocha","","Vt","Tentar, tocar (con la mano)","[]","[]","","SRC-02[65]","Autorizada para difusión","Pendiente de validación lingüística","Transcrito"
"RD-001655","tar","Nocha","Vi","Nocha","nocha","","Vi","Trabajar","[]","[]","","SRC-02[65]","Autorizada para difusión","Pendiente de validación lingüística","Transcrito"
"RD-001656","tar","Nóchami","S","Nóchami","nochami","","S","Obrero, trabajador","[]","[]","","SRC-02[65]","Autorizada para difusión","Pendiente de validación lingüística","Transcrito"
"RD-001657","tar","Nochara","Vt","Nochara","nochara","","Vt","Poner a trabajar, ocupar","[]","[]","","SRC-02[65]","Autorizada para difusión","Pendiente de validación lingüística","Transcrito"
"RD-001658","tar","Nochárata","Vt","Nochárata","nocharata","","Vt","Emplear","[]","[]","","SRC-02[65]","Autorizada para difusión","Pendiente de validación lingüística","Transcrito"
"RD-001659","tar","Nóchari","Adj","1Nóchari","nochari","1","Adj","Difícil","[]","[]","","SRC-02[65]","Autorizada para difusión","Pendiente de validación lingüística","Transcrito"
"RD-001660","tar","Nóchari","S","2Nóchari","nochari","2","S","Trabajo","[]","[]","","SRC-02[65]","Autorizada para difusión","Pendiente de validación lingüística","Transcrito"
"RD-001661","tar","Nocháisa","","Nocháisa","nochaisa","","Sin clasificar","A trabajar (varios)","[]","[]","","SRC-02[65]","Autorizada para difusión","Pendiente de validación lingüística","Transcrito"
"RD-001662","tar","Noguí, noquí","Adv","Noguí, noquí","nogui, noqui","","Adv","Casi","[""noquí""]","[]","","SRC-02[65]","Autorizada para difusión","Pendiente de validación lingüística","Transcrito"
"RD-001663","tar","Nohua","Vi","Nohua","nohua","","Vi","Tener un hijo (hombre)","[]","[]","","SRC-02[65]","Autorizada para difusión","Pendiente de validación lingüística","Transcrito"
"RD-001664","tar","Nohuí","S","Nohuí","nohui","","S","Gorgojo de la tierra","[]","[]","","SRC-02[65]","Autorizada para difusión","Pendiente de validación lingüística","Transcrito"
"RD-001665","tar","Nóochami","Adj","Nóochami","noochami","","Adj","Orgulloso","[]","[]","","SRC-02[65]","Autorizada para difusión","Pendiente de validación lingüística","Transcrito"
"RD-001666","tar","Noporí","Vt","Noporí","nopori","","Vt","Inundar","[]","[]","","SRC-02[65]","Autorizada para difusión","Pendiente de validación lingüística","Transcrito"
"RD-001667","tar","Noporíbana","Vt","Noporíbana","noporibana","","Vt","Cubrir (con agua)","[]","[]","","SRC-02[65]","Autorizada para difusión","Pendiente de validación lingüística","Transcrito"
"RD-001668","tar","Noqué","Vt","Noqué","noque","","Vt","Mover","[]","[]","","SRC-02[65]","Autorizada para difusión","Pendiente de validación lingüística","Transcrito"
"RD-001669","tar","Noquí","","Noquí","noqui","","Sin clasificar","Casi","[]","[]","","SRC-02[65]","Autorizada para difusión","Pendiente de validación lingüística","Transcrito"
"RD-001670","tar","‘Nora","Vt","‘Nora","'nora","","Vt","Traer","[]","[]","","SRC-02[65]","Autorizada para difusión","Pendiente de validación lingüística","Transcrito"
"RD-001671","tar","Norahua","S","Norahua","norahua","","S","Marchante (uno con quien trata la compra o venta)","[]","[]","","SRC-02[65]","Autorizada para difusión","Pendiente de validación lingüística","Transcrito"
"RD-001672","tar","Noré","Vt","1Noré","nore","1","Vt","Rodear","[]","[]","","SRC-02[65]","Autorizada para difusión","Pendiente de validación lingüística","Transcrito"
"RD-001673","tar","Noré","Vi","2Noré","nore","2","Vi","Estar nublado","[]","[]","","SRC-02[65]","Autorizada para difusión","Pendiente de validación lingüística","Transcrito"
"RD-001674","tar","Noreba","Vi","1Noreba","noreba","1","Vi","Nublarse","[]","[]","","SRC-02[65]","Autorizada para difusión","Pendiente de validación lingüística","Transcrito"
"RD-001675","tar","Noreba","Vt","2Noreba","noreba","2","Vt","Dar vuelta","[]","[]","","SRC-02[65]","Autorizada para difusión","Pendiente de validación lingüística","Transcrito"
"RD-001676","tar","Norera","Vt","Norera","norera","","Vt","Ir alrededor, rodear","[]","[]","","SRC-02[65]","Autorizada para difusión","Pendiente de validación lingüística","Transcrito"
"RD-001677","tar","Norí","S","1Norí","nori","1","S","Nube","[]","[]","","SRC-02[65]","Autorizada para difusión","Pendiente de validación lingüística","Transcrito"
"RD-001678","tar","Norí","S","2Norí","nori","2","S","Vuelta","[]","[]","","SRC-02[65]","Autorizada para difusión","Pendiente de validación lingüística","Transcrito"
"RD-001679","tar","Norigá","Adv","Norigá","noriga","","Adv","Alrededor","[]","[]","","SRC-02[65]","Autorizada para difusión","Pendiente de validación lingüística","Transcrito"
"RD-001680","tar","Norina","Vi","Norina","norina","","Vi","Volver, venir","[]","[]","","SRC-02[65]","Autorizada para difusión","Pendiente de validación lingüística","Transcrito"
"RD-001681","tar","Norira","Vi","Norira","norira","","Vi","Andar dando vueltas","[]","[]","","SRC-02[65]","Autorizada para difusión","Pendiente de validación lingüística","Transcrito"
"RD-001682","tar","Norírahuachi","S","Norírahuachi","norirahuachi","","S","Semana santa","[]","[]","","SRC-02[66]","Autorizada para difusión","Pendiente de validación lingüística","Transcrito"
"RD-001683","tar","Norohuí","Vi","Norohuí","norohui","","Vi","Ocultarse (al pasar al otro lado)","[]","[]","","SRC-02[66]","Autorizada para difusión","Pendiente de validación lingüística","Transcrito"
"RD-001684","tar","Norohuiri","Vi","Norohuiri","norohuiri","","Vi","Desaparecerse (al pasar al otro lado del cerro)","[]","[]","","SRC-02[66]","Autorizada para difusión","Pendiente de validación lingüística","Transcrito"
"RD-001685","tar","Nosobú","Vt","Nosobú","nosobu","","Vt","Descomponer, echar a perder","[]","[]","","SRC-02[66]","Autorizada para difusión","Pendiente de validación lingüística","Transcrito"
"RD-001686","tar","Nosohuí","Vi","Nosohuí","nosohui","","Vi","Descomponerse","[]","[]","","SRC-02[66]","Autorizada para difusión","Pendiente de validación lingüística","Transcrito"
"RD-001687","tar","Nuchuguéami","Pp","Nuchuguéami","nuchugueami","","Pp","Que sigue a otro constantemente porque lo quiere","[]","[]","","SRC-02[66]","Autorizada para difusión","Pendiente de validación lingüística","Transcrito"
"RD-001688","tar","Nurá","Vi","Nurá","nura","","Vi","Mandar, ordenar","[]","[]","","SRC-02[66]","Autorizada para difusión","Pendiente de validación lingüística","Transcrito"
"RD-001689","tar","Nuraríhuami","S","Nuraríhuami","nurarihuami","","S","Ley, mandamiento","[]","[]","","SRC-02[66]","Autorizada para difusión","Pendiente de validación lingüística","Transcrito"
"RD-001690","tar","Nuré","Vt","Nuré","nure","","Vt","Mandar (a otro)","[]","[]","","SRC-02[66]","Autorizada para difusión","Pendiente de validación lingüística","Transcrito"
"RD-001691","tar","Nuréami","S","Nuréami","nureami","","S","El que manda (a otro)","[]","[]","","SRC-02[66]","Autorizada para difusión","Pendiente de validación lingüística","Transcrito"
"RD-001692","tar","Nuté","Vt","Nuté","nute","","Vt","1. Guardar, retener 2. Alzar 3. Tener comida","[]","[]","","SRC-02[66]","Autorizada para difusión","Pendiente de validación lingüística","Transcrito"
"RD-001693","tar","Nutugá","S","Nutugá","nutuga","","S","Lonche, merienda","[]","[]","","SRC-02[66]","Autorizada para difusión","Pendiente de validación lingüística","Transcrito"
"RD-001694","tar","Ocó","Vi","1Ocó","oco","1","Vi","Doler","[]","[]","","SRC-02[66]","Autorizada para difusión","Pendiente de validación lingüística","Transcrito"
"RD-001695","tar","Ocó","S","2Ocó","oco","2","S","Pino","[]","[]","","SRC-02[66]","Autorizada para difusión","Pendiente de validación lingüística","Transcrito"
"RD-001696","tar","Ocochí","Vi pl","Ocochí","ocochi","","Vi","Dormir","[]","[]","","SRC-02[66]","Autorizada para difusión","Pendiente de validación lingüística","Transcrito"
"RD-001697","tar","Ocohuí","S","Ocohuí","ocohui","","S","Corcové","[]","[]","","SRC-02[66]","Autorizada para difusión","Pendiente de validación lingüística","Transcrito"
"RD-001698","tar","Oconá","","Oconá","ocona","","Sin clasificar","En dos partes","[]","[]","","SRC-02[66]","Autorizada para difusión","Pendiente de validación lingüística","Transcrito"
"RD-001699","tar","Ocósuhui","S","Ocósuhui","ocosuhui","","S","Hojarasca de pino","[]","[]","","SRC-02[66]","Autorizada para difusión","Pendiente de validación lingüística","Transcrito"
"RD-001700","tar","Ocuá","Prep","1Ocuá","ocua","1","Prep","De (desde)","[]","[]","","SRC-02[66]","Autorizada para difusión","Pendiente de validación lingüística","Transcrito"
"RD-001701","tar","Ocuá","Adj","2Ocuá","ocua","2","Adj","Dos","[]","[]","","SRC-02[66]","Autorizada para difusión","Pendiente de validación lingüística","Transcrito"
"RD-001702","tar","Ocubá","Vi","Ocubá","ocuba","","Vi","Estar plano","[]","[]","","SRC-02[66]","Autorizada para difusión","Pendiente de validación lingüística","Transcrito"
"RD-001703","tar","Ochébana","Vt","Ochébana","ochebana","","Vt","Criar","[]","[]","","SRC-02[66]","Autorizada para difusión","Pendiente de validación lingüística","Transcrito"
"RD-001704","tar","Ochéi","Vt","Ochéi","ochei","","Vt","Tener huesos","[]","[]","","SRC-02[66]","Autorizada para difusión","Pendiente de validación lingüística","Transcrito"
"RD-001705","tar","Ochera","Vi","Ochera","ochera","","Vi","1. Crecer 2. Envejecer (hombre)","[]","[]","","SRC-02[66]","Autorizada para difusión","Pendiente de validación lingüística","Transcrito"
"RD-001706","tar","‘Ochérami","S pl","‘Ochérami","'ocherami","","S","Viejos, ancianos","[]","[]","","SRC-02[66]","Autorizada para difusión","Pendiente de validación lingüística","Transcrito"
"RD-001707","tar","Ochérami","","Ochérami","ocherami","","Sin clasificar","1. adj Viejo (de hombres) 2. s Un viejo","[]","[]","","SRC-02[66]","Autorizada para difusión","Pendiente de validación lingüística","Transcrito"
"RD-001708","tar","Ochí","S","Ochí","ochi","","S","Hueso","[]","[]","","SRC-02[66]","Autorizada para difusión","Pendiente de validación lingüística","Transcrito"
"RD-001709","tar","Ochícari","S","Ochícari","ochicari","","S","1. Abuelo paterno 2. Nieto (del abuelo paterno)","[]","[]","","SRC-02[66]","Autorizada para difusión","Pendiente de validación lingüística","Transcrito"
"RD-001710","tar","Ochó","Vt","Ochó","ocho","","Vt","Pegar (con la mano)","[]","[]","","SRC-02[66]","Autorizada para difusión","Pendiente de validación lingüística","Transcrito"
"RD-001711","tar","Ochobé","Vt","Ochobé","ochobe","","Vt","Chamuscar","[]","[]","","SRC-02[66]","Autorizada para difusión","Pendiente de validación lingüística","Transcrito"
"RD-001712","tar","Ochobeta","Vi","Ochobeta","ochobeta","","Vi","Quemarse (comida o alguna cosa dejada cerca de la lumbre)","[]","[]","","SRC-02[66]","Autorizada para difusión","Pendiente de validación lingüística","Transcrito"
"RD-001713","tar","Ochoréami","Adj","Ochoréami","ochoreami","","Adj","Mugriento","[]","[]","","SRC-02[66]","Autorizada para difusión","Pendiente de validación lingüística","Transcrito"
"RD-001714","tar","Ochorí","S","Ochorí","ochori","","S","Barro","[]","[]","","SRC-02[66]","Autorizada para difusión","Pendiente de validación lingüística","Transcrito"
"RD-001715","tar","Ohuá","S","Ohuá","ohua","","S","Flecha","[]","[]","","SRC-02[66]","Autorizada para difusión","Pendiente de validación lingüística","Transcrito"
"RD-001716","tar","Ohuáami","S","Ohuáami","ohuaami","","S","Medicina, remedio","[]","[]","","SRC-02[66]","Autorizada para difusión","Pendiente de validación lingüística","Transcrito"
"RD-001717","tar","O’huari","Adj","O’huari","o'huari","","Adj","1. Grande 2. Ruidoso, fuerte, recio","[]","[]","","SRC-02[66]","Autorizada para difusión","Pendiente de validación lingüística","Transcrito"
"RD-001718","tar","O’huéara","S pl","O’huéara","o'hueara","","S","Los grandes, los jefes","[]","[]","","SRC-02[66]","Autorizada para difusión","Pendiente de validación lingüística","Transcrito"
"RD-001719","tar","Ohuí","Vt","Ohuí","ohui","","Vt","Invitar","[]","[]","","SRC-02[66]","Autorizada para difusión","Pendiente de validación lingüística","Transcrito"
"RD-001720","tar","O’huí","Vt","O’huí","o'hui","","Vt","Lazar, enlazar (un animal)","[]","[]","","SRC-02[66]","Autorizada para difusión","Pendiente de validación lingüística","Transcrito"
"RD-001721","tar","O’huibichi","Adj","O’huibichi","o'huibichi","","Adj","Zurdo","[]","[]","","SRC-02[67]","Autorizada para difusión","Pendiente de validación lingüística","Transcrito"
"RD-001722","tar","O’huicha","Vt","O’huicha","o'huicha","","Vt","Levantar (p. ej.: costal de maíz, piedra grande)","[]","[]","","SRC-02[67]","Autorizada para difusión","Pendiente de validación lingüística","Transcrito"
"RD-001723","tar","Ohuina","Vi sing","Ohuina","ohuina","","Vi","Levantarse","[]","[]","","SRC-02[67]","Autorizada para difusión","Pendiente de validación lingüística","Transcrito"
"RD-001724","tar","O’huina","Vi","O’huina","o'huina","","Vi","Comenzar","[]","[]","","SRC-02[67]","Autorizada para difusión","Pendiente de validación lingüística","Transcrito"
"RD-001725","tar","O’huiná","Adj","O’huiná","o'huina","","Adj","Izquierdo","[]","[]","","SRC-02[67]","Autorizada para difusión","Pendiente de validación lingüística","Transcrito"
"RD-001726","tar","O’huiqué","Vt","1O’huiqué","o'huique","1","Vt","Respetar, obedecer","[]","[]","","SRC-02[67]","Autorizada para difusión","Pendiente de validación lingüística","Transcrito"
"RD-001727","tar","O’huiqué","Vt","2O’huiqué","o'huique","2","Vt","Dar comida (regalada)","[]","[]","","SRC-02[67]","Autorizada para difusión","Pendiente de validación lingüística","Transcrito"
"RD-001728","tar","Ohuira","Adj","Ohuira","ohuira","","Adj","Macho","[]","[]","","SRC-02[67]","Autorizada para difusión","Pendiente de validación lingüística","Transcrito"
"RD-001729","tar","Ojuí","S","Ojuí","ojui","","S","Oso","[]","[]","","SRC-02[67]","Autorizada para difusión","Pendiente de validación lingüística","Transcrito"
"RD-001730","tar","Omá","Adv","Omá","oma","","Adv","También","[]","[]","","SRC-02[67]","Autorizada para difusión","Pendiente de validación lingüística","Transcrito"
"RD-001731","tar","O’máana","Adv","O’máana","o'maana","","Adv","En todas partes (donde hay gente)","[]","[]","","SRC-02[67]","Autorizada para difusión","Pendiente de validación lingüística","Transcrito"
"RD-001732","tar","Omahua","Vt pl","Omahua","omahua","","Vt","Hacer fiesta","[]","[]","","SRC-02[67]","Autorizada para difusión","Pendiente de validación lingüística","Transcrito"
"RD-001733","tar","Omáhuari","S","Omáhuari","omahuari","","S","Fiesta","[]","[]","","SRC-02[67]","Autorizada para difusión","Pendiente de validación lingüística","Transcrito"
"RD-001734","tar","Oméachi","S","Oméachi","omeachi","","S","Domingo","[]","[]","","SRC-02[67]","Autorizada para difusión","Pendiente de validación lingüística","Transcrito"
"RD-001735","tar","Omeba","Vt sing","Omeba","omeba","","Vt","Vencer","[]","[]","","SRC-02[67]","Autorizada para difusión","Pendiente de validación lingüística","Transcrito"
"RD-001736","tar","Omée","Vi","1Omée","omee","1","Vi","Ser venenoso","[]","[]","","SRC-02[67]","Autorizada para difusión","Pendiente de validación lingüística","Transcrito"
"RD-001737","tar","Omée","Vi","2Omée","omee","2","Vi","Estar difícil","[]","[]","","SRC-02[67]","Autorizada para difusión","Pendiente de validación lingüística","Transcrito"
"RD-001738","tar","Omérahuami","S","Omérahuami","omerahuami","","S","Poder","[]","[]","","SRC-02[67]","Autorizada para difusión","Pendiente de validación lingüística","Transcrito"
"RD-001739","tar","Omériami","Adj","Omériami","omeriami","","Adj","Poderoso","[]","[]","","SRC-02[67]","Autorizada para difusión","Pendiente de validación lingüística","Transcrito"
"RD-001740","tar","Omero","Vi","Omero","omero","","Vi","Poder","[]","[]","","SRC-02[67]","Autorizada para difusión","Pendiente de validación lingüística","Transcrito"
"RD-001741","tar","O’mona","Vi","O’mona","o'mona","","Vi","Estar triste","[]","[]","","SRC-02[67]","Autorizada para difusión","Pendiente de validación lingüística","Transcrito"
"RD-001742","tar","O’mónami","Adj","O’mónami","o'monami","","Adj","Triste","[]","[]","","SRC-02[67]","Autorizada para difusión","Pendiente de validación lingüística","Transcrito"
"RD-001743","tar","‘Onami","S","‘Onami","'onami","","S","Doctor, médico","[]","[]","","SRC-02[67]","Autorizada para difusión","Pendiente de validación lingüística","Transcrito"
"RD-001744","tar","Oné","Vt","Oné","one","","Vt","Tener padre","[]","[]","","SRC-02[67]","Autorizada para difusión","Pendiente de validación lingüística","Transcrito"
"RD-001745","tar","Onó","S","1Onó","ono","1","S","Padre (del hijo)","[]","[]","","SRC-02[67]","Autorizada para difusión","Pendiente de validación lingüística","Transcrito"
"RD-001746","tar","Onó","Vi","2Onó","ono","2","Vi","Estar enojado","[]","[]","","SRC-02[67]","Autorizada para difusión","Pendiente de validación lingüística","Transcrito"
"RD-001747","tar","O’nogári","Vi pl","O’nogári","o'nogari","","Vi","Tener costumbre de hacerlo","[]","[]","","SRC-02[67]","Autorizada para difusión","Pendiente de validación lingüística","Transcrito"
"RD-001748","tar","Onorúami","S","Onorúami","onoruami","","S","Dios padre","[]","[]","","SRC-02[67]","Autorizada para difusión","Pendiente de validación lingüística","Transcrito"
"RD-001749","tar","O’oyóori","Vi sing","O’oyóori","o'oyoori","","Vi","Tener costumbre de hacerlo","[]","[]","","SRC-02[67]","Autorizada para difusión","Pendiente de validación lingüística","Transcrito"
"RD-001750","tar","Opesi","Vi","Opesi","opesi","","Vi","Vomitar, basquear","[]","[]","","SRC-02[67]","Autorizada para difusión","Pendiente de validación lingüística","Transcrito"
"RD-001751","tar","Opó","Vt","Opó","opo","","Vt","Arrancar, sacar","[]","[]","","SRC-02[67]","Autorizada para difusión","Pendiente de validación lingüística","Transcrito"
"RD-001752","tar","Opoátami","Adj","Opoátami","opoatami","","Adj","Hueco","[]","[]","","SRC-02[67]","Autorizada para difusión","Pendiente de validación lingüística","Transcrito"
"RD-001753","tar","Opochi","S","Opochi","opochi","","S","Tía (hermana menor del padre)","[]","[]","","SRC-02[67]","Autorizada para difusión","Pendiente de validación lingüística","Transcrito"
"RD-001754","tar","Oquiri","S","Oquiri","oquiri","","S","Rata de zacate","[]","[]","","SRC-02[67]","Autorizada para difusión","Pendiente de validación lingüística","Transcrito"
"RD-001755","tar","Orá","Vt","1Orá","ora","1","Vt","Hacer, obrar","[]","[]","","SRC-02[67]","Autorizada para difusión","Pendiente de validación lingüística","Transcrito"
"RD-001756","tar","Orá","Vt","2Orá","ora","2","Vt","Desgranar maíz","[]","[]","","SRC-02[67]","Autorizada para difusión","Pendiente de validación lingüística","Transcrito"
"RD-001757","tar","Orá","Vi","3Orá","ora","3","Vi","Tener filo","[]","[]","","SRC-02[67]","Autorizada para difusión","Pendiente de validación lingüística","Transcrito"
"RD-001758","tar","Oráami","Adj","Oráami","oraami","","Adj","Afilado","[]","[]","","SRC-02[67]","Autorizada para difusión","Pendiente de validación lingüística","Transcrito"
"RD-001759","tar","Orara","Vt","Orara","orara","","Vt","Afilar","[]","[]","","SRC-02[67]","Autorizada para difusión","Pendiente de validación lingüística","Transcrito"
"RD-001760","tar","Orari","Vi pret","Orari","orari","","Vi","Querer","[]","[]","","SRC-02[67]","Autorizada para difusión","Pendiente de validación lingüística","Transcrito"
"RD-001761","tar","Oré","S","Oré","ore","","S","Huella","[]","[]","","SRC-02[67]","Autorizada para difusión","Pendiente de validación lingüística","Transcrito"
"RD-001762","tar","O’rí","Vi","1O’rí","o'ri","1","Vi","Ladear (un pino, un poste)","[]","[]","","SRC-02[67]","Autorizada para difusión","Pendiente de validación lingüística","Transcrito"
"RD-001763","tar","O’rí","S","2O’rí","o'ri","2","S","Español","[]","[]","","SRC-02[67]","Autorizada para difusión","Pendiente de validación lingüística","Transcrito"
"RD-001764","tar","O’rí","Vi","3O’rí","o'ri","3","Vi","Tambalearse","[]","[]","","SRC-02[68]","Autorizada para difusión","Pendiente de validación lingüística","Transcrito"
"RD-001765","tar","Orí","S","1Orí","ori","1","S","Táscate (árbol de la familia del cedro)","[]","[]","","SRC-02[68]","Autorizada para difusión","Pendiente de validación lingüística","Transcrito"
"RD-001766","tar","Orí","Adj","2Orí","ori","2","Adj","Español, mestizo","[]","[]","","SRC-02[68]","Autorizada para difusión","Pendiente de validación lingüística","Transcrito"
"RD-001767","tar","Orí","Vt","3Orí","ori","3","Vt","Hacer así","[]","[]","","SRC-02[68]","Autorizada para difusión","Pendiente de validación lingüística","Transcrito"
"RD-001768","tar","Ori","Vt pret","Ori","ori","","Vt","Curar","[]","[]","","SRC-02[68]","Autorizada para difusión","Pendiente de validación lingüística","Transcrito"
"RD-001769","tar","Orihua","Vi","Orihua","orihua","","Vi","Gemir (perro)","[]","[]","","SRC-02[68]","Autorizada para difusión","Pendiente de validación lingüística","Transcrito"
"RD-001770","tar","O´rina","Vt","1O´rina","o´rina","1","Vt","Ladear","[]","[]","","SRC-02[68]","Autorizada para difusión","Pendiente de validación lingüística","Transcrito"
"RD-001771","tar","O’rina","Vt","2O’rina","o'rina","2","Vt","Quebrar","[]","[]","","SRC-02[68]","Autorizada para difusión","Pendiente de validación lingüística","Transcrito"
"RD-001772","tar","Orique","S","Orique","orique","","S","Plato regional (maíz blando remolido, y cocido en agua como un atole muy espeso)","[]","[]","","SRC-02[68]","Autorizada para difusión","Pendiente de validación lingüística","Transcrito"
"RD-001773","tar","Osá","Vi","1Osá","osa","1","Vi","Escribir","[]","[]","","SRC-02[68]","Autorizada para difusión","Pendiente de validación lingüística","Transcrito"
"RD-001774","tar","Osá","Adj","2Osá","osa","2","Adj","Segundo","[]","[]","","SRC-02[68]","Autorizada para difusión","Pendiente de validación lingüística","Transcrito"
"RD-001775","tar","Osé","Vi","Osé","ose","","Vi","1. Escribir 2. Pintarse, marcar (con cal)","[]","[]","","SRC-02[68]","Autorizada para difusión","Pendiente de validación lingüística","Transcrito"
"RD-001776","tar","Oserí","S","Oserí","oseri","","S","Papel, carta","[]","[]","","SRC-02[68]","Autorizada para difusión","Pendiente de validación lingüística","Transcrito"
"RD-001777","tar","Osorí","S","Osorí","osori","","S","Tipo de quelite de agua","[]","[]","","SRC-02[68]","Autorizada para difusión","Pendiente de validación lingüística","Transcrito"
"RD-001778","tar","Otérami","S","Otérami","oterami","","S","Muela","[]","[]","","SRC-02[68]","Autorizada para difusión","Pendiente de validación lingüística","Transcrito"
"RD-001779","tar","Otobé","S","Otobé","otobe","","S","Canasta grande","[]","[]","","SRC-02[68]","Autorizada para difusión","Pendiente de validación lingüística","Transcrito"
"RD-001780","tar","Otohuá","S","Otohuá","otohua","","S","Rama grande","[]","[]","","SRC-02[68]","Autorizada para difusión","Pendiente de validación lingüística","Transcrito"
"RD-001781","tar","Otohuata","Vi","Otohuata","otohuata","","Vi","Echar ramas grandes (árbol)","[]","[]","","SRC-02[68]","Autorizada para difusión","Pendiente de validación lingüística","Transcrito"
"RD-001782","tar","Otohué","Vi","Otohué","otohue","","Vi","Tener ramas grandes","[]","[]","","SRC-02[68]","Autorizada para difusión","Pendiente de validación lingüística","Transcrito"
"RD-001783","tar","Otohuéami","S","Otohuéami","otohueami","","S","Enramada","[]","[]","","SRC-02[68]","Autorizada para difusión","Pendiente de validación lingüística","Transcrito"
"RD-001784","tar","Otoná","Adj","Otoná","otona","","Adj","Derecho","[]","[]","","SRC-02[68]","Autorizada para difusión","Pendiente de validación lingüística","Transcrito"
"RD-001785","tar","Óyami","S","Óyami","oyami","","S","Curandero, médico","[]","[]","","SRC-02[68]","Autorizada para difusión","Pendiente de validación lingüística","Transcrito"
"RD-001786","tar","Oyera","Vt","Oyera","oyera","","Vt","1. Regañar 2. Dar consejos (como cuando hacen justicia)","[]","[]","","SRC-02[68]","Autorizada para difusión","Pendiente de validación lingüística","Transcrito"
"RD-001787","tar","O’yó","Vi","1O’yó","o'yo","1","Vi","Vomitar, basquear","[]","[]","","SRC-02[68]","Autorizada para difusión","Pendiente de validación lingüística","Transcrito"
"RD-001788","tar","O’yó: pe o’yó","","2O’yó: pe o’yó","o'yo: pe o'yo","2","Sin clasificar","Poco a poco","[]","[]","","SRC-02[68]","Autorizada para difusión","Pendiente de validación lingüística","Transcrito"
"RD-001789","tar","Oyóca, o’yócuhui","S","Oyóca, o’yócuhui","oyoca, o'yocuhui","","S","Pájaro carpintero","[""o’yócuhui""]","[]","","SRC-02[68]","Autorizada para difusión","Pendiente de validación lingüística","Transcrito"
"RD-001790","tar","O’yona","Vi","O’yona","o'yona","","Vi","Tener ganas de vomitar","[]","[]","","SRC-02[68]","Autorizada para difusión","Pendiente de validación lingüística","Transcrito"
"RD-001791","tar","Pa","Vt","1Pa","pa","1","Vt","Traer","[]","[]","","SRC-02[68]","Autorizada para difusión","Pendiente de validación lingüística","Transcrito"
"RD-001792","tar","Pa","Vt","2Pa","pa","2","Vt","Tirar","[]","[]","","SRC-02[68]","Autorizada para difusión","Pendiente de validación lingüística","Transcrito"
"RD-001793","tar","Paayé","Adv","Paayé","paaye","","Adv","Arriba","[]","[]","","SRC-02[68]","Autorizada para difusión","Pendiente de validación lingüística","Transcrito"
"RD-001794","tar","Pabaca","Vt","Pabaca","pabaca","","Vt","Lavar (trastos u otras cosas)","[]","[]","","SRC-02[68]","Autorizada para difusión","Pendiente de validación lingüística","Transcrito"
"RD-001795","tar","Pabera","Vt pl","Pabera","pabera","","Vt","Acarrear (en la espalda)","[]","[]","","SRC-02[68]","Autorizada para difusión","Pendiente de validación lingüística","Transcrito"
"RD-001796","tar","Paca","Vt","Paca","paca","","Vt","Colar (p. ej.: café, leche, agua)","[]","[]","","SRC-02[68]","Autorizada para difusión","Pendiente de validación lingüística","Transcrito"
"RD-001797","tar","Pachá","Adv","Pachá","pacha","","Adv","Adentro","[]","[]","","SRC-02[68]","Autorizada para difusión","Pendiente de validación lingüística","Transcrito"
"RD-001798","tar","Pachana, pachámana","Adv","Pachana, pachámana","pachana, pachamana","","Adv","Dentro, por adentro","[""pachámana""]","[]","","SRC-02[68]","Autorizada para difusión","Pendiente de validación lingüística","Transcrito"
"RD-001799","tar","Pachí","","Pachí","pachi","","Sin clasificar","1. s Elote, mazorca 2. vi Hay elotes","[]","[]","","SRC-02[68]","Autorizada para difusión","Pendiente de validación lingüística","Transcrito"
"RD-001800","tar","Pachoca","Vt","Pachoca","pachoca","","Vt","Remendar","[]","[]","","SRC-02[68]","Autorizada para difusión","Pendiente de validación lingüística","Transcrito"
"RD-001801","tar","Pachú","Vi","Pachú","pachu","","Vi","Gotear","[]","[]","","SRC-02[68]","Autorizada para difusión","Pendiente de validación lingüística","Transcrito"
"RD-001802","tar","Pagó","Vt","Pagó","pago","","Vt","1. Lavar 2. Bautizar","[]","[]","","SRC-02[68-69]","Autorizada para difusión","Pendiente de validación lingüística","Transcrito"
"RD-001803","tar","Pagóami","S","Pagóami","pagoami","","S","El que bautiza","[]","[]","","SRC-02[69]","Autorizada para difusión","Pendiente de validación lingüística","Transcrito"
"RD-001804","tar","Pagónara","","Pagónara","pagonara","","Sin clasificar","El día anterior","[]","[]","","SRC-02[69]","Autorizada para difusión","Pendiente de validación lingüística","Transcrito"
"RD-001805","tar","Pagótami","S","Pagótami","pagotami","","S","Gente","[]","[]","","SRC-02[69]","Autorizada para difusión","Pendiente de validación lingüística","Transcrito"
"RD-001806","tar","Pagué","Vt","Pagué","pague","","Vt","Remojar","[]","[]","","SRC-02[69]","Autorizada para difusión","Pendiente de validación lingüística","Transcrito"
"RD-001807","tar","Pamótami ju","","Pamótami ju","pamotami ju","","Sin clasificar","Que tiene granos el atole","[]","[]","","SRC-02[69]","Autorizada para difusión","Pendiente de validación lingüística","Transcrito"
"RD-001808","tar","Pánara","Vi","Pánara","panara","","Vi","Querer traer","[]","[]","","SRC-02[69]","Autorizada para difusión","Pendiente de validación lingüística","Transcrito"
"RD-001809","tar","Paní","Adv","Paní","pani","","Adv","Arriba (en la falda)","[]","[]","","SRC-02[69]","Autorizada para difusión","Pendiente de validación lingüística","Transcrito"
"RD-001810","tar","Panica, panigo","Vi","Panica, panigo","panica, panigo","","Vi","Lavarse las manos","[""panigo""]","[]","","SRC-02[69]","Autorizada para difusión","Pendiente de validación lingüística","Transcrito"
"RD-001811","tar","Panínomí","Adv","Panínomí","paninomi","","Adv","Por allí más arriba","[]","[]","","SRC-02[69]","Autorizada para difusión","Pendiente de validación lingüística","Transcrito"
"RD-001812","tar","Pasá","Vt","Pasá","pasa","","Vt","Echar, tirar","[]","[]","","SRC-02[69]","Autorizada para difusión","Pendiente de validación lingüística","Transcrito"
"RD-001813","tar","Pasó","Vt","Pasó","paso","","Vt","Remojar","[]","[]","","SRC-02[69]","Autorizada para difusión","Pendiente de validación lingüística","Transcrito"
"RD-001814","tar","Pasochi","S","Pasochi","pasochi","","S","Zorrillo","[]","[]","","SRC-02[69]","Autorizada para difusión","Pendiente de validación lingüística","Transcrito"
"RD-001815","tar","Pátami","Pp","Pátami","patami","","Pp","Echado","[]","[]","","SRC-02[69]","Autorizada para difusión","Pendiente de validación lingüística","Transcrito"
"RD-001816","tar","Payéhuachi","S","Payéhuachi","payehuachi","","S","Zanja (donde se junta agua de arriba), aguaje, ojo de agua","[]","[]","","SRC-02[69]","Autorizada para difusión","Pendiente de validación lingüística","Transcrito"
"RD-001817","tar","Payochi","S","Payochi","payochi","","S","Zorrillo pinto","[]","[]","","SRC-02[69]","Autorizada para difusión","Pendiente de validación lingüística","Transcrito"
"RD-001818","tar","Pe","Adj","1Pe","pe","1","Adj","Poco","[]","[]","","SRC-02[69]","Autorizada para difusión","Pendiente de validación lingüística","Transcrito"
"RD-001819","tar","Pe","Vt","2Pe","pe","2","Vt","Extender (para dormir)","[]","[]","","SRC-02[69]","Autorizada para difusión","Pendiente de validación lingüística","Transcrito"
"RD-001820","tar","Pe cúuchi mojuari","Vt","Pe cúuchi mojuari","pe cuuchi mojuari","","Vt","Hacerse pedazos","[]","[]","","SRC-02[69]","Autorizada para difusión","Pendiente de validación lingüística","Transcrito"
"RD-001821","tar","Pe micabé achá","Vt","Pe micabé achá","pe micabe acha","","Vt","Revisar","[]","[]","","SRC-02[69]","Autorizada para difusión","Pendiente de validación lingüística","Transcrito"
"RD-001822","tar","Pe risensi, pe risénsia","","Pe risensi, pe risénsia","pe risensi, pe risensia","","Sin clasificar","Por favor","[""pe risénsia""]","[]","","SRC-02[69]","Autorizada para difusión","Pendiente de validación lingüística","Transcrito"
"RD-001823","tar","Pe téeri","","Pe téeri","pe teeri","","Sin clasificar","1. Chaparro 2. Un rato","[]","[]","","SRC-02[69]","Autorizada para difusión","Pendiente de validación lingüística","Transcrito"
"RD-001824","tar","Pe téeri ripí","","Pe téeri ripí","pe teeri ripi","","Sin clasificar","Demoran","[]","[]","","SRC-02[69]","Autorizada para difusión","Pendiente de validación lingüística","Transcrito"
"RD-001825","tar","Pechi","S","Pechi","pechi","","S","Tendidos (para dormir)","[]","[]","","SRC-02[69]","Autorizada para difusión","Pendiente de validación lingüística","Transcrito"
"RD-001826","tar","Péebi","Adj","Péebi","peebi","","Adj","Poquito","[]","[]","","SRC-02[69]","Autorizada para difusión","Pendiente de validación lingüística","Transcrito"
"RD-001827","tar","Pehua","Vi","Pehua","pehua","","Vi","Fumar","[]","[]","","SRC-02[69]","Autorizada para difusión","Pendiente de validación lingüística","Transcrito"
"RD-001828","tar","Péhuari","S","Péhuari","pehuari","","S","Cigarro","[]","[]","","SRC-02[69]","Autorizada para difusión","Pendiente de validación lingüística","Transcrito"
"RD-001829","tar","Pénama","Vi fut","Pénama","penama","","Vi","Aprender","[]","[]","","SRC-02[69]","Autorizada para difusión","Pendiente de validación lingüística","Transcrito"
"RD-001830","tar","Pera","","Pera","pera","","Sin clasificar","1. vt Poner (carona a la bestia) 2. s Carona","[]","[]","","SRC-02[69]","Autorizada para difusión","Pendiente de validación lingüística","Transcrito"
"RD-001831","tar","Perí","S","Perí","peri","","S","Petate","[]","[]","","SRC-02[69]","Autorizada para difusión","Pendiente de validación lingüística","Transcrito"
"RD-001832","tar","Pericó","","Pericó","perico","","Sin clasificar","Por favor","[]","[]","","SRC-02[69]","Autorizada para difusión","Pendiente de validación lingüística","Transcrito"
"RD-001833","tar","Pibá","Vi","Pibá","piba","","Vi","Zambullirse","[]","[]","","SRC-02[69]","Autorizada para difusión","Pendiente de validación lingüística","Transcrito"
"RD-001834","tar","Pibíhuari","Vi pret","Pibíhuari","pibihuari","","Vi","Formarse un remolino","[]","[]","","SRC-02[69]","Autorizada para difusión","Pendiente de validación lingüística","Transcrito"
"RD-001835","tar","Pibíiri","S","Pibíiri","pibiiri","","S","Remolino","[]","[]","","SRC-02[69]","Autorizada para difusión","Pendiente de validación lingüística","Transcrito"
"RD-001836","tar","Piché","Prep","Piché","piche","","Prep","Hasta","[]","[]","","SRC-02[69]","Autorizada para difusión","Pendiente de validación lingüística","Transcrito"
"RD-001837","tar","Pichí","Vt","Pichí","pichi","","Vt","Barrer","[]","[]","","SRC-02[69]","Autorizada para difusión","Pendiente de validación lingüística","Transcrito"
"RD-001838","tar","Pichira","S","Pichira","pichira","","S","Escoba","[]","[]","","SRC-02[69]","Autorizada para difusión","Pendiente de validación lingüística","Transcrito"
"RD-001839","tar","Píchuri","S","Píchuri","pichuri","","S","Zorrillo (chico, pinto), gato de algalia","[]","[]","","SRC-02[69]","Autorizada para difusión","Pendiente de validación lingüística","Transcrito"
"RD-001840","tar","Pihuácami","S","Pihuácami","pihuacami","","S","Fumador","[]","[]","","SRC-02[69]","Autorizada para difusión","Pendiente de validación lingüística","Transcrito"
"RD-001841","tar","Píhui","Vt","Píhui","pihui","","Vt","Remoler","[]","[]","","SRC-02[69]","Autorizada para difusión","Pendiente de validación lingüística","Transcrito"
"RD-001842","tar","Pioni","S esp","Pioni","pioni","","S","Peón","[]","[]","","SRC-02[69]","Autorizada para difusión","Pendiente de validación lingüística","Transcrito"
"RD-001843","tar","Pirapa","Vt","Pirapa","pirapa","","Vt","Quitar el aparejo","[]","[]","","SRC-02[69]","Autorizada para difusión","Pendiente de validación lingüística","Transcrito"
"RD-001844","tar","Piré","Vi pl","Piré","pire","","Vi","Vivir, morar, habitar","[]","[]","","SRC-02[70]","Autorizada para difusión","Pendiente de validación lingüística","Transcrito"
"RD-001845","tar","Piréami","S pl","Piréami","pireami","","S","Moradores, los que viven","[]","[]","","SRC-02[70]","Autorizada para difusión","Pendiente de validación lingüística","Transcrito"
"RD-001846","tar","Piri","","Piri","piri","","Sin clasificar","¿Qué?","[]","[]","","SRC-02[70]","Autorizada para difusión","Pendiente de validación lingüística","Transcrito"
"RD-001847","tar","Pisachi","S","Pisachi","pisachi","","S","En la laja (en el cerro)","[]","[]","","SRC-02[70]","Autorizada para difusión","Pendiente de validación lingüística","Transcrito"
"RD-001848","tar","Pochí","Vi","Pochí","pochi","","Vi","Brincar","[]","[]","","SRC-02[70]","Autorizada para difusión","Pendiente de validación lingüística","Transcrito"
"RD-001849","tar","Pohua","Vi","Pohua","pohua","","Vi","Pescar con anzuelo","[]","[]","","SRC-02[70]","Autorizada para difusión","Pendiente de validación lingüística","Transcrito"
"RD-001850","tar","Pora","Vt","Pora","pora","","Vt","Cubrir, tapar","[]","[]","","SRC-02[70]","Autorizada para difusión","Pendiente de validación lingüística","Transcrito"
"RD-001851","tar","Porapa","Vt","Porapa","porapa","","Vt","Destapar","[]","[]","","SRC-02[70]","Autorizada para difusión","Pendiente de validación lingüística","Transcrito"
"RD-001852","tar","Posá","Vi pl","Posá","posa","","Vi","Llenarse (comiendo)","[]","[]","","SRC-02[70]","Autorizada para difusión","Pendiente de validación lingüística","Transcrito"
"RD-001853","tar","Poyaca","Vi","Poyaca","poyaca","","Vi","Estar desabrido (como maíz podrido)","[]","[]","","SRC-02[70]","Autorizada para difusión","Pendiente de validación lingüística","Transcrito"
"RD-001854","tar","Pu","Vi","Pu","pu","","Vi","Ponerse una faja","[]","[]","","SRC-02[70]","Autorizada para difusión","Pendiente de validación lingüística","Transcrito"
"RD-001855","tar","Pu’","S","Pu’","pu'","","S","Faisán","[]","[]","","SRC-02[70]","Autorizada para difusión","Pendiente de validación lingüística","Transcrito"
"RD-001856","tar","Pucha","Vt","Pucha","pucha","","Vt","Soplar","[]","[]","","SRC-02[70]","Autorizada para difusión","Pendiente de validación lingüística","Transcrito"
"RD-001857","tar","Pugué","Vt pl","Pugué","pugue","","Vt","Tener, poseer (muchos animales)","[]","[]","","SRC-02[70]","Autorizada para difusión","Pendiente de validación lingüística","Transcrito"
"RD-001858","tar","Pugura","Adj pl","Pugura","pugura","","Adj","Posesor (de animales)","[]","[]","","SRC-02[70]","Autorizada para difusión","Pendiente de validación lingüística","Transcrito"
"RD-001859","tar","Puma","Vi","Puma","puma","","Vi","Irse a ceñir","[]","[]","","SRC-02[70]","Autorizada para difusión","Pendiente de validación lingüística","Transcrito"
"RD-001860","tar","Pura","S","Pura","pura","","S","Cinturón, faja","[]","[]","","SRC-02[70]","Autorizada para difusión","Pendiente de validación lingüística","Transcrito"
"RD-001861","tar","Qué","Vi","Qué","que","","Vi","Fue, era, siendo","[]","[]","","SRC-02[70]","Autorizada para difusión","Pendiente de validación lingüística","Transcrito"
"RD-001862","tar","Que","S","Que","que","","S","Hija grande (dice la madre)","[]","[]","","SRC-02[70]","Autorizada para difusión","Pendiente de validación lingüística","Transcrito"
"RD-001863","tar","Queba","Vi","Queba","queba","","Vi","Retumbar","[]","[]","","SRC-02[70]","Autorizada para difusión","Pendiente de validación lingüística","Transcrito"
"RD-001864","tar","Quecha","Vt","Quecha","quecha","","Vt","Masticar","[]","[]","","SRC-02[70]","Autorizada para difusión","Pendiente de validación lingüística","Transcrito"
"RD-001865","tar","Quemi","Pron","Quemi","quemi","","Pron","tuyo","[]","[]","","SRC-02[70]","Autorizada para difusión","Pendiente de validación lingüística","Transcrito"
"RD-001866","tar","Queni","","Queni","queni","","Sin clasificar","1. pron pos Mío, mía 2. adj pos Mi, mis","[]","[]","","SRC-02[70]","Autorizada para difusión","Pendiente de validación lingüística","Transcrito"
"RD-001867","tar","Quepu","Pron","Quepu","quepu","","Pron","Su, sus (de él, de ella)","[]","[]","","SRC-02[70]","Autorizada para difusión","Pendiente de validación lingüística","Transcrito"
"RD-001868","tar","Quere, queremá","","Quere, queremá","quere, querema","","Sin clasificar","1. adv Quizá, quizás, tal vez 2. conj O","[""queremá""]","[]","","SRC-02[70]","Autorizada para difusión","Pendiente de validación lingüística","Transcrito"
"RD-001869","tar","Queta","Pron","Queta","queta","","Pron","Nuestro, nuestra","[]","[]","","SRC-02[70]","Autorizada para difusión","Pendiente de validación lingüística","Transcrito"
"RD-001870","tar","Quétamo","Pron","Quétamo","quetamo","","Pron","Su, sus (de ustedes)","[]","[]","","SRC-02[70]","Autorizada para difusión","Pendiente de validación lingüística","Transcrito"
"RD-001871","tar","Quetasi","Adv","Quetasi","quetasi","","Adv","No","[]","[]","","SRC-02[70]","Autorizada para difusión","Pendiente de validación lingüística","Transcrito"
"RD-001872","tar","Quicháo","Adj","Quicháo","quichao","","Adj","Siete","[]","[]","","SRC-02[70]","Autorizada para difusión","Pendiente de validación lingüística","Transcrito"
"RD-001873","tar","Quicháosa macoy","Adj","Quicháosa macoy","quichaosa macoy","","Adj","Setenta","[]","[]","","SRC-02[70]","Autorizada para difusión","Pendiente de validación lingüística","Transcrito"
"RD-001874","tar","Quichí","Vt","Quichí","quichi","","Vt","Aborrecer","[]","[]","","SRC-02[70]","Autorizada para difusión","Pendiente de validación lingüística","Transcrito"
"RD-001875","tar","Quichica","Vt","Quichica","quichica","","Vt","Hacer cosquillas (a otro)","[]","[]","","SRC-02[70]","Autorizada para difusión","Pendiente de validación lingüística","Transcrito"
"RD-001876","tar","Qui’huí","Vt","Qui’huí","qui'hui","","Vt","Traer leña","[]","[]","","SRC-02[70]","Autorizada para difusión","Pendiente de validación lingüística","Transcrito"
"RD-001877","tar","Quimá","","Quimá","quima","","Sin clasificar","1. s Cobija 2. vi Taparse con una cobija","[]","[]","","SRC-02[70]","Autorizada para difusión","Pendiente de validación lingüística","Transcrito"
"RD-001878","tar","Químacoy","Adj","Químacoy","quimacoy","","Adj","Nueve","[]","[]","","SRC-02[70]","Autorizada para difusión","Pendiente de validación lingüística","Transcrito"
"RD-001879","tar","Quimacoysa","Adj","Quimacoysa","quimacoysa","","Adj","Noveno","[]","[]","","SRC-02[70]","Autorizada para difusión","Pendiente de validación lingüística","Transcrito"
"RD-001880","tar","Quimacoysa macoy","Adj","Quimacoysa macoy","quimacoysa macoy","","Adj","Noventa","[]","[]","","SRC-02[70]","Autorizada para difusión","Pendiente de validación lingüística","Transcrito"
"RD-001881","tar","Quimé","Vi","Quimé","quime","","Vi","Tener cobija","[]","[]","","SRC-02[70]","Autorizada para difusión","Pendiente de validación lingüística","Transcrito"
"RD-001882","tar","Quimira","S","Quimira","quimira","","S","Sábana (para arroparse)","[]","[]","","SRC-02[70]","Autorizada para difusión","Pendiente de validación lingüística","Transcrito"
"RD-001883","tar","Qui’mó","Vt","Qui’mó","qui'mo","","Vt","Morder (muchas veces)","[]","[]","","SRC-02[70]","Autorizada para difusión","Pendiente de validación lingüística","Transcrito"
"RD-001884","tar","Quiná","Adv","Quiná","quina","","Adv","Acá, por acá","[]","[]","","SRC-02[70]","Autorizada para difusión","Pendiente de validación lingüística","Transcrito"
"RD-001885","tar","Quinana","","Quinana","quinana","","Sin clasificar","Después de lo acontecido","[]","[]","","SRC-02[70]","Autorizada para difusión","Pendiente de validación lingüística","Transcrito"
"RD-001886","tar","Quipá","Vi","Quipá","quipa","","Vi","Nevar","[]","[]","","SRC-02[70]","Autorizada para difusión","Pendiente de validación lingüística","Transcrito"
"RD-001887","tar","Quiparí","S","Quiparí","quipari","","S","Nieve","[]","[]","","SRC-02[71]","Autorizada para difusión","Pendiente de validación lingüística","Transcrito"
"RD-001888","tar","Quipú","Vt","Quipú","quipu","","Vt","Escuchar","[]","[]","","SRC-02[71]","Autorizada para difusión","Pendiente de validación lingüística","Transcrito"
"RD-001889","tar","Quipu","Adv","Quipu","quipu","","Adv","¿Cuánto?","[]","[]","","SRC-02[71]","Autorizada para difusión","Pendiente de validación lingüística","Transcrito"
"RD-001890","tar","Quirá","Vi","1Quirá","quira","1","Vi","Calmarse (tempestad)","[]","[]","","SRC-02[71]","Autorizada para difusión","Pendiente de validación lingüística","Transcrito"
"RD-001891","tar","Quirá","S","2Quirá","quira","2","S","Hija (de una mujer)","[]","[]","","SRC-02[71]","Autorizada para difusión","Pendiente de validación lingüística","Transcrito"
"RD-001892","tar","Qui’raca","Vi","Qui’raca","qui'raca","","Vi","Crujir los dientes","[]","[]","","SRC-02[71]","Autorizada para difusión","Pendiente de validación lingüística","Transcrito"
"RD-001893","tar","Quirí","Adj","1Quirí","quiri","1","Adj","Quieto, silencio","[]","[]","","SRC-02[71]","Autorizada para difusión","Pendiente de validación lingüística","Transcrito"
"RD-001894","tar","Quirí","Vi","2Quirí","quiri","2","Vi","1. vi Cocer quelites 2. Juntar quelites","[]","[]","","SRC-02[71]","Autorizada para difusión","Pendiente de validación lingüística","Transcrito"
"RD-001895","tar","Ra’ama","Vt","Ra’ama","ra'ama","","Vt","1. Acallar 2. Reprender 3. Prohibir","[]","[]","","SRC-02[71]","Autorizada para difusión","Pendiente de validación lingüística","Transcrito"
"RD-001896","tar","Rabó","S","Rabó","rabo","","S","Cordón alto, cordillera, cerro","[]","[]","","SRC-02[71]","Autorizada para difusión","Pendiente de validación lingüística","Transcrito"
"RD-001897","tar","Rabota","Vi","Rabota","rabota","","Vi","Tener calambre","[]","[]","","SRC-02[71]","Autorizada para difusión","Pendiente de validación lingüística","Transcrito"
"RD-001898","tar","Rabótami","Adj","Rabótami","rabotami","","Adj","Entumido","[]","[]","","SRC-02[71]","Autorizada para difusión","Pendiente de validación lingüística","Transcrito"
"RD-001899","tar","Racá","S","Racá","raca","","S","Semilla","[]","[]","","SRC-02[71]","Autorizada para difusión","Pendiente de validación lingüística","Transcrito"
"RD-001900","tar","Racabú","Vt","Racabú","racabu","","Vt","Quitar las semillas","[]","[]","","SRC-02[71]","Autorizada para difusión","Pendiente de validación lingüística","Transcrito"
"RD-001901","tar","Racó","S","1Racó","raco","1","S","Lirio colorado","[]","[]","","SRC-02[71]","Autorizada para difusión","Pendiente de validación lingüística","Transcrito"
"RD-001902","tar","Racó","Vt","2Racó","raco","2","Vt","Llevar (en un trapo), envolver","[]","[]","","SRC-02[71]","Autorizada para difusión","Pendiente de validación lingüística","Transcrito"
"RD-001903","tar","Racú","S","Racú","racu","","S","Palma alta de las barrancas","[]","[]","","SRC-02[71]","Autorizada para difusión","Pendiente de validación lingüística","Transcrito"
"RD-001904","tar","Rachí","Vi","Rachí","rachi","","Vi","Aplastarse","[]","[]","","SRC-02[71]","Autorizada para difusión","Pendiente de validación lingüística","Transcrito"
"RD-001905","tar","Rachina","Vt","Rachina","rachina","","Vt","Aplastar","[]","[]","","SRC-02[71]","Autorizada para difusión","Pendiente de validación lingüística","Transcrito"
"RD-001906","tar","Rachira","Vi","Rachira","rachira","","Vi","Estar pando","[]","[]","","SRC-02[71]","Autorizada para difusión","Pendiente de validación lingüística","Transcrito"
"RD-001907","tar","Rachita","Vi","Rachita","rachita","","Vi","Asentarse (p. ej.: café, pinole)","[]","[]","","SRC-02[71]","Autorizada para difusión","Pendiente de validación lingüística","Transcrito"
"RD-001908","tar","Ra´é","Vi","Ra´é","ra´e","","Vi","Conocer (un lugar)","[]","[]","","SRC-02[71]","Autorizada para difusión","Pendiente de validación lingüística","Transcrito"
"RD-001909","tar","Rahuá","S","Rahuá","rahua","","S","Ligamento","[]","[]","","SRC-02[71]","Autorizada para difusión","Pendiente de validación lingüística","Transcrito"
"RD-001910","tar","Rahué","S","1Rahué","rahue","1","S","Día","[]","[]","","SRC-02[71]","Autorizada para difusión","Pendiente de validación lingüística","Transcrito"
"RD-001911","tar","Rahué","","2Rahué","rahue","2","Sin clasificar","1. s Pecho 2. vi Volver (el pecho hacia)","[]","[]","","SRC-02[71]","Autorizada para difusión","Pendiente de validación lingüística","Transcrito"
"RD-001912","tar","Rahuihui","S","Rahuihui","rahuihui","","S","Gavilán negro","[]","[]","","SRC-02[71]","Autorizada para difusión","Pendiente de validación lingüística","Transcrito"
"RD-001913","tar","Rahuirí","S","Rahuirí","rahuiri","","S","Mediodía","[]","[]","","SRC-02[71]","Autorizada para difusión","Pendiente de validación lingüística","Transcrito"
"RD-001914","tar","Ra’íami","Pp","Ra’íami","ra'iami","","Pp","Que tiene apetito","[]","[]","","SRC-02[71]","Autorizada para difusión","Pendiente de validación lingüística","Transcrito"
"RD-001915","tar","Ra’icha","Vi","Ra’icha","ra'icha","","Vi","Hablar, platicar","[]","[]","","SRC-02[71]","Autorizada para difusión","Pendiente de validación lingüística","Transcrito"
"RD-001916","tar","Ra’íchami","S","Ra’íchami","ra'ichami","","S","Hablador","[]","[]","","SRC-02[71]","Autorizada para difusión","Pendiente de validación lingüística","Transcrito"
"RD-001917","tar","Ra’ichárami","S","Ra’ichárami","ra'icharami","","S","Idioma","[]","[]","","SRC-02[71]","Autorizada para difusión","Pendiente de validación lingüística","Transcrito"
"RD-001918","tar","Ra’íchari","S","Ra’íchari","ra'ichari","","S","Palabra","[]","[]","","SRC-02[71]","Autorizada para difusión","Pendiente de validación lingüística","Transcrito"
"RD-001919","tar","Ra’ihuá","Vi","Ra’ihuá","ra'ihua","","Vi","Gustar (comida)","[]","[]","","SRC-02[71]","Autorizada para difusión","Pendiente de validación lingüística","Transcrito"
"RD-001920","tar","Rajá","Vi","Rajá","raja","","Vi","Alumbrar, arder, quemar","[]","[]","","SRC-02[71]","Autorizada para difusión","Pendiente de validación lingüística","Transcrito"
"RD-001921","tar","Rajáami","","Rajáami","rajaami","","Sin clasificar","Ardiente","[]","[]","","SRC-02[71]","Autorizada para difusión","Pendiente de validación lingüística","Transcrito"
"RD-001922","tar","Rajamó","S","Rajamó","rajamo","","S","Peñasco","[]","[]","","SRC-02[71]","Autorizada para difusión","Pendiente de validación lingüística","Transcrito"
"RD-001923","tar","Rajé","Vt","Rajé","raje","","Vt","Encender ocote (para alumbrar)","[]","[]","","SRC-02[71]","Autorizada para difusión","Pendiente de validación lingüística","Transcrito"
"RD-001924","tar","Rajihuá","vi","Rajihuá","rajihua","","Vi","Tener espinas (un tipo de oruga)","[]","[]","","SRC-02[71]","Autorizada para difusión","Pendiente de validación lingüística","Transcrito"
"RD-001925","tar","Rajina","Vi","Rajina","rajina","","Vi","Prender, arder","[]","[]","","SRC-02[71]","Autorizada para difusión","Pendiente de validación lingüística","Transcrito"
"RD-001926","tar","Rajirí","S","Rajirí","rajiri","","S","Vela","[]","[]","","SRC-02[71]","Autorizada para difusión","Pendiente de validación lingüística","Transcrito"
"RD-001927","tar","Ra’lá","Vi","Ra’lá","ra'la","","Vi","Derramarse","[]","[]","","SRC-02[71]","Autorizada para difusión","Pendiente de validación lingüística","Transcrito"
"RD-001928","tar","Ra’lana","Vi","Ra’lana","ra'lana","","Vi","Extender, esparcir","[]","[]","","SRC-02[71]","Autorizada para difusión","Pendiente de validación lingüística","Transcrito"
"RD-001929","tar","Ramé","S","Ramé","rame","","S","Diente","[]","[]","","SRC-02[71]","Autorizada para difusión","Pendiente de validación lingüística","Transcrito"
"RD-001930","tar","Ramú","Vi","Ramú","ramu","","Vi","Ponerse negro por un golpe","[]","[]","","SRC-02[71]","Autorizada para difusión","Pendiente de validación lingüística","Transcrito"
"RD-001931","tar","Ramujera","Vi","Ramujera","ramujera","","Vi","Hacer bromas (con las cuñadas)","[]","[]","","SRC-02[72]","Autorizada para difusión","Pendiente de validación lingüística","Transcrito"
"RD-001932","tar","Raná","","Raná","rana","","Sin clasificar","1. vt Parir 2. s Hijo","[]","[]","","SRC-02[72]","Autorizada para difusión","Pendiente de validación lingüística","Transcrito"
"RD-001933","tar","Ra’náchani","","Ra’náchani","ra'nachani","","Sin clasificar","Sonar (oír ruido)","[]","[]","","SRC-02[72]","Autorizada para difusión","Pendiente de validación lingüística","Transcrito"
"RD-001934","tar","Ra’né","Vt","Ra’né","ra'ne","","Vt","Tirar (con rifle)","[]","[]","","SRC-02[72]","Autorizada para difusión","Pendiente de validación lingüística","Transcrito"
"RD-001935","tar","Rané","vi","Rané","rane","","Vi","Tener hijo","[]","[]","","SRC-02[72]","Autorizada para difusión","Pendiente de validación lingüística","Transcrito"
"RD-001936","tar","Ranícuri","S","Ranícuri","ranicuri","","S","Talón, calcañar","[]","[]","","SRC-02[72]","Autorizada para difusión","Pendiente de validación lingüística","Transcrito"
"RD-001937","tar","Ra’ó","S","Ra’ó","ra'o","","S","Ortiga","[]","[]","","SRC-02[72]","Autorizada para difusión","Pendiente de validación lingüística","Transcrito"
"RD-001938","tar","Ra’oa atí","Vi","Ra’oa atí","ra'oa ati","","Vi","Agacharse","[]","[]","","SRC-02[72]","Autorizada para difusión","Pendiente de validación lingüística","Transcrito"
"RD-001939","tar","Rapá","Vi","Rapá","rapa","","Vi","Rajarse, partirse","[]","[]","","SRC-02[72]","Autorizada para difusión","Pendiente de validación lingüística","Transcrito"
"RD-001940","tar","Rapana","Vi","Rapana","rapana","","Vi","Rajar, partir","[]","[]","","SRC-02[72]","Autorizada para difusión","Pendiente de validación lingüística","Transcrito"
"RD-001941","tar","Rapaco","Adv","Rapaco","rapaco","","Adv","Ayer","[]","[]","","SRC-02[72]","Autorizada para difusión","Pendiente de validación lingüística","Transcrito"
"RD-001942","tar","Rapárachi","S","Rapárachi","raparachi","","S","Rendija","[]","[]","","SRC-02[72]","Autorizada para difusión","Pendiente de validación lingüística","Transcrito"
"RD-001943","tar","Rapé","S","Rapé","rape","","S","Laja","[]","[]","","SRC-02[72]","Autorizada para difusión","Pendiente de validación lingüística","Transcrito"
"RD-001944","tar","Rapirá","Vt","1Rapirá","rapira","1","Vt","Rebanar (la carne para hacer cecina)","[]","[]","","SRC-02[72]","Autorizada para difusión","Pendiente de validación lingüística","Transcrito"
"RD-001945","tar","Rapirá","Vt","2Rapirá","rapira","2","Vt","Arreglar un patio para bailar","[]","[]","","SRC-02[72]","Autorizada para difusión","Pendiente de validación lingüística","Transcrito"
"RD-001946","tar","Rapirá, rapirú","Vi","3Rapirá, rapirú","rapira, rapiru","3","Vi","Hay laja","[""rapirú""]","[]","","SRC-02[72]","Autorizada para difusión","Pendiente de validación lingüística","Transcrito"
"RD-001947","tar","Rapirara","S","Rapirara","rapirara","","S","Rastrillo para limpiar el patio","[]","[]","","SRC-02[72]","Autorizada para difusión","Pendiente de validación lingüística","Transcrito"
"RD-001948","tar","Rapirátachi","S","Rapirátachi","rapiratachi","","S","Patio","[]","[]","","SRC-02[72]","Autorizada para difusión","Pendiente de validación lingüística","Transcrito"
"RD-001949","tar","Raqué","Vt","Raqué","raque","","Vt","Darse semilla o fruta, producir","[]","[]","","SRC-02[72]","Autorizada para difusión","Pendiente de validación lingüística","Transcrito"
"RD-001950","tar","Raquibú","Vt","Raquibú","raquibu","","Vt","Empujar","[]","[]","","SRC-02[72]","Autorizada para difusión","Pendiente de validación lingüística","Transcrito"
"RD-001951","tar","Ra’rá","Vi","Ra’rá","ra'ra","","Vi","Desparramarse, extenderse","[]","[]","","SRC-02[72]","Autorizada para difusión","Pendiente de validación lingüística","Transcrito"
"RD-001952","tar","Ra’rana","Vt","Ra’rana","ra'rana","","Vt","Desparramar, extender","[]","[]","","SRC-02[72]","Autorizada para difusión","Pendiente de validación lingüística","Transcrito"
"RD-001953","tar","Rará","Vt","1Rará","rara","1","Vt","Comprar","[]","[]","","SRC-02[72]","Autorizada para difusión","Pendiente de validación lingüística","Transcrito"
"RD-001954","tar","Rará","S","2Rará","rara","2","S","Pie","[]","[]","","SRC-02[72]","Autorizada para difusión","Pendiente de validación lingüística","Transcrito"
"RD-001955","tar","Rarajipa","Vi pl","Rarajipa","rarajipa","","Vi","Correr con la bola","[]","[]","","SRC-02[72]","Autorizada para difusión","Pendiente de validación lingüística","Transcrito"
"RD-001956","tar","Raramú","","Raramú","raramu","","Sin clasificar","1. vt Rayar (un pino por un rayo) 2. vi Caer un rayo","[]","[]","","SRC-02[72]","Autorizada para difusión","Pendiente de validación lingüística","Transcrito"
"RD-001957","tar","Rarámuri","S","Rarámuri","raramuri","","S","Tarahumara, gente","[]","[]","","SRC-02[72]","Autorizada para difusión","Pendiente de validación lingüística","Transcrito"
"RD-001958","tar","Rariguihua","Vt","Rariguihua","rariguihua","","Vt","Vender (cosa específica)","[]","[]","","SRC-02[72]","Autorizada para difusión","Pendiente de validación lingüística","Transcrito"
"RD-001959","tar","Rarinéa","Vt","Rarinéa","rarinea","","Vt","Vender","[]","[]","","SRC-02[72]","Autorizada para difusión","Pendiente de validación lingüística","Transcrito"
"RD-001960","tar","Rasá","Vi","Rasá","rasa","","Vi","Machucarse","[]","[]","","SRC-02[72]","Autorizada para difusión","Pendiente de validación lingüística","Transcrito"
"RD-001961","tar","Rasáami","Adj","Rasáami","rasaami","","Adj","Blando","[]","[]","","SRC-02[72]","Autorizada para difusión","Pendiente de validación lingüística","Transcrito"
"RD-001962","tar","Rasana","Vt","Rasana","rasana","","Vt","Machucar","[]","[]","","SRC-02[72]","Autorizada para difusión","Pendiente de validación lingüística","Transcrito"
"RD-001963","tar","Rasíami","Pp","Rasíami","rasiami","","Pp","Desobediente, que no hace caso; sigue haciendo lo mismo","[]","[]","","SRC-02[72]","Autorizada para difusión","Pendiente de validación lingüística","Transcrito"
"RD-001964","tar","Rasiba","Vi","Rasiba","rasiba","","Vi","Oxidarse","[]","[]","","SRC-02[72]","Autorizada para difusión","Pendiente de validación lingüística","Transcrito"
"RD-001965","tar","Rasícari","S","Rasícari","rasicari","","S","Ligamentos de rodilla","[]","[]","","SRC-02[72]","Autorizada para difusión","Pendiente de validación lingüística","Transcrito"
"RD-001966","tar","Rasó","Vt","Rasó","raso","","Vt","Deslumbrar","[]","[]","","SRC-02[72]","Autorizada para difusión","Pendiente de validación lingüística","Transcrito"
"RD-001967","tar","Rasuca","Vi","Rasuca","rasuca","","Vi","Calentarse (al sol)","[]","[]","","SRC-02[72]","Autorizada para difusión","Pendiente de validación lingüística","Transcrito"
"RD-001968","tar","Rasuguí","S","Rasuguí","rasugui","","S","Fibra de maguey","[]","[]","","SRC-02[72]","Autorizada para difusión","Pendiente de validación lingüística","Transcrito"
"RD-001969","tar","Ratá","Vi","1Ratá","rata","1","Vi","Hacer calor","[]","[]","","SRC-02[72]","Autorizada para difusión","Pendiente de validación lingüística","Transcrito"
"RD-001970","tar","Ratá","Vt","2Ratá","rata","2","Vt","Tirar con rifle","[]","[]","","SRC-02[72]","Autorizada para difusión","Pendiente de validación lingüística","Transcrito"
"RD-001971","tar","Rataba","Vi","Rataba","rataba","","Vi","Relumbrar, resplandecer, brillar mucho","[]","[]","","SRC-02[72]","Autorizada para difusión","Pendiente de validación lingüística","Transcrito"
"RD-001972","tar","Ratabacha","Vt","Ratabacha","ratabacha","","Vt","Calentar","[]","[]","","SRC-02[72]","Autorizada para difusión","Pendiente de validación lingüística","Transcrito"
"RD-001973","tar","Ratábami","Adj","Ratábami","ratabami","","Adj","Brillante","[]","[]","","SRC-02[72]","Autorizada para difusión","Pendiente de validación lingüística","Transcrito"
"RD-001974","tar","Ratana","Vt","Ratana","ratana","","Vt","1. Tirar con rifle 2. Agujerear","[]","[]","","SRC-02[73]","Autorizada para difusión","Pendiente de validación lingüística","Transcrito"
"RD-001975","tar","Ratara","Vi","Ratara","ratara","","Vi","Tener calentura","[]","[]","","SRC-02[73]","Autorizada para difusión","Pendiente de validación lingüística","Transcrito"
"RD-001976","tar","Raté","S","Raté","rate","","S","1. Tío, tía (hermano, hermana menor de la madre) 2. Primo, prima (hermano, hermana menor de la madre)","[]","[]","","SRC-02[73]","Autorizada para difusión","Pendiente de validación lingüística","Transcrito"
"RD-001977","tar","Rayena","Vi","Rayena","rayena","","Vi","Hacer sol, brillar sol","[]","[]","","SRC-02[73]","Autorizada para difusión","Pendiente de validación lingüística","Transcrito"
"RD-001978","tar","Rayénari","S","Rayénari","rayenari","","S","El sol","[]","[]","","SRC-02[73]","Autorizada para difusión","Pendiente de validación lingüística","Transcrito"
"RD-001979","tar","Ricá","Vt sing","1Ricá","rica","1","Vt","Poner acostado (una cosa)","[]","[]","","SRC-02[73]","Autorizada para difusión","Pendiente de validación lingüística","Transcrito"
"RD-001980","tar","Ricá","S","2Ricá","rica","2","S","Tierra blanca (se usa para pintarse en las fiestas)","[]","[]","","SRC-02[73]","Autorizada para difusión","Pendiente de validación lingüística","Transcrito"
"RD-001981","tar","Ricaba","Vt","Ricaba","ricaba","","Vt","Tumbar (buey, persona)","[]","[]","","SRC-02[73]","Autorizada para difusión","Pendiente de validación lingüística","Transcrito"
"RD-001982","tar","Ricamuchi","S","Ricamuchi","ricamuchi","","S","Comadreja","[]","[]","","SRC-02[73]","Autorizada para difusión","Pendiente de validación lingüística","Transcrito"
"RD-001983","tar","Ricóchari","S","Ricóchari","ricochari","","S","Pedernal, piedra blanca (muy dura, sieve para picar el metate)","[]","[]","","SRC-02[73]","Autorizada para difusión","Pendiente de validación lingüística","Transcrito"
"RD-001984","tar","Ricohua","Vi","Ricohua","ricohua","","Vi","Tener troja (reg.: troj)","[]","[]","","SRC-02[73]","Autorizada para difusión","Pendiente de validación lingüística","Transcrito"
"RD-001985","tar","Ricohui","S","Ricohui","ricohui","","S","Troja (reg.: troje)","[]","[]","","SRC-02[73]","Autorizada para difusión","Pendiente de validación lingüística","Transcrito"
"RD-001986","tar","Ricoma","Vi","Ricoma","ricoma","","Vi","Hacerse un hoyito redondo","[]","[]","","SRC-02[73]","Autorizada para difusión","Pendiente de validación lingüística","Transcrito"
"RD-001987","tar","Ricómari","S","Ricómari","ricomari","","S","Frijol grande, colorado","[]","[]","","SRC-02[73]","Autorizada para difusión","Pendiente de validación lingüística","Transcrito"
"RD-001988","tar","Ricomta","Vt","Ricomta","ricomta","","Vt","Hacer un hoyito redondo en la laja blanca","[]","[]","","SRC-02[73]","Autorizada para difusión","Pendiente de validación lingüística","Transcrito"
"RD-001989","tar","Ricú","Vi","Ricú","ricu","","Vi","Emborracharse","[]","[]","","SRC-02[73]","Autorizada para difusión","Pendiente de validación lingüística","Transcrito"
"RD-001990","tar","Ricubiri","S","Ricubiri","ricubiri","","S","Peñasco, picacho","[]","[]","","SRC-02[73]","Autorizada para difusión","Pendiente de validación lingüística","Transcrito"
"RD-001991","tar","Ricuchuri","S","Ricuchuri","ricuchuri","","S","Grillo","[]","[]","","SRC-02[73]","Autorizada para difusión","Pendiente de validación lingüística","Transcrito"
"RD-001992","tar","Ricúhuari","S","Ricúhuari","ricuhuari","","S","Rana verde, grande (canta en primavera)","[]","[]","","SRC-02[73]","Autorizada para difusión","Pendiente de validación lingüística","Transcrito"
"RD-001993","tar","Ricúmtari","","Ricúmtari","ricumtari","","Sin clasificar","Lo emborrachó","[]","[]","","SRC-02[73]","Autorizada para difusión","Pendiente de validación lingüística","Transcrito"
"RD-001994","tar","Ricurí","S sing","Ricurí","ricuri","","S","Borracho","[]","[]","","SRC-02[73]","Autorizada para difusión","Pendiente de validación lingüística","Transcrito"
"RD-001995","tar","Ricúuri","S","Ricúuri","ricuuri","","S","Rana grande, oscura","[]","[]","","SRC-02[73]","Autorizada para difusión","Pendiente de validación lingüística","Transcrito"
"RD-001996","tar","Richí","S","Richí","richi","","S","Tío (hermano menor del padre)","[]","[]","","SRC-02[73]","Autorizada para difusión","Pendiente de validación lingüística","Transcrito"
"RD-001997","tar","Richira","Vi","Richira","richira","","Vi","Estar pando, pandearse","[]","[]","","SRC-02[73]","Autorizada para difusión","Pendiente de validación lingüística","Transcrito"
"RD-001998","tar","Ri’é","Vi sing","Ri’é","ri'e","","Vi","Jugar","[]","[]","","SRC-02[73]","Autorizada para difusión","Pendiente de validación lingüística","Transcrito"
"RD-001999","tar","Ri’echa","Vt","Ri’echa","ri'echa","","Vt","1. Malgastar 2. Jugar","[]","[]","","SRC-02[73]","Autorizada para difusión","Pendiente de validación lingüística","Transcrito"
"RD-002000","tar","Rihuá","Vt","1Rihuá","rihua","1","Vt","Ver, hallar","[]","[]","","SRC-02[73]","Autorizada para difusión","Pendiente de validación lingüística","Transcrito"
"RD-002001","tar","Rihuá","S","2Rihuá","rihua","2","S","Nombre","[]","[]","","SRC-02[73]","Autorizada para difusión","Pendiente de validación lingüística","Transcrito"
"RD-002002","tar","Ri’huá","Vi","Ri’huá","ri'hua","","Vi","Hacerse liso","[]","[]","","SRC-02[73]","Autorizada para difusión","Pendiente de validación lingüística","Transcrito"
"RD-002003","tar","Ri’huana","Vt","Ri’huana","ri'huana","","Vt","Alisar, aplanar, cepillar","[]","[]","","SRC-02[73]","Autorizada para difusión","Pendiente de validación lingüística","Transcrito"
"RD-002004","tar","Rihuará","Vt","Rihuará","rihuara","","Vt","Nombrar","[]","[]","","SRC-02[73]","Autorizada para difusión","Pendiente de validación lingüística","Transcrito"
"RD-002005","tar","Rihuera","Vi","Rihuera","rihuera","","Vi","Tener vergüenza","[]","[]","","SRC-02[73]","Autorizada para difusión","Pendiente de validación lingüística","Transcrito"
"RD-002006","tar","Rihuí","Adv","1Rihuí","rihui","1","Adv","Cuesta arriba","[]","[]","","SRC-02[73]","Autorizada para difusión","Pendiente de validación lingüística","Transcrito"
"RD-002007","tar","Rihuí","Vi","2Rihuí","rihui","2","Vi","Mostrarse","[]","[]","","SRC-02[73]","Autorizada para difusión","Pendiente de validación lingüística","Transcrito"
"RD-002008","tar","Rihuigachi","S","Rihuigachi","rihuigachi","","S","En el cielo, en la gloria","[]","[]","","SRC-02[73]","Autorizada para difusión","Pendiente de validación lingüística","Transcrito"
"RD-002009","tar","Ri’huiná","Adv","Ri’huiná","ri'huina","","Adv","Cuesta arriba","[]","[]","","SRC-02[73]","Autorizada para difusión","Pendiente de validación lingüística","Transcrito"
"RD-002010","tar","Rihuira","Vt","1Rihuira","rihuira","1","Vt","Mostrar","[]","[]","","SRC-02[73]","Autorizada para difusión","Pendiente de validación lingüística","Transcrito"
"RD-002011","tar","Rihuira","Adv","2Rihuira","rihuira","2","Adv","Para arriba en la falda","[]","[]","","SRC-02[74]","Autorizada para difusión","Pendiente de validación lingüística","Transcrito"
"RD-002012","tar","Rihuirí","S","Rihuirí","rihuiri","","S","Nopal castilla","[]","[]","","SRC-02[74]","Autorizada para difusión","Pendiente de validación lingüística","Transcrito"
"RD-002013","tar","Rihuisáa","Vi","Rihuisáa","rihuisaa","","Vi","Viéndolo","[]","[]","","SRC-02[74]","Autorizada para difusión","Pendiente de validación lingüística","Transcrito"
"RD-002014","tar","Ri’í","Vi","Ri’í","ri'i","","Vi","Gemir, lanzar quejas","[]","[]","","SRC-02[74]","Autorizada para difusión","Pendiente de validación lingüística","Transcrito"
"RD-002015","tar","Ri’ibú","Vt","Ri’ibú","ri'ibu","","Vt","Limpiar (frijol)","[]","[]","","SRC-02[74]","Autorizada para difusión","Pendiente de validación lingüística","Transcrito"
"RD-002016","tar","Ri’icha","Vt","Ri’icha","ri'icha","","Vt","1. Echarse a perder 2. Desperdiciar","[]","[]","","SRC-02[74]","Autorizada para difusión","Pendiente de validación lingüística","Transcrito"
"RD-002017","tar","Ri’íchani","Vi","Ri’íchani","ri'ichani","","Vi","Gemir","[]","[]","","SRC-02[74]","Autorizada para difusión","Pendiente de validación lingüística","Transcrito"
"RD-002018","tar","Ri’inana","Adv","Ri’inana","ri'inana","","Adv","Para arriba","[]","[]","","SRC-02[74]","Autorizada para difusión","Pendiente de validación lingüística","Transcrito"
"RD-002019","tar","Ri’iquéami","S","Ri’iquéami","ri'iqueami","","S","Jugador","[]","[]","","SRC-02[74]","Autorizada para difusión","Pendiente de validación lingüística","Transcrito"
"RD-002020","tar","Rijachi","S","Rijachi","rijachi","","S","Arroyo (lugar desgastado por el agua)","[]","[]","","SRC-02[74]","Autorizada para difusión","Pendiente de validación lingüística","Transcrito"
"RD-002021","tar","Rijata","Vi","Rijata","rijata","","Vi","Desgastarse (tierra por las lluvias)","[]","[]","","SRC-02[74]","Autorizada para difusión","Pendiente de validación lingüística","Transcrito"
"RD-002022","tar","Rijé","S","Rijé","rije","","S","Granizo","[]","[]","","SRC-02[74]","Autorizada para difusión","Pendiente de validación lingüística","Transcrito"
"RD-002023","tar","Rijí","Vt","Rijí","riji","","Vt","1. Mentar (el nombre de otro, en su presencia) 2. poner apellido","[]","[]","","SRC-02[74]","Autorizada para difusión","Pendiente de validación lingüística","Transcrito"
"RD-002024","tar","Rijibá","Vi pl","Rijibá","rijiba","","Vi","Jugar cuatro, jugar teja","[]","[]","","SRC-02[74]","Autorizada para difusión","Pendiente de validación lingüística","Transcrito"
"RD-002025","tar","Rijimá","S sing","Rijimá","rijima","","S","Hermano","[]","[]","","SRC-02[74]","Autorizada para difusión","Pendiente de validación lingüística","Transcrito"
"RD-002026","tar","Rijimé","Vi","Rijimé","rijime","","Vi","Tener hermano","[]","[]","","SRC-02[74]","Autorizada para difusión","Pendiente de validación lingüística","Transcrito"
"RD-002027","tar","Rijísari","S","Rijísari","rijisari","","S","Grajea (reg.), cellisca","[]","[]","","SRC-02[74]","Autorizada para difusión","Pendiente de validación lingüística","Transcrito"
"RD-002028","tar","Rijóara","Vi","Rijóara","rijoara","","Vi","Vivir allí (un hombre)","[]","[]","","SRC-02[74]","Autorizada para difusión","Pendiente de validación lingüística","Transcrito"
"RD-002029","tar","Rijóhuachi","S","Rijóhuachi","rijohuachi","","S","Lugar donde vive gente","[]","[]","","SRC-02[74]","Autorizada para difusión","Pendiente de validación lingüística","Transcrito"
"RD-002030","tar","Rijóirasi","Imper","Rijóirasi","rijoirasi","","Imper","¡Que vivan!","[]","[]","","SRC-02[74]","Autorizada para difusión","Pendiente de validación lingüística","Transcrito"
"RD-002031","tar","Rijorá","Vi","Rijorá","rijora","","Vi","Aguantar (mucho)","[]","[]","","SRC-02[74]","Autorizada para difusión","Pendiente de validación lingüística","Transcrito"
"RD-002032","tar","Rijoy","S","Rijoy","rijoy","","S","Hombre","[]","[]","","SRC-02[74]","Autorizada para difusión","Pendiente de validación lingüística","Transcrito"
"RD-002033","tar","Ri’marí","S sing","Ri’marí","ri'mari","","S","Joven","[]","[]","","SRC-02[74]","Autorizada para difusión","Pendiente de validación lingüística","Transcrito"
"RD-002034","tar","Rimé","","Rimé","rime","","Sin clasificar","1. vt Hacer tortillas 2. s Tortilla","[]","[]","","SRC-02[74]","Autorizada para difusión","Pendiente de validación lingüística","Transcrito"
"RD-002035","tar","Rimério","S","Rimério","rimerio","","S","1. Curandero (lleva un crucifijo) 2. Crucifijo","[]","[]","","SRC-02[74]","Autorizada para difusión","Pendiente de validación lingüística","Transcrito"
"RD-002036","tar","Rimisó","Vt","Rimisó","rimiso","","Vt","Pisotear, trillar (trigo)","[]","[]","","SRC-02[74]","Autorizada para difusión","Pendiente de validación lingüística","Transcrito"
"RD-002037","tar","Rimó","S","Rimó","rimo","","S","Sapo, rana","[]","[]","","SRC-02[74]","Autorizada para difusión","Pendiente de validación lingüística","Transcrito"
"RD-002038","tar","Rimojachi","S","Rimojachi","rimojachi","","S","Pedregal","[]","[]","","SRC-02[74]","Autorizada para difusión","Pendiente de validación lingüística","Transcrito"
"RD-002039","tar","Rimú","Vi","Rimú","rimu","","Vi","Soñar","[]","[]","","SRC-02[74]","Autorizada para difusión","Pendiente de validación lingüística","Transcrito"
"RD-002040","tar","Ri’ná","Vt","1Ri’ná","ri'na","1","Vt","Nivelar","[]","[]","","SRC-02[74]","Autorizada para difusión","Pendiente de validación lingüística","Transcrito"
"RD-002041","tar","Ri’ná","Vi","2Ri’ná","ri'na","2","Vi","Estar parejo","[]","[]","","SRC-02[74]","Autorizada para difusión","Pendiente de validación lingüística","Transcrito"
"RD-002042","tar","Ri’ná","Adv","3Ri’ná","ri'na","3","Adv","Boca arriba","[]","[]","","SRC-02[74]","Autorizada para difusión","Pendiente de validación lingüística","Transcrito"
"RD-002043","tar","Riná","Vi","Riná","rina","","Vi","Abrir (la boca)","[]","[]","","SRC-02[74]","Autorizada para difusión","Pendiente de validación lingüística","Transcrito"
"RD-002044","tar","Ri’náami","Adj","Ri’náami","ri'naami","","Adj","Parejo","[]","[]","","SRC-02[74]","Autorizada para difusión","Pendiente de validación lingüística","Transcrito"
"RD-002045","tar","Ri’nabú","Vt","Ri’nabú","ri'nabu","","Vt","Voltear","[]","[]","","SRC-02[74]","Autorizada para difusión","Pendiente de validación lingüística","Transcrito"
"RD-002046","tar","Ri’nabuca","","Ri’nabuca","ri'nabuca","","Sin clasificar","Al revés","[]","[]","","SRC-02[74]","Autorizada para difusión","Pendiente de validación lingüística","Transcrito"
"RD-002047","tar","Ri’nahuí","Vr","Ri’nahuí","ri'nahui","","Vr","Voltearse","[]","[]","","SRC-02[74]","Autorizada para difusión","Pendiente de validación lingüística","Transcrito"
"RD-002048","tar","Ri’nagápura","Vi","Ri’nagápura","ri'nagapura","","Vi","Revolcarse","[]","[]","","SRC-02[74]","Autorizada para difusión","Pendiente de validación lingüística","Transcrito"
"RD-002049","tar","Ri’nahuí","Vi","Ri’nahuí","ri'nahui","","Vi","Caerse (de espaldas)","[]","[]","","SRC-02[74]","Autorizada para difusión","Pendiente de validación lingüística","Transcrito"
"RD-002050","tar","Ri’nará","Vi","Ri’nará","ri'nara","","Vi","1. Emparejar, hacer parejo 2. Entarimar","[]","[]","","SRC-02[74]","Autorizada para difusión","Pendiente de validación lingüística","Transcrito"
"RD-002051","tar","Ri’narátachi","S","Ri’narátachi","ri'naratachi","","S","Lugar del patio donde está arreglado parejo","[]","[]","","SRC-02[75]","Autorizada para difusión","Pendiente de validación lingüística","Transcrito"
"RD-002052","tar","Riní","S","Riní","rini","","S","Boca","[]","[]","","SRC-02[75]","Autorizada para difusión","Pendiente de validación lingüística","Transcrito"
"RD-002053","tar","Rinórohui","S","Rinórohui","rinorohui","","S","Un tipo de serpiente (larga, muy ligera, de color negro)","[]","[]","","SRC-02[75]","Autorizada para difusión","Pendiente de validación lingüística","Transcrito"
"RD-002054","tar","Ri’ó","Vi","Ri’ó","ri'o","","Vi","Tronar el cielo","[]","[]","","SRC-02[75]","Autorizada para difusión","Pendiente de validación lingüística","Transcrito"
"RD-002055","tar","Ri’obá","S","Ri’obá","ri'oba","","S","Iglesia, templo","[]","[]","","SRC-02[75]","Autorizada para difusión","Pendiente de validación lingüística","Transcrito"
"RD-002056","tar","Riosi","S","Riosi","riosi","","S","Dios","[]","[]","","SRC-02[75]","Autorizada para difusión","Pendiente de validación lingüística","Transcrito"
"RD-002057","tar","Ripá","Adv","1Ripá","ripa","1","Adv","Arriba","[]","[]","","SRC-02[75]","Autorizada para difusión","Pendiente de validación lingüística","Transcrito"
"RD-002058","tar","Ripá","Vt","2Ripá","ripa","2","Vt","Rascar","[]","[]","","SRC-02[75]","Autorizada para difusión","Pendiente de validación lingüística","Transcrito"
"RD-002059","tar","Ripari","adv","Ripari","ripari","","Adv","Para arriba (un poco lejos)","[]","[]","","SRC-02[75]","Autorizada para difusión","Pendiente de validación lingüística","Transcrito"
"RD-002060","tar","Ripata rabó","S","Ripata rabó","ripata rabo","","S","Loma","[]","[]","","SRC-02[75]","Autorizada para difusión","Pendiente de validación lingüística","Transcrito"
"RD-002061","tar","Ripí","Vi sing","Ripí","ripi","","Vi","Quedar","[]","[]","","SRC-02[75]","Autorizada para difusión","Pendiente de validación lingüística","Transcrito"
"RD-002062","tar","Ripíruhui, ripiri","S","Ripíruhui, ripiri","ripiruhui, ripiri","","S","Saltapared (pájaro)","[""ripiri""]","[]","","SRC-02[75]","Autorizada para difusión","Pendiente de validación lingüística","Transcrito"
"RD-002063","tar","Ripisachi","Adv","Ripisachi","ripisachi","","Adv","En la laja","[]","[]","","SRC-02[75]","Autorizada para difusión","Pendiente de validación lingüística","Transcrito"
"RD-002064","tar","Ripiyá","S","Ripiyá","ripiya","","S","Cuchillo","[]","[]","","SRC-02[75]","Autorizada para difusión","Pendiente de validación lingüística","Transcrito"
"RD-002065","tar","Ripopa","S","Ripopa","ripopa","","S","Espalda","[]","[]","","SRC-02[75]","Autorizada para difusión","Pendiente de validación lingüística","Transcrito"
"RD-002066","tar","Ripora","Vt","Ripora","ripora","","Vt","Despedir","[]","[]","","SRC-02[75]","Autorizada para difusión","Pendiente de validación lingüística","Transcrito"
"RD-002067","tar","Riposi","S","Riposi","riposi","","S","Tuza","[]","[]","","SRC-02[75]","Autorizada para difusión","Pendiente de validación lingüística","Transcrito"
"RD-002068","tar","Ripú","Vi","1Ripú","ripu","1","Vi","Tronarse, cortarse","[]","[]","","SRC-02[75]","Autorizada para difusión","Pendiente de validación lingüística","Transcrito"
"RD-002069","tar","Ripú","S","2Ripú","ripu","2","S","Montón (de piedras y palos que echan al lado del camino o en un puerto entre las montañas)","[]","[]","","SRC-02[75]","Autorizada para difusión","Pendiente de validación lingüística","Transcrito"
"RD-002070","tar","Ripuca","S","Ripuca","ripuca","","S","Basura, abono","[]","[]","","SRC-02[75]","Autorizada para difusión","Pendiente de validación lingüística","Transcrito"
"RD-002071","tar","Ripuchí","S","Ripuchí","ripuchi","","S","Pulga","[]","[]","","SRC-02[75]","Autorizada para difusión","Pendiente de validación lingüística","Transcrito"
"RD-002072","tar","Ripuna","Vt","Ripuna","ripuna","","Vt","Trozar, cortar (con hacha)","[]","[]","","SRC-02[75]","Autorizada para difusión","Pendiente de validación lingüística","Transcrito"
"RD-002073","tar","Ripurá","S","Ripurá","ripura","","S","Hacha","[]","[]","","SRC-02[75]","Autorizada para difusión","Pendiente de validación lingüística","Transcrito"
"RD-002074","tar","Riqué","","Riqué","rique","","Sin clasificar","1. vt Pisar","[]","[]","","SRC-02[75]","Autorizada para difusión","Pendiente de validación lingüística","Transcrito"
"RD-002075","tar","Riquibú","","Riquibú","riquibu","","Sin clasificar","2. imper ¡Ponlo acostado!","[]","[]","","SRC-02[75]","Autorizada para difusión","Pendiente de validación lingüística","Transcrito"
"RD-002076","tar","Riquichó","Vt","Riquichó","riquicho","","Vt","Acornear","[]","[]","","SRC-02[75]","Autorizada para difusión","Pendiente de validación lingüística","Transcrito"
"RD-002077","tar","Riquina","Vi sing","Riquina","riquina","","Vi","1. Bajar (de arriba) 2. ir cuesta abajo (fig.)","[]","[]","","SRC-02[75]","Autorizada para difusión","Pendiente de validación lingüística","Transcrito"
"RD-002078","tar","Ri’ré","Adv","Ri’ré","ri're","","Adv","Abajo","[]","[]","","SRC-02[75]","Autorizada para difusión","Pendiente de validación lingüística","Transcrito"
"RD-002079","tar","Ri’rena","Adv","Ri’rena","ri'rena","","Adv","Por abajo","[]","[]","","SRC-02[75]","Autorizada para difusión","Pendiente de validación lingüística","Transcrito"
"RD-002080","tar","Ri’reque","S","Ri’reque","ri'reque","","S","Sur","[]","[]","","SRC-02[75]","Autorizada para difusión","Pendiente de validación lingüística","Transcrito"
"RD-002081","tar","Ri’reti","Adv","Ri’reti","ri'reti","","Adv","De abajo","[]","[]","","SRC-02[75]","Autorizada para difusión","Pendiente de validación lingüística","Transcrito"
"RD-002082","tar","Ri’rí","Adv","Ri’rí","ri'ri","","Adv","Más abajo","[]","[]","","SRC-02[75]","Autorizada para difusión","Pendiente de validación lingüística","Transcrito"
"RD-002083","tar","Ri’rínomí","Adv","Ri’rínomí","ri'rinomi","","Adv","Por el lado de abajo","[]","[]","","SRC-02[75]","Autorizada para difusión","Pendiente de validación lingüística","Transcrito"
"RD-002084","tar","Ri’risópari","S","Ri’risópari","ri'risopari","","S","Lucero","[]","[]","","SRC-02[75]","Autorizada para difusión","Pendiente de validación lingüística","Transcrito"
"RD-002085","tar","Ri’rohui","S","Ri’rohui","ri'rohui","","S","Papas","[]","[]","","SRC-02[75]","Autorizada para difusión","Pendiente de validación lingüística","Transcrito"
"RD-002086","tar","Rirú","Vi","Rirú","riru","","Vi","1. Eructar 2. Zumbar","[]","[]","","SRC-02[75]","Autorizada para difusión","Pendiente de validación lingüística","Transcrito"
"RD-002087","tar","Risensi","S","Risensi","risensi","","S","Licencia, permiso","[]","[]","","SRC-02[75]","Autorizada para difusión","Pendiente de validación lingüística","Transcrito"
"RD-002088","tar","Risénsia ‘ya","Vt","Risénsia ‘ya","risensia 'ya","","Vt","Conceder, autorizar, permitir","[]","[]","","SRC-02[75]","Autorizada para difusión","Pendiente de validación lingüística","Transcrito"
"RD-002089","tar","Risí","Vi","Risí","risi","","Vi","Cansarse","[]","[]","","SRC-02[75]","Autorizada para difusión","Pendiente de validación lingüística","Transcrito"
"RD-002090","tar","Risira","Vt","Risira","risira","","Vt","Cansar","[]","[]","","SRC-02[75]","Autorizada para difusión","Pendiente de validación lingüística","Transcrito"
"RD-002091","tar","Risirúami","Pp","Risirúami","risiruami","","Pp","Miserable, tacaño","[]","[]","","SRC-02[75]","Autorizada para difusión","Pendiente de validación lingüística","Transcrito"
"RD-002092","tar","Risó","S","Risó","riso","","S","Cueva","[]","[]","","SRC-02[76]","Autorizada para difusión","Pendiente de validación lingüística","Transcrito"
"RD-002093","tar","Risú, risunú","Vi pl","Risú, risunú","risu, risunu","","Vi","Están cayendo (muchas cosas)","[""risunú""]","[]","","SRC-02[76]","Autorizada para difusión","Pendiente de validación lingüística","Transcrito"
"RD-002094","tar","Risúati","Adj sing","Risúati","risuati","","Adj","Pobre","[]","[]","","SRC-02[76]","Autorizada para difusión","Pendiente de validación lingüística","Transcrito"
"RD-002095","tar","Risúu","Vi","Risúu","risuu","","Vi","Sufrir","[]","[]","","SRC-02[76]","Autorizada para difusión","Pendiente de validación lingüística","Transcrito"
"RD-002096","tar","Rité","S","1Rité","rite","1","S","Piedra","[]","[]","","SRC-02[76]","Autorizada para difusión","Pendiente de validación lingüística","Transcrito"
"RD-002097","tar","Rité","Vt","2Rité","rite","2","Vt","Patear","[]","[]","","SRC-02[76]","Autorizada para difusión","Pendiente de validación lingüística","Transcrito"
"RD-002098","tar","Ritéami","S","Ritéami","riteami","","S","El que ve","[]","[]","","SRC-02[76]","Autorizada para difusión","Pendiente de validación lingüística","Transcrito"
"RD-002099","tar","Ritéena","Vi","Ritéena","riteena","","Vi","Bostezar","[]","[]","","SRC-02[76]","Autorizada para difusión","Pendiente de validación lingüística","Transcrito"
"RD-002100","tar","Ritehuá, ritihuá","Vt","Ritehuá, ritihuá","ritehua, ritihua","","Vt","Ver","[""ritihuá""]","[]","","SRC-02[76]","Autorizada para difusión","Pendiente de validación lingüística","Transcrito"
"RD-002101","tar","Ritémahua","S pl","Ritémahua","ritemahua","","S","Hermanos","[]","[]","","SRC-02[76]","Autorizada para difusión","Pendiente de validación lingüística","Transcrito"
"RD-002102","tar","Ritú","Vr","1Ritú","ritu","1","Vr","Helarse","[]","[]","","SRC-02[76]","Autorizada para difusión","Pendiente de validación lingüística","Transcrito"
"RD-002103","tar","Ritú","Vt","2Ritú","ritu","2","Vt","Mirar, admirar","[]","[]","","SRC-02[76]","Autorizada para difusión","Pendiente de validación lingüística","Transcrito"
"RD-002104","tar","Ritúcari","S","Ritúcari","ritucari","","S","Tecolote grande (blanco y amarillento)","[]","[]","","SRC-02[76]","Autorizada para difusión","Pendiente de validación lingüística","Transcrito"
"RD-002105","tar","Riyahui","Vi","Riyahui","riyahui","","Vi","Hay hierba (de toda clase)","[]","[]","","SRC-02[76]","Autorizada para difusión","Pendiente de validación lingüística","Transcrito"
"RD-002106","tar","Riyáhuachi","","Riyáhuachi","riyahuachi","","Sin clasificar","Donde hay hierbas","[]","[]","","SRC-02[76]","Autorizada para difusión","Pendiente de validación lingüística","Transcrito"
"RD-002107","tar","Riyáhuata","Vi pl","Riyáhuata","riyahuata","","Vi","Crecer muchas hierbas","[]","[]","","SRC-02[76]","Autorizada para difusión","Pendiente de validación lingüística","Transcrito"
"RD-002108","tar","Ri’yeca, ri’eca","Vi pl","Ri’yeca, ri’eca","ri'yeca, ri'eca","","Vi","Jugar","[""ri’eca""]","[]","","SRC-02[76]","Autorizada para difusión","Pendiente de validación lingüística","Transcrito"
"RD-002109","tar","Ri’yóchani","Vi","Ri’yóchani","ri'yochani","","Vi","Tronar","[]","[]","","SRC-02[76]","Autorizada para difusión","Pendiente de validación lingüística","Transcrito"
"RD-002110","tar","Rocó","Vi","Rocó","roco","","Vi","Estar hondo","[]","[]","","SRC-02[76]","Autorizada para difusión","Pendiente de validación lingüística","Transcrito"
"RD-002111","tar","Rocóami","Adj","Rocóami","rocoami","","Adj","Hondo","[]","[]","","SRC-02[76]","Autorizada para difusión","Pendiente de validación lingüística","Transcrito"
"RD-002112","tar","Rocogó","S","Rocogó","rocogo","","S","Noche","[]","[]","","SRC-02[76]","Autorizada para difusión","Pendiente de validación lingüística","Transcrito"
"RD-002113","tar","Rocohuá","Vi","Rocohuá","rocohua","","Vi","Hay tinieblas","[]","[]","","SRC-02[76]","Autorizada para difusión","Pendiente de validación lingüística","Transcrito"
"RD-002114","tar","Rocohuárari","S","Rocohuárari","rocohuarari","","S","Oscuridad, en las tinieblas","[]","[]","","SRC-02[76]","Autorizada para difusión","Pendiente de validación lingüística","Transcrito"
"RD-002115","tar","Rocomíami","Adv","Rocomíami","rocomiami","","Adv","Cóncavo","[]","[]","","SRC-02[76]","Autorizada para difusión","Pendiente de validación lingüística","Transcrito"
"RD-002116","tar","Rocomítarami","Pp","Rocomítarami","rocomitarami","","Pp","Hecho chueco","[]","[]","","SRC-02[76]","Autorizada para difusión","Pendiente de validación lingüística","Transcrito"
"RD-002117","tar","Rocoró","S","Rocoró","rocoro","","S","Hojas grandes de encino","[]","[]","","SRC-02[76]","Autorizada para difusión","Pendiente de validación lingüística","Transcrito"
"RD-002118","tar","Rocuahua","Vi","Rocuahua","rocuahua","","Vi","Oscurecerse","[]","[]","","SRC-02[76]","Autorizada para difusión","Pendiente de validación lingüística","Transcrito"
"RD-002119","tar","Rocuiri","S","Rocuiri","rocuiri","","S","Rata montés (anda entre el zacate)","[]","[]","","SRC-02[76]","Autorizada para difusión","Pendiente de validación lingüística","Transcrito"
"RD-002120","tar","Rochá","S","Rochá","rocha","","S","Lagartija negra","[]","[]","","SRC-02[76]","Autorizada para difusión","Pendiente de validación lingüística","Transcrito"
"RD-002121","tar","Rochí","S","Rochí","rochi","","S","Pez, pescado","[]","[]","","SRC-02[76]","Autorizada para difusión","Pendiente de validación lingüística","Transcrito"
"RD-002122","tar","Rochíbana","Vt","Rochíbana","rochibana","","Vt","Entretejer, hacer mecates","[]","[]","","SRC-02[76]","Autorizada para difusión","Pendiente de validación lingüística","Transcrito"
"RD-002123","tar","Rochíhuari","S","Rochíhuari","rochihuari","","S","Tipo de quelite (comestible)","[]","[]","","SRC-02[76]","Autorizada para difusión","Pendiente de validación lingüística","Transcrito"
"RD-002124","tar","Rochorí","S","Rochorí","rochori","","S","Codorniz (ave)","[]","[]","","SRC-02[76]","Autorizada para difusión","Pendiente de validación lingüística","Transcrito"
"RD-002125","tar","Ro’huá","Vt","1Ro’huá","ro'hua","1","Vt","Derramar (un líquido)","[]","[]","","SRC-02[76]","Autorizada para difusión","Pendiente de validación lingüística","Transcrito"
"RD-002126","tar","Ro’huá","Vt","2Ro’huá","ro'hua","2","Vt","Surcar (con el arado)","[]","[]","","SRC-02[76]","Autorizada para difusión","Pendiente de validación lingüística","Transcrito"
"RD-002127","tar","Ro’huá","Vt pl","3Ro’huá","ro'hua","3","Vt","Poner acostados","[]","[]","","SRC-02[76]","Autorizada para difusión","Pendiente de validación lingüística","Transcrito"
"RD-002128","tar","Ro’huaba","Vt pl","Ro’huaba","ro'huaba","","Vt","Tumbar, poner acostados","[]","[]","","SRC-02[76]","Autorizada para difusión","Pendiente de validación lingüística","Transcrito"
"RD-002129","tar","Rohué","Vi pl","1Rohué","rohue","1","Vi","Correr con aros (las mujeres)","[]","[]","","SRC-02[76]","Autorizada para difusión","Pendiente de validación lingüística","Transcrito"
"RD-002130","tar","Rohué","Vt","2Rohué","rohue","2","Vt","Atizar","[]","[]","","SRC-02[76]","Autorizada para difusión","Pendiente de validación lingüística","Transcrito"
"RD-002131","tar","Ro’hué","Vt","Ro’hué","ro'hue","","Vt","Cultivar (maíz)","[]","[]","","SRC-02[76]","Autorizada para difusión","Pendiente de validación lingüística","Transcrito"
"RD-002132","tar","Rohuera","S","Rohuera","rohuera","","S","Aro","[]","[]","","SRC-02[76]","Autorizada para difusión","Pendiente de validación lingüística","Transcrito"
"RD-002133","tar","Rohuí","S","Rohuí","rohui","","S","Conejo","[]","[]","","SRC-02[76]","Autorizada para difusión","Pendiente de validación lingüística","Transcrito"
"RD-002134","tar","Ro’huí","Vi","Ro’huí","ro'hui","","Vi","1. Volver por atrás, dar vueltas 2. Arrepentirse","[]","[]","","SRC-02[76]","Autorizada para difusión","Pendiente de validación lingüística","Transcrito"
"RD-002135","tar","Rojá","Vi pl","Rojá","roja","","Vi","Apartarse","[]","[]","","SRC-02[76]","Autorizada para difusión","Pendiente de validación lingüística","Transcrito"
"RD-002136","tar","Rojácami","S","Rojácami","rojacami","","S","Cambio (dinero)","[]","[]","","SRC-02[76]","Autorizada para difusión","Pendiente de validación lingüística","Transcrito"
"RD-002137","tar","Rojana","Vt","Rojana","rojana","","Vt","Apartar","[]","[]","","SRC-02[77]","Autorizada para difusión","Pendiente de validación lingüística","Transcrito"
"RD-002138","tar","Rojoná","Vt","Rojoná","rojona","","Vt","Separar","[]","[]","","SRC-02[77]","Autorizada para difusión","Pendiente de validación lingüística","Transcrito"
"RD-002139","tar","Rojorá","Vi","Rojorá","rojora","","Vi","1. Aguantarse (en la carrera) 2. Durar mucho (ropa)","[]","[]","","SRC-02[77]","Autorizada para difusión","Pendiente de validación lingüística","Transcrito"
"RD-002140","tar","Rojorócuhui","S","Rojorócuhui","rojorocuhui","","S","Lagartija pinta","[]","[]","","SRC-02[77]","Autorizada para difusión","Pendiente de validación lingüística","Transcrito"
"RD-002141","tar","Rojuá","S","1Rojuá","rojua","1","S","Encino (de todos tipos)","[]","[]","","SRC-02[77]","Autorizada para difusión","Pendiente de validación lingüística","Transcrito"
"RD-002142","tar","Rojuá","Vi","2Rojuá","rojua","2","Vi","Apartarse","[]","[]","","SRC-02[77]","Autorizada para difusión","Pendiente de validación lingüística","Transcrito"
"RD-002143","tar","Rojuácami","Pp","Rojuácami","rojuacami","","Pp","Separado, apartado","[]","[]","","SRC-02[77]","Autorizada para difusión","Pendiente de validación lingüística","Transcrito"
"RD-002144","tar","Rojuana","Vt pl","Rojuana","rojuana","","Vt","Apartar, despedazar","[]","[]","","SRC-02[77]","Autorizada para difusión","Pendiente de validación lingüística","Transcrito"
"RD-002145","tar","Rojuárari","","Rojuárari","rojuarari","","Sin clasificar","Entre los encinos","[]","[]","","SRC-02[77]","Autorizada para difusión","Pendiente de validación lingüística","Transcrito"
"RD-002146","tar","Rojuí","S","Rojuí","rojui","","S","Bellota","[]","[]","","SRC-02[77]","Autorizada para difusión","Pendiente de validación lingüística","Transcrito"
"RD-002147","tar","Romíami","Adj","Romíami","romiami","","Adj","Flexible","[]","[]","","SRC-02[77]","Autorizada para difusión","Pendiente de validación lingüística","Transcrito"
"RD-002148","tar","Ro’mina","Vi","Ro’mina","ro'mina","","Vi","Volver por atrás, dar vueltas (barbechando o en las carreras)","[]","[]","","SRC-02[77]","Autorizada para difusión","Pendiente de validación lingüística","Transcrito"
"RD-002149","tar","Romina","Vt","Romina","romina","","Vt","1. Doblar 2. Enrollar","[]","[]","","SRC-02[77]","Autorizada para difusión","Pendiente de validación lingüística","Transcrito"
"RD-002150","tar","Romírachi","S","Romírachi","romirachi","","S","1. Coyuntura 2. Tobillo","[]","[]","","SRC-02[77]","Autorizada para difusión","Pendiente de validación lingüística","Transcrito"
"RD-002151","tar","Romírahua","S","Romírahua","romirahua","","S","Hueso de la muñeca","[]","[]","","SRC-02[77]","Autorizada para difusión","Pendiente de validación lingüística","Transcrito"
"RD-002152","tar","Romó","S","Romó","romo","","S","Invierno","[]","[]","","SRC-02[77]","Autorizada para difusión","Pendiente de validación lingüística","Transcrito"
"RD-002153","tar","Romohua","Vi","Romohua","romohua","","Vi","Lloviznar","[]","[]","","SRC-02[77]","Autorizada para difusión","Pendiente de validación lingüística","Transcrito"
"RD-002154","tar","Romosa","Vi","Romosa","romosa","","Vi","Comenzar el invierno","[]","[]","","SRC-02[77]","Autorizada para difusión","Pendiente de validación lingüística","Transcrito"
"RD-002155","tar","Roné","Vi","1Roné","rone","1","Vi","Tener pies o patas","[]","[]","","SRC-02[77]","Autorizada para difusión","Pendiente de validación lingüística","Transcrito"
"RD-002156","tar","Roné","Vt","2Roné","rone","2","Vt","Hervir","[]","[]","","SRC-02[77]","Autorizada para difusión","Pendiente de validación lingüística","Transcrito"
"RD-002157","tar","Ronena","Vi","Ronena","ronena","","Vi","Hacer espuma","[]","[]","","SRC-02[77]","Autorizada para difusión","Pendiente de validación lingüística","Transcrito"
"RD-002158","tar","Ronera","Vi","Ronera","ronera","","Vi","Ponerse los pies (en una banca)","[]","[]","","SRC-02[77]","Autorizada para difusión","Pendiente de validación lingüística","Transcrito"
"RD-002159","tar","Ronó","Vi","1Ronó","rono","1","Vi","Hervirse","[]","[]","","SRC-02[77]","Autorizada para difusión","Pendiente de validación lingüística","Transcrito"
"RD-002160","tar","Ronó","S","2Ronó","rono","2","S","Pie, pata","[]","[]","","SRC-02[77]","Autorizada para difusión","Pendiente de validación lingüística","Transcrito"
"RD-002161","tar","Ronobaca","Vi","Ronobaca","ronobaca","","Vi","Lavarse (pies, piernas)","[]","[]","","SRC-02[77]","Autorizada para difusión","Pendiente de validación lingüística","Transcrito"
"RD-002162","tar","Ronobácata","","Ronobácata","ronobacata","","Sin clasificar","Soba las piernas del corredor con agua mezclada con maguey para que no lo toque el hechicero","[]","[]","","SRC-02[77]","Autorizada para difusión","Pendiente de validación lingüística","Transcrito"
"RD-002163","tar","Ronojípana","Vt","Ronojípana","ronojipana","","Vt","Manear","[]","[]","","SRC-02[77]","Autorizada para difusión","Pendiente de validación lingüística","Transcrito"
"RD-002164","tar","Ropá","S","Ropá","ropa","","S","Estómago","[]","[]","","SRC-02[77]","Autorizada para difusión","Pendiente de validación lingüística","Transcrito"
"RD-002165","tar","Ropajipa","Vt","Ropajipa","ropajipa","","Vt","Cinchar","[]","[]","","SRC-02[77]","Autorizada para difusión","Pendiente de validación lingüística","Transcrito"
"RD-002166","tar","Ropajípara","S","Ropajípara","ropajipara","","S","Cincha","[]","[]","","SRC-02[77]","Autorizada para difusión","Pendiente de validación lingüística","Transcrito"
"RD-002167","tar","Ropé","Vi","Ropé","rope","","Vi","Tener estómago","[]","[]","","SRC-02[77]","Autorizada para difusión","Pendiente de validación lingüística","Transcrito"
"RD-002168","tar","Ropéami","Adj","Ropéami","ropeami","","Adj","Panzón","[]","[]","","SRC-02[77]","Autorizada para difusión","Pendiente de validación lingüística","Transcrito"
"RD-002169","tar","Ropóchami","Adj","Ropóchami","ropochami","","Adj","Jorobado","[]","[]","","SRC-02[77]","Autorizada para difusión","Pendiente de validación lingüística","Transcrito"
"RD-002170","tar","Ropochí","S","Ropochí","ropochi","","S","Panza","[]","[]","","SRC-02[77]","Autorizada para difusión","Pendiente de validación lingüística","Transcrito"
"RD-002171","tar","Rorí","S","Rorí","rori","","S","Rata","[]","[]","","SRC-02[77]","Autorizada para difusión","Pendiente de validación lingüística","Transcrito"
"RD-002172","tar","Roró","Vi","Roró","roro","","Vi","1. Bramar, mugir, rugir 2. Sonar (motor) 3. Gruñir 4. Roncar","[]","[]","","SRC-02[77]","Autorizada para difusión","Pendiente de validación lingüística","Transcrito"
"RD-002173","tar","Rorobá","Vt","Rorobá","roroba","","Vt","Enfriar (lo que estaba en la lumbre)","[]","[]","","SRC-02[77]","Autorizada para difusión","Pendiente de validación lingüística","Transcrito"
"RD-002174","tar","Roroca, rorógara","S","Roroca, rorógara","roroca, rorogara","","S","Tráquea","[""rorógara""]","[]","","SRC-02[77]","Autorizada para difusión","Pendiente de validación lingüística","Transcrito"
"RD-002175","tar","Roróchané","Vi","Roróchané","rorochane","","Vi","1. Bramar (toro) 2. Zumbar","[]","[]","","SRC-02[78]","Autorizada para difusión","Pendiente de validación lingüística","Transcrito"
"RD-002176","tar","Ro’roché","Vi","Ro’roché","ro'roche","","Vi","Cuajarse, congelarse","[]","[]","","SRC-02[78]","Autorizada para difusión","Pendiente de validación lingüística","Transcrito"
"RD-002177","tar","Ro’rosópari","S","Ro’rosópari","ro'rosopari","","S","Lucero","[]","[]","","SRC-02[78]","Autorizada para difusión","Pendiente de validación lingüística","Transcrito"
"RD-002178","tar","Rosábachami","Adj","Rosábachami","rosabachami","","Adj","Medio blanco, gris (como una camisa despintada), pardo","[]","[]","","SRC-02[78]","Autorizada para difusión","Pendiente de validación lingüística","Transcrito"
"RD-002179","tar","Rosácami","Adj sing","Rosácami","rosacami","","Adj","Blanco","[]","[]","","SRC-02[78]","Autorizada para difusión","Pendiente de validación lingüística","Transcrito"
"RD-002180","tar","Rosana","Vi","Rosana","rosana","","Vi","Blanquearse","[]","[]","","SRC-02[78]","Autorizada para difusión","Pendiente de validación lingüística","Transcrito"
"RD-002181","tar","Rosánahua","Vt","Rosánahua","rosanahua","","Vt","Blanquear","[]","[]","","SRC-02[78]","Autorizada para difusión","Pendiente de validación lingüística","Transcrito"
"RD-002182","tar","Rosánari","Adj","Rosánari","rosanari","","Adj","Pálido","[]","[]","","SRC-02[78]","Autorizada para difusión","Pendiente de validación lingüística","Transcrito"
"RD-002183","tar","Rosánata","Vt","Rosánata","rosanata","","Vt","Emblanquecer","[]","[]","","SRC-02[78]","Autorizada para difusión","Pendiente de validación lingüística","Transcrito"
"RD-002184","tar","Rosó","S","Rosó","roso","","S","Nido","[]","[]","","SRC-02[78]","Autorizada para difusión","Pendiente de validación lingüística","Transcrito"
"RD-002185","tar","Rosobáchami","Adj","Rosobáchami","rosobachami","","Adj","Tordo","[]","[]","","SRC-02[78]","Autorizada para difusión","Pendiente de validación lingüística","Transcrito"
"RD-002186","tar","Rosobocha","Vi","Rosobocha","rosobocha","","Vi","Despintarse","[]","[]","","SRC-02[78]","Autorizada para difusión","Pendiente de validación lingüística","Transcrito"
"RD-002187","tar","Rosohua","Vi","Rosohua","rosohua","","Vi","Toser","[]","[]","","SRC-02[78]","Autorizada para difusión","Pendiente de validación lingüística","Transcrito"
"RD-002188","tar","Rosoná","S","Rosoná","rosona","","S","Pato","[]","[]","","SRC-02[78]","Autorizada para difusión","Pendiente de validación lingüística","Transcrito"
"RD-002189","tar","Rosorá","","Rosorá","rosora","","Sin clasificar","1. s Nido 2. vt Hacer nido","[]","[]","","SRC-02[78]","Autorizada para difusión","Pendiente de validación lingüística","Transcrito"
"RD-002190","tar","Rosorí","S","Rosorí","rosori","","S","Tipo de maíz blando","[]","[]","","SRC-02[78]","Autorizada para difusión","Pendiente de validación lingüística","Transcrito"
"RD-002191","tar","Rotebi","S","Rotebi","rotebi","","S","Salamandra (reptil)","[]","[]","","SRC-02[78]","Autorizada para difusión","Pendiente de validación lingüística","Transcrito"
"RD-002192","tar","Rotosí","S","Rotosí","rotosi","","S","Sauz (árbol, sauce)","[]","[]","","SRC-02[78]","Autorizada para difusión","Pendiente de validación lingüística","Transcrito"
"RD-002193","tar","Ru","","1Ru","ru","1","Sin clasificar","1. vi Avisar 2. vt Testificar","[]","[]","","SRC-02[78]","Autorizada para difusión","Pendiente de validación lingüística","Transcrito"
"RD-002194","tar","Ru","Vt","2Ru","ru","2","Vt","Descubrir","[]","[]","","SRC-02[78]","Autorizada para difusión","Pendiente de validación lingüística","Transcrito"
"RD-002195","tar","Rucuáhua","Vi","Rucuáhua","rucuahua","","Vi","Estar oscureciéndose","[]","[]","","SRC-02[78]","Autorizada para difusión","Pendiente de validación lingüística","Transcrito"
"RD-002196","tar","Rucuchuri","S","Rucuchuri","rucuchuri","","S","Grillo","[]","[]","","SRC-02[78]","Autorizada para difusión","Pendiente de validación lingüística","Transcrito"
"RD-002197","tar","Rucué","Vt","Rucué","rucue","","Vt","Preguntar","[]","[]","","SRC-02[78]","Autorizada para difusión","Pendiente de validación lingüística","Transcrito"
"RD-002198","tar","Ruchí","S","Ruchí","ruchi","","S","Gato montés","[]","[]","","SRC-02[78]","Autorizada para difusión","Pendiente de validación lingüística","Transcrito"
"RD-002199","tar","Ruhué","S","Ruhué","ruhue","","S","Liebre","[]","[]","","SRC-02[78]","Autorizada para difusión","Pendiente de validación lingüística","Transcrito"
"RD-002200","tar","Rujuí","Vi pl","Rujuí","rujui","","Vi","Caerse (varias cosas)","[]","[]","","SRC-02[78]","Autorizada para difusión","Pendiente de validación lingüística","Transcrito"
"RD-002201","tar","Rumuca asisa","Vi","Rumuca asisa","rumuca asisa","","Vi","Caminarse dormido","[]","[]","","SRC-02[78]","Autorizada para difusión","Pendiente de validación lingüística","Transcrito"
"RD-002202","tar","Ru’ná","Vi","Ru’ná","ru'na","","Vi","Estar grueso","[]","[]","","SRC-02[78]","Autorizada para difusión","Pendiente de validación lingüística","Transcrito"
"RD-002203","tar","Ru’náami","Adj","Ru’náami","ru'naami","","Adj","Grueso","[]","[]","","SRC-02[78]","Autorizada para difusión","Pendiente de validación lingüística","Transcrito"
"RD-002204","tar","Ruráami","Adj","Ruráami","ruraami","","Adj","Frío, fresco","[]","[]","","SRC-02[78]","Autorizada para difusión","Pendiente de validación lingüística","Transcrito"
"RD-002205","tar","Rurahuá","Vi","Rurahuá","rurahua","","Vi","Hace frío","[]","[]","","SRC-02[78]","Autorizada para difusión","Pendiente de validación lingüística","Transcrito"
"RD-002206","tar","Rurú","S","Rurú","ruru","","S","Sonaja (que llevan los corredores)","[]","[]","","SRC-02[78]","Autorizada para difusión","Pendiente de validación lingüística","Transcrito"
"RD-002207","tar","Rurusí","S","Rurusí","rurusi","","S","Tomatillo (una frutita que crece en una mata entre las siembras)","[]","[]","","SRC-02[78]","Autorizada para difusión","Pendiente de validación lingüística","Transcrito"
"RD-002208","tar","Rúsiami","S","Rúsiami","rusiami","","S","Intérprete","[]","[]","","SRC-02[78]","Autorizada para difusión","Pendiente de validación lingüística","Transcrito"
"RD-002209","tar","Rusú","Vt","Rusú","rusu","","Vt","Moler","[]","[]","","SRC-02[78]","Autorizada para difusión","Pendiente de validación lingüística","Transcrito"
"RD-002210","tar","Ruyari","S","Ruyari","ruyari","","S","Molleja, buche","[]","[]","","SRC-02[78]","Autorizada para difusión","Pendiente de validación lingüística","Transcrito"
"RD-002211","tar","Ruyé","Vt","Ruyé","ruye","","Vt","Avisar, aconsejar, informar","[]","[]","","SRC-02[78]","Autorizada para difusión","Pendiente de validación lingüística","Transcrito"
"RD-002212","tar","Sáa, sái","Vt","Sáa, sái","saa, sai","","Vt","Oler, olfatear","[""sái""]","[]","","SRC-02[78]","Autorizada para difusión","Pendiente de validación lingüística","Transcrito"
"RD-002213","tar","Sáata","Vi","1Sáata","saata","1","Vi","Seguir olfateando","[]","[]","","SRC-02[78]","Autorizada para difusión","Pendiente de validación lingüística","Transcrito"
"RD-002214","tar","Sáata","Vi","2Sáata","saata","2","Vi","Hacer brasas","[]","[]","","SRC-02[78]","Autorizada para difusión","Pendiente de validación lingüística","Transcrito"
"RD-002215","tar","Saca","Vt","Saca","saca","","Vt","Conseguir","[]","[]","","SRC-02[78]","Autorizada para difusión","Pendiente de validación lingüística","Transcrito"
"RD-002216","tar","Sacará","S","Sacará","sacara","","S","Zacate","[]","[]","","SRC-02[78]","Autorizada para difusión","Pendiente de validación lingüística","Transcrito"
"RD-002217","tar","Sacuá","S","Sacuá","sacua","","S","Tipo de rana verde, sapo","[]","[]","","SRC-02[79]","Autorizada para difusión","Pendiente de validación lingüística","Transcrito"
"RD-002218","tar","Sagú","Vt","Sagú","sagu","","Vt","Secar (verdura)","[]","[]","","SRC-02[79]","Autorizada para difusión","Pendiente de validación lingüística","Transcrito"
"RD-002219","tar","Sahuá","S","Sahuá","sahua","","S","1. Tipo de pino (con corteza gruesa y agujas delgadas) 2. Hoja","[]","[]","","SRC-02[79]","Autorizada para difusión","Pendiente de validación lingüística","Transcrito"
"RD-002220","tar","Sahua","Vt","Sahua","sahua","","Vt","Quemar","[]","[]","","SRC-02[79]","Autorizada para difusión","Pendiente de validación lingüística","Transcrito"
"RD-002221","tar","Sa’huá","Vt","Sa’huá","sa'hua","","Vt","Curar, sanar","[]","[]","","SRC-02[79]","Autorizada para difusión","Pendiente de validación lingüística","Transcrito"
"RD-002222","tar","Sáhuara","S","Sáhuara","sahuara","","S","Sonaja (de los matachines)","[]","[]","","SRC-02[79]","Autorizada para difusión","Pendiente de validación lingüística","Transcrito"
"RD-002223","tar","Sahuarasa","Vi pl","Sahuarasa","sahuarasa","","Vi","Brotar (hojas nuevas)","[]","[]","","SRC-02[79]","Autorizada para difusión","Pendiente de validación lingüística","Transcrito"
"RD-002224","tar","Sahuarásimí","Vi","Sahuarásimí","sahuarasimi","","Vi","Retoñar","[]","[]","","SRC-02[79]","Autorizada para difusión","Pendiente de validación lingüística","Transcrito"
"RD-002225","tar","Sahuarusa","Vi pl","Sahuarusa","sahuarusa","","Vi","Caerse (las hojas)","[]","[]","","SRC-02[79]","Autorizada para difusión","Pendiente de validación lingüística","Transcrito"
"RD-002226","tar","Sahuí","Vi","Sahuí","sahui","","Vi","Quemarse, hacerse brasas","[]","[]","","SRC-02[79]","Autorizada para difusión","Pendiente de validación lingüística","Transcrito"
"RD-002227","tar","Sa’huí","Vi","Sa’huí","sa'hui","","Vi","Aliviarse","[]","[]","","SRC-02[79]","Autorizada para difusión","Pendiente de validación lingüística","Transcrito"
"RD-002228","tar","Sahuiri","S","Sahuiri","sahuiri","","S","Brasas, carbón","[]","[]","","SRC-02[79]","Autorizada para difusión","Pendiente de validación lingüística","Transcrito"
"RD-002229","tar","Sahuiruma","Vi","Sahuiruma","sahuiruma","","Vi","Temblar","[]","[]","","SRC-02[79]","Autorizada para difusión","Pendiente de validación lingüística","Transcrito"
"RD-002230","tar","Sái","","Sái","sai","","Sin clasificar","Oler, olfatear","[]","[]","","SRC-02[79]","Autorizada para difusión","Pendiente de validación lingüística","Transcrito"
"RD-002231","tar","Sa’í","S","Sa’í","sa'i","","S","Lombriz de tierra","[]","[]","","SRC-02[79]","Autorizada para difusión","Pendiente de validación lingüística","Transcrito"
"RD-002232","tar","Sa’mecha","Vt","Sa’mecha","sa'mecha","","Vt","Remojar, mojar","[]","[]","","SRC-02[79]","Autorizada para difusión","Pendiente de validación lingüística","Transcrito"
"RD-002233","tar","Sa’mí","Vi","Sa’mí","sa'mi","","Vi","Estar mojado","[]","[]","","SRC-02[79]","Autorizada para difusión","Pendiente de validación lingüística","Transcrito"
"RD-002234","tar","Samichí","S","Samichí","samichi","","S","En algún lugar mojado","[]","[]","","SRC-02[79]","Autorizada para difusión","Pendiente de validación lingüística","Transcrito"
"RD-002235","tar","Sa’mina","Vi","Sa’mina","sa'mina","","Vi","Humedecerse","[]","[]","","SRC-02[79]","Autorizada para difusión","Pendiente de validación lingüística","Transcrito"
"RD-002236","tar","Sampá","Vi","Sampá","sampa","","Vi","Mojarse","[]","[]","","SRC-02[79]","Autorizada para difusión","Pendiente de validación lingüística","Transcrito"
"RD-002237","tar","Sampacha","Vt","Sampacha","sampacha","","Vt","Remojar","[]","[]","","SRC-02[79]","Autorizada para difusión","Pendiente de validación lingüística","Transcrito"
"RD-002238","tar","Sa’narí","S","Sa’narí","sa'nari","","S","Sedimento del tesgüino","[]","[]","","SRC-02[79]","Autorizada para difusión","Pendiente de validación lingüística","Transcrito"
"RD-002239","tar","Sapá","S","Sapá","sapa","","S","Carne","[]","[]","","SRC-02[79]","Autorizada para difusión","Pendiente de validación lingüística","Transcrito"
"RD-002240","tar","Sapará","Vi","Sapará","sapara","","Vi","Engordarse","[]","[]","","SRC-02[79]","Autorizada para difusión","Pendiente de validación lingüística","Transcrito"
"RD-002241","tar","Saparábana","Vt","Saparábana","saparabana","","Vt","Engordar","[]","[]","","SRC-02[79]","Autorizada para difusión","Pendiente de validación lingüística","Transcrito"
"RD-002242","tar","Saparusa","Vi","Saparusa","saparusa","","Vi","Enflaquecerse","[]","[]","","SRC-02[79]","Autorizada para difusión","Pendiente de validación lingüística","Transcrito"
"RD-002243","tar","Sapé","Vi","Sapé","sape","","Vi","Estar gordo, tener cuerpo","[]","[]","","SRC-02[79]","Autorizada para difusión","Pendiente de validación lingüística","Transcrito"
"RD-002244","tar","Sapepa: machí sapepa","Vi","Sapepa: machí sapepa","sapepa: machi sapepa","","Vi","Desnudarse","[]","[]","","SRC-02[79]","Autorizada para difusión","Pendiente de validación lingüística","Transcrito"
"RD-002245","tar","Sapota","Vi","Sapota","sapota","","Vi","Hacer palomitas de maíz","[]","[]","","SRC-02[79]","Autorizada para difusión","Pendiente de validación lingüística","Transcrito"
"RD-002246","tar","Sapú","Vi","Sapú","sapu","","Vi","Apurarse","[]","[]","","SRC-02[79]","Autorizada para difusión","Pendiente de validación lingüística","Transcrito"
"RD-002247","tar","Saquí","","Saquí","saqui","","Sin clasificar","1. vt Hacer esquite 2. s Esquite","[]","[]","","SRC-02[79]","Autorizada para difusión","Pendiente de validación lingüística","Transcrito"
"RD-002248","tar","Saquiri","S","Saquiri","saquiri","","S","Comal","[]","[]","","SRC-02[79]","Autorizada para difusión","Pendiente de validación lingüística","Transcrito"
"RD-002249","tar","Sa’rihuá","S","Sa’rihuá","sa'rihua","","S","Saliva","[]","[]","","SRC-02[79]","Autorizada para difusión","Pendiente de validación lingüística","Transcrito"
"RD-002250","tar","Sa’rihué","Vi","Sa’rihué","sa'rihue","","Vi","Salivar, babear","[]","[]","","SRC-02[79]","Autorizada para difusión","Pendiente de validación lingüística","Transcrito"
"RD-002251","tar","Saróami","Adj","Saróami","saroami","","Adj","Amarillo, anaranjado","[]","[]","","SRC-02[79]","Autorizada para difusión","Pendiente de validación lingüística","Transcrito"
"RD-002252","tar","Sasira","Vi","Sasira","sasira","","Vi","Resbalarse","[]","[]","","SRC-02[79]","Autorizada para difusión","Pendiente de validación lingüística","Transcrito"
"RD-002253","tar","Saté","S","Saté","sate","","S","Arena","[]","[]","","SRC-02[79]","Autorizada para difusión","Pendiente de validación lingüística","Transcrito"
"RD-002254","tar","Satibó","S","Satibó","satibo","","S","Arenal","[]","[]","","SRC-02[79]","Autorizada para difusión","Pendiente de validación lingüística","Transcrito"
"RD-002255","tar","Sabitótami","Adj","Sabitótami","sabitotami","","Adj","Arenoso","[]","[]","","SRC-02[79]","Autorizada para difusión","Pendiente de validación lingüística","Transcrito"
"RD-002256","tar","Satérama","Vt pret","Satérama","saterama","","Vt","Ensuciar con arena","[]","[]","","SRC-02[79]","Autorizada para difusión","Pendiente de validación lingüística","Transcrito"
"RD-002257","tar","Satibú","Vt","Satibú","satibu","","Vt","Quitar la arena","[]","[]","","SRC-02[79]","Autorizada para difusión","Pendiente de validación lingüística","Transcrito"
"RD-002258","tar","Sayahui","S","Sayahui","sayahui","","S","Víbora de cascabel (grande)","[]","[]","","SRC-02[79]","Autorizada para difusión","Pendiente de validación lingüística","Transcrito"
"RD-002259","tar","Sayé","S sing","Sayé","saye","","S","Enemigo","[]","[]","","SRC-02[79]","Autorizada para difusión","Pendiente de validación lingüística","Transcrito"
"RD-002260","tar","Sayécari","S","Sayécari","sayecari","","S","Sonaja de pascolero","[]","[]","","SRC-02[80]","Autorizada para difusión","Pendiente de validación lingüística","Transcrito"
"RD-002261","tar","Sayiná, que sayiná","Adv","Sayiná, que sayiná","sayina, que sayina","","Adv","De repente","[""que sayiná""]","[]","","SRC-02[80]","Autorizada para difusión","Pendiente de validación lingüística","Transcrito"
"RD-002262","tar","Sayiruma","Vi","Sayiruma","sayiruma","","Vi","Temblarse","[]","[]","","SRC-02[80]","Autorizada para difusión","Pendiente de validación lingüística","Transcrito"
"RD-002263","tar","Seba","Vt","Seba","seba","","Vt","1. Alcanzar, llegar 2. Lograr 3. Llegar a ser","[]","[]","","SRC-02[80]","Autorizada para difusión","Pendiente de validación lingüística","Transcrito"
"RD-002264","tar","Sebárachi","S","Sebárachi","sebarachi","","S","Lugar donde lo alcanza","[]","[]","","SRC-02[80]","Autorizada para difusión","Pendiente de validación lingüística","Transcrito"
"RD-002265","tar","Sebara","Vt","Sebara","sebara","","Vt","Completar, cumplir","[]","[]","","SRC-02[80]","Autorizada para difusión","Pendiente de validación lingüística","Transcrito"
"RD-002266","tar","Sébari","Adj","Sébari","sebari","","Adj","1. Bastante 2. Completo","[]","[]","","SRC-02[80]","Autorizada para difusión","Pendiente de validación lingüística","Transcrito"
"RD-002267","tar","Sehuá","Vi","Sehuá","sehua","","Vi","Florecer","[]","[]","","SRC-02[80]","Autorizada para difusión","Pendiente de validación lingüística","Transcrito"
"RD-002268","tar","Si","Vi pl","1Si","si","1","Vi","Llegan","[]","[]","","SRC-02[80]","Autorizada para difusión","Pendiente de validación lingüística","Transcrito"
"RD-002269","tar","Si","Vi","2Si","si","2","Vi","Hacer","[]","[]","","SRC-02[80]","Autorizada para difusión","Pendiente de validación lingüística","Transcrito"
"RD-002270","tar","Si","Vi","3Si","si","3","Vi","Dilatarse","[]","[]","","SRC-02[80]","Autorizada para difusión","Pendiente de validación lingüística","Transcrito"
"RD-002271","tar","Si’á","S","Si’á","si'a","","S","Suegro","[]","[]","","SRC-02[80]","Autorizada para difusión","Pendiente de validación lingüística","Transcrito"
"RD-002272","tar","Síbari","S","Síbari","sibari","","S","Chiltipiquín (tipo de chile)","[]","[]","","SRC-02[80]","Autorizada para difusión","Pendiente de validación lingüística","Transcrito"
"RD-002273","tar","Sibori","S","Sibori","sibori","","S","Renacuajo","[]","[]","","SRC-02[80]","Autorizada para difusión","Pendiente de validación lingüística","Transcrito"
"RD-002274","tar","Sicá","Vt","1Sicá","sica","1","Vt","Trasquilar","[]","[]","","SRC-02[80]","Autorizada para difusión","Pendiente de validación lingüística","Transcrito"
"RD-002275","tar","Sicá","Vt","2Sicá","sica","2","Vt","Brazo","[]","[]","","SRC-02[80]","Autorizada para difusión","Pendiente de validación lingüística","Transcrito"
"RD-002276","tar","Sicá jiti","","Sicá jiti","sica jiti","","Sin clasificar","A mano","[]","[]","","SRC-02[80]","Autorizada para difusión","Pendiente de validación lingüística","Transcrito"
"RD-002277","tar","Sicachó","Vi","Sicachó","sicacho","","Vi","Aplaudir","[]","[]","","SRC-02[80]","Autorizada para difusión","Pendiente de validación lingüística","Transcrito"
"RD-002278","tar","Sicahué","Vt","Sicahué","sicahue","","Vt","Bracear","[]","[]","","SRC-02[80]","Autorizada para difusión","Pendiente de validación lingüística","Transcrito"
"RD-002279","tar","Sicamochi","Pp","Sicamochi","sicamochi","","Pp","Estar mocho de una mano","[]","[]","","SRC-02[80]","Autorizada para difusión","Pendiente de validación lingüística","Transcrito"
"RD-002280","tar","Sicara","Vi","Sicara","sicara","","Vi","Mover (brazos)","[]","[]","","SRC-02[80]","Autorizada para difusión","Pendiente de validación lingüística","Transcrito"
"RD-002281","tar","Sicobachi","S","Sicobachi","sicobachi","","S","Tipo de calabaza (blanca o pintada)","[]","[]","","SRC-02[80]","Autorizada para difusión","Pendiente de validación lingüística","Transcrito"
"RD-002282","tar","Sicochi","Adv","Sicochi","sicochi","","Adv","En un rincón","[]","[]","","SRC-02[80]","Autorizada para difusión","Pendiente de validación lingüística","Transcrito"
"RD-002283","tar","Sicohua, sicóori","Vi","Sicohua, sicóori","sicohua, sicoori","","Vi","Hacer ruido (estómago)","[""sicóori""]","[]","","SRC-02[80]","Autorizada para difusión","Pendiente de validación lingüística","Transcrito"
"RD-002284","tar","Sicpoona","Vi","Sicpoona","sicpoona","","Vi","Salir lagaña (en los ojos)","[]","[]","","SRC-02[80]","Autorizada para difusión","Pendiente de validación lingüística","Transcrito"
"RD-002285","tar","Sicorí","S","Sicorí","sicori","","S","Olla, jarro","[]","[]","","SRC-02[80]","Autorizada para difusión","Pendiente de validación lingüística","Transcrito"
"RD-002286","tar","Sicuí","S","Sicuí","sicui","","S","Hormiga","[]","[]","","SRC-02[80]","Autorizada para difusión","Pendiente de validación lingüística","Transcrito"
"RD-002287","tar","Sihuá","S","1Sihuá","sihua","1","S","Tripas, intestino","[]","[]","","SRC-02[80]","Autorizada para difusión","Pendiente de validación lingüística","Transcrito"
"RD-002288","tar","Sihuá","Vi","2Sihuá","sihua","2","Vi","Florecer","[]","[]","","SRC-02[80]","Autorizada para difusión","Pendiente de validación lingüística","Transcrito"
"RD-002289","tar","Sihuáchari","S","Sihuáchari","sihuachari","","S","Flor","[]","[]","","SRC-02[80]","Autorizada para difusión","Pendiente de validación lingüística","Transcrito"
"RD-002290","tar","Sihué","Vi","Sihué","sihue","","Vi","Calmarse (viento)","[]","[]","","SRC-02[80]","Autorizada para difusión","Pendiente de validación lingüística","Transcrito"
"RD-002291","tar","Si’huérahua","S","Si’huérahua","si'huerahua","","S","Pestaña(s)","[]","[]","","SRC-02[80]","Autorizada para difusión","Pendiente de validación lingüística","Transcrito"
"RD-002292","tar","Si’huina","Adv","Si’huina","si'huina","","Adv","En otra parte","[]","[]","","SRC-02[80]","Autorizada para difusión","Pendiente de validación lingüística","Transcrito"
"RD-002293","tar","Sijabó","Vi","Sijabó","sijabo","","Vi","1. Estar empachado (del estómago) 2. Se hincha (el nixtamal)","[]","[]","","SRC-02[80]","Autorizada para difusión","Pendiente de validación lingüística","Transcrito"
"RD-002294","tar","Sijarí","S","Sijarí","sijari","","S","Vejiga, ampolla","[]","[]","","SRC-02[80]","Autorizada para difusión","Pendiente de validación lingüística","Transcrito"
"RD-002295","tar","Si’luna","Vt","Si’luna","si'luna","","Vt","Plegar","[]","[]","","SRC-02[80]","Autorizada para difusión","Pendiente de validación lingüística","Transcrito"
"RD-002296","tar","Simá","Vi pl","Simá","sima","","Vi","Irse","[]","[]","","SRC-02[80]","Autorizada para difusión","Pendiente de validación lingüística","Transcrito"
"RD-002297","tar","Simara","Vi pl","Simara","simara","","Vi","Pasan","[]","[]","","SRC-02[80]","Autorizada para difusión","Pendiente de validación lingüística","Transcrito"
"RD-002298","tar","Simati","Adj","Simati","simati","","Adj","Bonito, hermoso","[]","[]","","SRC-02[80]","Autorizada para difusión","Pendiente de validación lingüística","Transcrito"
"RD-002299","tar","Simé","Vt","Simé","sime","","Vt","Tocar (instrumento musical)","[]","[]","","SRC-02[80]","Autorizada para difusión","Pendiente de validación lingüística","Transcrito"
"RD-002300","tar","Simera","Vt","Simera","simera","","Vt","Pasar","[]","[]","","SRC-02[80]","Autorizada para difusión","Pendiente de validación lingüística","Transcrito"
"RD-002301","tar","Simí","Vi sg","1Simí","simi","1","Vi","Irse","[]","[]","","SRC-02[80]","Autorizada para difusión","Pendiente de validación lingüística","Transcrito"
"RD-002302","tar","Simí","Vi sg","2Simí","simi","2","Vi","Caminar","[]","[]","","SRC-02[80]","Autorizada para difusión","Pendiente de validación lingüística","Transcrito"
"RD-002303","tar","Simigá","","Simigá","simiga","","Sin clasificar","¡Vaya!","[]","[]","","SRC-02[81]","Autorizada para difusión","Pendiente de validación lingüística","Transcrito"
"RD-002304","tar","Simináari","Vi","Simináari","siminaari","","Vi","Querían irse","[]","[]","","SRC-02[81]","Autorizada para difusión","Pendiente de validación lingüística","Transcrito"
"RD-002305","tar","Simira","Vi sg","Simira","simira","","Vi","1. Pasar 2. Sobrar","[]","[]","","SRC-02[81]","Autorizada para difusión","Pendiente de validación lingüística","Transcrito"
"RD-002306","tar","Simíriami","Adj","Simíriami","simiriami","","Adj","Sobrante, demás","[]","[]","","SRC-02[81]","Autorizada para difusión","Pendiente de validación lingüística","Transcrito"
"RD-002307","tar","Simuchí","S","Simuchí","simuchi","","S","Colibrí, chupamirto","[]","[]","","SRC-02[81]","Autorizada para difusión","Pendiente de validación lingüística","Transcrito"
"RD-002308","tar","Siná","Vi sg","Siná","sina","","Vi","Gritar","[]","[]","","SRC-02[81]","Autorizada para difusión","Pendiente de validación lingüística","Transcrito"
"RD-002309","tar","Siné","","Siné","sine","","Sin clasificar","1. s Vez 2. adj Uno","[]","[]","","SRC-02[81]","Autorizada para difusión","Pendiente de validación lingüística","Transcrito"
"RD-002310","tar","Si’néami","Adj, s","Si’néami","si'neami","","Adj","Todo, toda la gente","[]","[]","","SRC-02[81]","Autorizada para difusión","Pendiente de validación lingüística","Transcrito"
"RD-002311","tar","Sinibí","Adv","Sinibí","sinibi","","Adv","Siempre","[]","[]","","SRC-02[81]","Autorizada para difusión","Pendiente de validación lingüística","Transcrito"
"RD-002312","tar","Sinohui","S","Sinohui","sinohui","","S","Culebras, víboras (de todos tipos)","[]","[]","","SRC-02[81]","Autorizada para difusión","Pendiente de validación lingüística","Transcrito"
"RD-002313","tar","Sinomí","Adv","Sinomí","sinomi","","Adv","A veces, de vez en cuando","[]","[]","","SRC-02[81]","Autorizada para difusión","Pendiente de validación lingüística","Transcrito"
"RD-002314","tar","Si’nú","Adj sing","Si’nú","si'nu","","Adj","Distinto, diferente","[]","[]","","SRC-02[81]","Autorizada para difusión","Pendiente de validación lingüística","Transcrito"
"RD-002315","tar","Si’núrigá","","Si’núrigá","si'nuriga","","Sin clasificar","Al contrario","[]","[]","","SRC-02[81]","Autorizada para difusión","Pendiente de validación lingüística","Transcrito"
"RD-002316","tar","Si’orí","S","Si’orí","si'ori","","S","1. Abeja 2. Mosca","[]","[]","","SRC-02[81]","Autorizada para difusión","Pendiente de validación lingüística","Transcrito"
"RD-002317","tar","Sipá","Vt","Sipá","sipa","","Vt","Rascar, lijar, raspar, cepillar","[]","[]","","SRC-02[81]","Autorizada para difusión","Pendiente de validación lingüística","Transcrito"
"RD-002318","tar","Sipáami","S","Sipáami","sipaami","","S","Curandero, hechicero (que raspa una hueja o jícara con un palito y canta)","[]","[]","","SRC-02[81]","Autorizada para difusión","Pendiente de validación lingüística","Transcrito"
"RD-002319","tar","Sipabú","Vt","Sipabú","sipabu","","Vt","Hechizar","[]","[]","","SRC-02[81]","Autorizada para difusión","Pendiente de validación lingüística","Transcrito"
"RD-002320","tar","Siparí","S","Siparí","sipari","","S","Ejote","[]","[]","","SRC-02[81]","Autorizada para difusión","Pendiente de validación lingüística","Transcrito"
"RD-002321","tar","Sipé","S","Sipé","sipe","","S","Tipo de hierba de la milpa","[]","[]","","SRC-02[81]","Autorizada para difusión","Pendiente de validación lingüística","Transcrito"
"RD-002322","tar","Sipée","S","Sipée","sipee","","S","Espejo","[]","[]","","SRC-02[81]","Autorizada para difusión","Pendiente de validación lingüística","Transcrito"
"RD-002323","tar","Sipí","Vi","Sipí","sipi","","Vi","Enfriarse (p. ej.: comida, agua)","[]","[]","","SRC-02[81]","Autorizada para difusión","Pendiente de validación lingüística","Transcrito"
"RD-002324","tar","Sipichá","Vt","Sipichá","sipicha","","Vt","Enfriar (lo que estaba en la lumbre)","[]","[]","","SRC-02[81]","Autorizada para difusión","Pendiente de validación lingüística","Transcrito"
"RD-002325","tar","Sipirú","Vt","Sipirú","sipiru","","Vt","Pelar, mondar","[]","[]","","SRC-02[81]","Autorizada para difusión","Pendiente de validación lingüística","Transcrito"
"RD-002326","tar","Sipiyoni","S","Sipiyoni","sipiyoni","","S","Sarampión","[]","[]","","SRC-02[81]","Autorizada para difusión","Pendiente de validación lingüística","Transcrito"
"RD-002327","tar","Sipucha","S","Sipucha","sipucha","","S","Falda, enaguas","[]","[]","","SRC-02[81]","Autorizada para difusión","Pendiente de validación lingüística","Transcrito"
"RD-002328","tar","Sipura","S","Sipura","sipura","","S","Tipo de encino (con hojas pequeñas)","[]","[]","","SRC-02[81]","Autorizada para difusión","Pendiente de validación lingüística","Transcrito"
"RD-002329","tar","Sipúrahua","S","Sipúrahua","sipurahua","","S","Tipo de encino (con hojas pequeñas)","[]","[]","","SRC-02[81]","Autorizada para difusión","Pendiente de validación lingüística","Transcrito"
"RD-002330","tar","Sipurí, sipúruhui","S","Sipurí, sipúruhui","sipuri, sipuruhui","","S","Tarántula","[""sipúruhui""]","[]","","SRC-02[81]","Autorizada para difusión","Pendiente de validación lingüística","Transcrito"
"RD-002331","tar","Siqué","Vi","Siqué","sique","","Vi","Tener brazo","[]","[]","","SRC-02[81]","Autorizada para difusión","Pendiente de validación lingüística","Transcrito"
"RD-002332","tar","Siquimea","","Siquimea","siquimea","","Sin clasificar","Trasquilará","[]","[]","","SRC-02[81]","Autorizada para difusión","Pendiente de validación lingüística","Transcrito"
"RD-002333","tar","Siquiré","Vt","Siquiré","siquire","","Vt","Cortar (con un cuchillo)","[]","[]","","SRC-02[81]","Autorizada para difusión","Pendiente de validación lingüística","Transcrito"
"RD-002334","tar","Siquiríchi","S","Siquiríchi","siquirichi","","S","Gavilán (amarillo, pequeño)","[]","[]","","SRC-02[81]","Autorizada para difusión","Pendiente de validación lingüística","Transcrito"
"RD-002335","tar","Sirá","S","Sirá","sira","","S","Lanza (que llevan en semana santa)","[]","[]","","SRC-02[81]","Autorizada para difusión","Pendiente de validación lingüística","Transcrito"
"RD-002336","tar","Sira","Vi","Sira","sira","","Vi","Ir","[]","[]","","SRC-02[81]","Autorizada para difusión","Pendiente de validación lingüística","Transcrito"
"RD-002337","tar","Siré","S","Siré","sire","","S","Cierta mata con hojas angostas que crece en tierra caliente. La usan para hacer canastas, o en semana santa, para hacer flores para la fiesta","[]","[]","","SRC-02[81-82]","Autorizada para difusión","Pendiente de validación lingüística","Transcrito"
"RD-002338","tar","Si’rí","Vi","Si’rí","si'ri","","Vi","Ahogarse","[]","[]","","SRC-02[82]","Autorizada para difusión","Pendiente de validación lingüística","Transcrito"
"RD-002339","tar","Siri","S","1Siri","siri","1","S","Tijera","[]","[]","","SRC-02[82]","Autorizada para difusión","Pendiente de validación lingüística","Transcrito"
"RD-002340","tar","Siri","","2Siri","siri","2","Sin clasificar","Llegaron","[]","[]","","SRC-02[82]","Autorizada para difusión","Pendiente de validación lingüística","Transcrito"
"RD-002341","tar","Siríami","S","Siríami","siriami","","S","Gobernador tradicional","[]","[]","","SRC-02[82]","Autorizada para difusión","Pendiente de validación lingüística","Transcrito"
"RD-002342","tar","Si’richá","S","Si’richá","si'richa","","S","Tipo de hongo venenoso","[]","[]","","SRC-02[82]","Autorizada para difusión","Pendiente de validación lingüística","Transcrito"
"RD-002343","tar","Si’rú","Vi","Si’rú","si'ru","","Vi","Arrugarse","[]","[]","","SRC-02[82]","Autorizada para difusión","Pendiente de validación lingüística","Transcrito"
"RD-002344","tar","Sirú","Vt","Sirú","siru","","Vt","Cazar, pescar","[]","[]","","SRC-02[82]","Autorizada para difusión","Pendiente de validación lingüística","Transcrito"
"RD-002345","tar","Sirúami","S","Sirúami","siruami","","S","Cazador","[]","[]","","SRC-02[82]","Autorizada para difusión","Pendiente de validación lingüística","Transcrito"
"RD-002346","tar","Si’runá","Vt","Si’runá","si'runa","","Vt","1. Arrugar, plegar 2. Aflojar","[]","[]","","SRC-02[82]","Autorizada para difusión","Pendiente de validación lingüística","Transcrito"
"RD-002347","tar","Sisa","","Sisa","sisa","","Sin clasificar","Llegando","[]","[]","","SRC-02[82]","Autorizada para difusión","Pendiente de validación lingüística","Transcrito"
"RD-002348","tar","Sísari","Vi","Sísari","sisari","","Vi","Siguieron haciéndolo","[]","[]","","SRC-02[82]","Autorizada para difusión","Pendiente de validación lingüística","Transcrito"
"RD-002349","tar","Sisí","Imper","Sisí","sisi","","Imper","¡Vénganse!","[]","[]","","SRC-02[82]","Autorizada para difusión","Pendiente de validación lingüística","Transcrito"
"RD-002350","tar","Sitá","Vi","1Sitá","sita","1","Vi","Resbalarse","[]","[]","","SRC-02[82]","Autorizada para difusión","Pendiente de validación lingüística","Transcrito"
"RD-002351","tar","Sitá","S","2Sitá","sita","2","S","Tinta (colorada, de la tierra, con que se pintan los tambores)","[]","[]","","SRC-02[82]","Autorizada para difusión","Pendiente de validación lingüística","Transcrito"
"RD-002352","tar","Sitágapa","Vi","Sitágapa","sitagapa","","Vi","Ponerse colorado","[]","[]","","SRC-02[82]","Autorizada para difusión","Pendiente de validación lingüística","Transcrito"
"RD-002353","tar","Sitana","Vi","Sitana","sitana","","Vi","Rojear, enrojecer","[]","[]","","SRC-02[82]","Autorizada para difusión","Pendiente de validación lingüística","Transcrito"
"RD-002354","tar","Sitánahua","Vi","Sitánahua","sitanahua","","Vi","Pintar de rojo","[]","[]","","SRC-02[82]","Autorizada para difusión","Pendiente de validación lingüística","Transcrito"
"RD-002355","tar","Sití","Adj","Sití","siti","","Adj","Feo, que no sirve","[]","[]","","SRC-02[82]","Autorizada para difusión","Pendiente de validación lingüística","Transcrito"
"RD-002356","tar","Sitó","S","Sitó","sito","","S","Esquina, codo","[]","[]","","SRC-02[82]","Autorizada para difusión","Pendiente de validación lingüística","Transcrito"
"RD-002357","tar","Sitochi","","Sitochi","sitochi","","Sin clasificar","En la esquina o rincón","[]","[]","","SRC-02[82]","Autorizada para difusión","Pendiente de validación lingüística","Transcrito"
"RD-002358","tar","Sitúra","Vi","Sitúra","situra","","Vi","Estar redondo","[]","[]","","SRC-02[82]","Autorizada para difusión","Pendiente de validación lingüística","Transcrito"
"RD-002359","tar","Sitúrami","Adj","Sitúrami","siturami","","Adj","Redondo","[]","[]","","SRC-02[82]","Autorizada para difusión","Pendiente de validación lingüística","Transcrito"
"RD-002360","tar","Sitúrohua","Vt","Sitúrohua","siturohua","","Vt","Hacer redondo","[]","[]","","SRC-02[82]","Autorizada para difusión","Pendiente de validación lingüística","Transcrito"
"RD-002361","tar","Si´yá","S","Si´yá","si´ya","","S","Suegro","[]","[]","","SRC-02[82]","Autorizada para difusión","Pendiente de validación lingüística","Transcrito"
"RD-002362","tar","Siyete","","Siyete","siyete","","Sin clasificar","Llegamos","[]","[]","","SRC-02[82]","Autorizada para difusión","Pendiente de validación lingüística","Transcrito"
"RD-002363","tar","Siyona","Vi","Siyona","siyona","","Vi","Ser verde, ser azul","[]","[]","","SRC-02[82]","Autorizada para difusión","Pendiente de validación lingüística","Transcrito"
"RD-002364","tar","Siyónahua","Vt","Siyónahua","siyonahua","","Vt","Pintar de verde o de azul","[]","[]","","SRC-02[82]","Autorizada para difusión","Pendiente de validación lingüística","Transcrito"
"RD-002365","tar","Siyónami","Adj","Siyónami","siyonami","","Adj","Verde, azul","[]","[]","","SRC-02[82]","Autorizada para difusión","Pendiente de validación lingüística","Transcrito"
"RD-002366","tar","So","S","So","so","","S","Cierta clase de palma (la utilizan para hacer tiras delgadas con que se amarran trastrojo y otras cosas)","[]","[]","","SRC-02[82]","Autorizada para difusión","Pendiente de validación lingüística","Transcrito"
"RD-002367","tar","Sobá","Vi","Sobá","soba","","Vi","Atascarse","[]","[]","","SRC-02[82]","Autorizada para difusión","Pendiente de validación lingüística","Transcrito"
"RD-002368","tar","Socaní","Vi","Socaní","socani","","Vi","Estar blando","[]","[]","","SRC-02[82]","Autorizada para difusión","Pendiente de validación lingüística","Transcrito"
"RD-002369","tar","Socorá","S","Socorá","socora","","S","Lagaña","[]","[]","","SRC-02[82]","Autorizada para difusión","Pendiente de validación lingüística","Transcrito"
"RD-002370","tar","Socorachi","S","Socorachi","socorachi","","S","Pájaro carpintero (con cabeza colorada)","[]","[]","","SRC-02[82]","Autorizada para difusión","Pendiente de validación lingüística","Transcrito"
"RD-002371","tar","Socuara","Vi","Socuara","socuara","","Vi","Calentarse (a la lumbre)","[]","[]","","SRC-02[82]","Autorizada para difusión","Pendiente de validación lingüística","Transcrito"
"RD-002372","tar","Soguí","Adv","Soguí","sogui","","Adv","Casi","[]","[]","","SRC-02[82]","Autorizada para difusión","Pendiente de validación lingüística","Transcrito"
"RD-002373","tar","So’huá","S pl","So’huá","so'hua","","S","Espinas","[]","[]","","SRC-02[82]","Autorizada para difusión","Pendiente de validación lingüística","Transcrito"
"RD-002374","tar","Sohuaca","Vi","Sohuaca","sohuaca","","Vi","Sonar al resoplar o al respirar","[]","[]","","SRC-02[82]","Autorizada para difusión","Pendiente de validación lingüística","Transcrito"
"RD-002375","tar","So’hué","S","So’hué","so'hue","","S","Golondrina","[]","[]","","SRC-02[82]","Autorizada para difusión","Pendiente de validación lingüística","Transcrito"
"RD-002376","tar","So’huí, so’uhuí","Vi","So’huí, so’uhuí","so'hui, so'uhui","","Vi","Espinarse","[""so’uhuí""]","[]","","SRC-02[82]","Autorizada para difusión","Pendiente de validación lingüística","Transcrito"
"RD-002377","tar","So’huira","Vt","So’huira","so'huira","","Vt","Espinar","[]","[]","","SRC-02[82]","Autorizada para difusión","Pendiente de validación lingüística","Transcrito"
"RD-002378","tar","Sojobari","S","Sojobari","sojobari","","S","Honda","[]","[]","","SRC-02[82]","Autorizada para difusión","Pendiente de validación lingüística","Transcrito"
"RD-002379","tar","Sojuí","Vt","Sojuí","sojui","","Vt","Cornear","[]","[]","","SRC-02[83]","Autorizada para difusión","Pendiente de validación lingüística","Transcrito"
"RD-002380","tar","Soma","Vi","Soma","soma","","Vi","Lavarse la cabeza","[]","[]","","SRC-02[83]","Autorizada para difusión","Pendiente de validación lingüística","Transcrito"
"RD-002381","tar","Sonó","S","Sonó","sono","","S","Rastrojo","[]","[]","","SRC-02[83]","Autorizada para difusión","Pendiente de validación lingüística","Transcrito"
"RD-002382","tar","Sonorá","S","Sonorá","sonora","","S","Los pulmones","[]","[]","","SRC-02[83]","Autorizada para difusión","Pendiente de validación lingüística","Transcrito"
"RD-002383","tar","Sontarsi","S","Sontarsi","sontarsi","","S","Soldado","[]","[]","","SRC-02[83]","Autorizada para difusión","Pendiente de validación lingüística","Transcrito"
"RD-002384","tar","Sopana","Vt pl","Sopana","sopana","","Vt","Sacar tiras de palma o de cuero","[]","[]","","SRC-02[83]","Autorizada para difusión","Pendiente de validación lingüística","Transcrito"
"RD-002385","tar","Sopétami","S","Sopétami","sopetami","","S","Espamto (creen que un muerto sale como un animal)","[]","[]","","SRC-02[83]","Autorizada para difusión","Pendiente de validación lingüística","Transcrito"
"RD-002386","tar","Sopichí, supuchí","S","Sopichí, supuchí","sopichi, supuchi","","S","Murciélago","[""supuchí""]","[]","","SRC-02[83]","Autorizada para difusión","Pendiente de validación lingüística","Transcrito"
"RD-002387","tar","Soporí","S","Soporí","sopori","","S","Estrella","[]","[]","","SRC-02[83]","Autorizada para difusión","Pendiente de validación lingüística","Transcrito"
"RD-002388","tar","Sopota","Pp","Sopota","sopota","","Pp","Despeinado","[]","[]","","SRC-02[83]","Autorizada para difusión","Pendiente de validación lingüística","Transcrito"
"RD-002389","tar","Sorá","S","Sorá","sora","","S","Yesca del corazón del encino","[]","[]","","SRC-02[83]","Autorizada para difusión","Pendiente de validación lingüística","Transcrito"
"RD-002390","tar","Soró","S","Soró","soro","","S","Tía (hermana mayor del padre)","[]","[]","","SRC-02[83]","Autorizada para difusión","Pendiente de validación lingüística","Transcrito"
"RD-002391","tar","Sota","Vi","Sota","sota","","Vi","Pudrirse (la madera)","[]","[]","","SRC-02[83]","Autorizada para difusión","Pendiente de validación lingüística","Transcrito"
"RD-002392","tar","Sotóchi","S","1Sotóchi","sotochi","1","S","Ratoncito (amarillento, del monte)","[]","[]","","SRC-02[83]","Autorizada para difusión","Pendiente de validación lingüística","Transcrito"
"RD-002393","tar","Sotóchi","Adj","2Sotóchi","sotochi","2","Adj","Chaparro","[]","[]","","SRC-02[83]","Autorizada para difusión","Pendiente de validación lingüística","Transcrito"
"RD-002394","tar","So’uhuá","S sing","So’uhuá","so'uhua","","S","Espina","[]","[]","","SRC-02[83]","Autorizada para difusión","Pendiente de validación lingüística","Transcrito"
"RD-002395","tar","Su","Vt","Su","su","","Vt","Coser","[]","[]","","SRC-02[83]","Autorizada para difusión","Pendiente de validación lingüística","Transcrito"
"RD-002396","tar","Sucú","Vt","Sucú","sucu","","Vt","Raspar, rascarse","[]","[]","","SRC-02[83]","Autorizada para difusión","Pendiente de validación lingüística","Transcrito"
"RD-002397","tar","Sucuchí","S","Sucuchí","sucuchi","","S","En el ombligo","[]","[]","","SRC-02[83]","Autorizada para difusión","Pendiente de validación lingüística","Transcrito"
"RD-002398","tar","Sucuchú","Vt","Sucuchú","sucuchu","","Vt","Pellizcar, rasguñar (con las uñas)","[]","[]","","SRC-02[83]","Autorizada para difusión","Pendiente de validación lingüística","Transcrito"
"RD-002399","tar","Sucuí","S","Sucuí","sucui","","S","Hormiga","[]","[]","","SRC-02[83]","Autorizada para difusión","Pendiente de validación lingüística","Transcrito"
"RD-002400","tar","Sucuhua","Vt","Sucuhua","sucuhua","","Vt","Llenar de hormigas","[]","[]","","SRC-02[83]","Autorizada para difusión","Pendiente de validación lingüística","Transcrito"
"RD-002401","tar","Sucurú","Vt","Sucurú","sucuru","","Vt","Hechizar","[]","[]","","SRC-02[83]","Autorizada para difusión","Pendiente de validación lingüística","Transcrito"
"RD-002402","tar","Sucurúami","S","Sucurúami","sucuruami","","S","Hechicero, brujo","[]","[]","","SRC-02[83]","Autorizada para difusión","Pendiente de validación lingüística","Transcrito"
"RD-002403","tar","Suguí","S","Suguí","sugui","","S","Tesgüino","[]","[]","","SRC-02[83]","Autorizada para difusión","Pendiente de validación lingüística","Transcrito"
"RD-002404","tar","Sugura","Vi","Sugura","sugura","","Vi","Estar mugriento, estar roñoso","[]","[]","","SRC-02[83]","Autorizada para difusión","Pendiente de validación lingüística","Transcrito"
"RD-002405","tar","Suhuá","Vt","Suhuá","suhua","","Vt","Acabar (completamente)","[]","[]","","SRC-02[83]","Autorizada para difusión","Pendiente de validación lingüística","Transcrito"
"RD-002406","tar","Suhuaba","Adj","1Suhuaba","suhuaba","1","Adj","Todo","[]","[]","","SRC-02[83]","Autorizada para difusión","Pendiente de validación lingüística","Transcrito"
"RD-002407","tar","Suhuaba","Vt","2Suhuaba","suhuaba","2","Vt","Destruir, acabar","[]","[]","","SRC-02[83]","Autorizada para difusión","Pendiente de validación lingüística","Transcrito"
"RD-002408","tar","Suhué","Vt","1Suhué","suhue","1","Vt","Acabar","[]","[]","","SRC-02[83]","Autorizada para difusión","Pendiente de validación lingüística","Transcrito"
"RD-002409","tar","Suhué","S","2Suhué","suhue","2","S","Orilla, borde","[]","[]","","SRC-02[83]","Autorizada para difusión","Pendiente de validación lingüística","Transcrito"
"RD-002410","tar","Su’hué","Adj","Su’hué","su'hue","","Adj","Bonito","[]","[]","","SRC-02[83]","Autorizada para difusión","Pendiente de validación lingüística","Transcrito"
"RD-002411","tar","Suhuí","Vi","Suhuí","suhui","","Vi","1. Acabarse 2. pl Morirse","[]","[]","","SRC-02[83]","Autorizada para difusión","Pendiente de validación lingüística","Transcrito"
"RD-002412","tar","Suhuíami","S pl","Suhuíami","suhuiami","","S","Cadáveres","[]","[]","","SRC-02[83]","Autorizada para difusión","Pendiente de validación lingüística","Transcrito"
"RD-002413","tar","Suhuirá","S","Suhuirá","suhuira","","S","Orilla","[]","[]","","SRC-02[83]","Autorizada para difusión","Pendiente de validación lingüística","Transcrito"
"RD-002414","tar","Sumá","Vt","Sumá","suma","","Vt","Sobar","[]","[]","","SRC-02[83]","Autorizada para difusión","Pendiente de validación lingüística","Transcrito"
"RD-002415","tar","Sumuchí","S","Sumuchí","sumuchi","","S","Chupamirto","[]","[]","","SRC-02[83]","Autorizada para difusión","Pendiente de validación lingüística","Transcrito"
"RD-002416","tar","Suní","Vt","Suní","suni","","Vt","Terminar, acabar, cumplir","[]","[]","","SRC-02[83]","Autorizada para difusión","Pendiente de validación lingüística","Transcrito"
"RD-002417","tar","Suníami","Adv","Suníami","suniami","","Adv","En todas partes","[]","[]","","SRC-02[83]","Autorizada para difusión","Pendiente de validación lingüística","Transcrito"
"RD-002418","tar","Sunú","S","Sunú","sunu","","S","Maíz","[]","[]","","SRC-02[83]","Autorizada para difusión","Pendiente de validación lingüística","Transcrito"
"RD-002419","tar","Supuchí","","Supuchí","supuchi","","Sin clasificar","Murciélago","[]","[]","","SRC-02[83]","Autorizada para difusión","Pendiente de validación lingüística","Transcrito"
"RD-002420","tar","Suquí","S","Suquí","suqui","","S","Ombligo","[]","[]","","SRC-02[83]","Autorizada para difusión","Pendiente de validación lingüística","Transcrito"
"RD-002421","tar","Suquícari","S","Suquícari","suquicari","","S","Pájaro carpintero (pinto)","[]","[]","","SRC-02[83]","Autorizada para difusión","Pendiente de validación lingüística","Transcrito"
"RD-002422","tar","Su’rá","Vi","Su’rá","su'ra","","Vi","1. Aflojarse 2. Rebajar la cuenta (fig.)","[]","[]","","SRC-02[83]","Autorizada para difusión","Pendiente de validación lingüística","Transcrito"
"RD-002423","tar","Surá","S","Surá","sura","","S","Corazón","[]","[]","","SRC-02[83]","Autorizada para difusión","Pendiente de validación lingüística","Transcrito"
"RD-002424","tar","Suré","Vi","Suré","sure","","Vi","Tener corazón","[]","[]","","SRC-02[84]","Autorizada para difusión","Pendiente de validación lingüística","Transcrito"
"RD-002425","tar","Surí","Vi","Surí","suri","","Vi","1. No querer convidar 2. No querer dejarle ir","[]","[]","","SRC-02[84]","Autorizada para difusión","Pendiente de validación lingüística","Transcrito"
"RD-002426","tar","Su’rina","Vt","Su’rina","su'rina","","Vt","Soltar","[]","[]","","SRC-02[84]","Autorizada para difusión","Pendiente de validación lingüística","Transcrito"
"RD-002427","tar","Sutú","S","Sutú","sutu","","S","Uña, pezuña","[]","[]","","SRC-02[84]","Autorizada para difusión","Pendiente de validación lingüística","Transcrito"
"RD-002428","tar","Sutubí","Vt","Sutubí","sutubi","","Vt","Manear (a un animal)","[]","[]","","SRC-02[84]","Autorizada para difusión","Pendiente de validación lingüística","Transcrito"
"RD-002429","tar","Sutubípa","Vt","Sutubípa","sutubipa","","Vt","Soltar (el mecate con que fue maneado)","[]","[]","","SRC-02[84]","Autorizada para difusión","Pendiente de validación lingüística","Transcrito"
"RD-002430","tar","Ta","Vi","1Ta","ta","1","Vi","Pedir","[]","[]","","SRC-02[84]","Autorizada para difusión","Pendiente de validación lingüística","Transcrito"
"RD-002431","tar","Ta","Adj","2Ta","ta","2","Adj","Chiquito","[]","[]","","SRC-02[84]","Autorizada para difusión","Pendiente de validación lingüística","Transcrito"
"RD-002432","tar","Ta","Vt","3Ta","ta","3","Vt","Tocar (un instrumento)","[]","[]","","SRC-02[84]","Autorizada para difusión","Pendiente de validación lingüística","Transcrito"
"RD-002433","tar","Táa","S sing","Táa","taa","","S","Chico, infante, pequeño","[]","[]","","SRC-02[84]","Autorizada para difusión","Pendiente de validación lingüística","Transcrito"
"RD-002434","tar","Táami","S","Táami","taami","","S","Músico, tocador","[]","[]","","SRC-02[84]","Autorizada para difusión","Pendiente de validación lingüística","Transcrito"
"RD-002435","tar","Tabá","Vi","Tabá","taba","","Vi","Ponerse la zapeta (taparrabo que se lleva en lugar de pantalón)","[]","[]","","SRC-02[84]","Autorizada para difusión","Pendiente de validación lingüística","Transcrito"
"RD-002436","tar","Taba","Vi","Taba","taba","","Vi","Luchar","[]","[]","","SRC-02[84]","Autorizada para difusión","Pendiente de validación lingüística","Transcrito"
"RD-002437","tar","Tabachi","Vt","1Tabachi","tabachi","1","Vt","Calentar","[]","[]","","SRC-02[84]","Autorizada para difusión","Pendiente de validación lingüística","Transcrito"
"RD-002438","tar","Tabachi","S","2Tabachi","tabachi","2","S","Lugar estrecho","[]","[]","","SRC-02[84]","Autorizada para difusión","Pendiente de validación lingüística","Transcrito"
"RD-002439","tar","Tabachi","S","3Tabachi","tabachi","3","S","Zapeta (reg.)","[]","[]","","SRC-02[84]","Autorizada para difusión","Pendiente de validación lingüística","Transcrito"
"RD-002440","tar","Tábara","S esp","Tábara","tabara","","S","Tabla","[]","[]","","SRC-02[84]","Autorizada para difusión","Pendiente de validación lingüística","Transcrito"
"RD-002441","tar","Tabé","Adj","Tabé","tabe","","Adj","Más chiquito","[]","[]","","SRC-02[84]","Autorizada para difusión","Pendiente de validación lingüística","Transcrito"
"RD-002442","tar","Tabéara","Adj","Tabéara","tabeara","","Adj","Menor","[]","[]","","SRC-02[84]","Autorizada para difusión","Pendiente de validación lingüística","Transcrito"
"RD-002443","tar","Taca","Vt","Taca","taca","","Vt","Tocar (instrumento musical)","[]","[]","","SRC-02[84]","Autorizada para difusión","Pendiente de validación lingüística","Transcrito"
"RD-002444","tar","Tamí","Pron","Tamí","tami","","Pron","Me, a mi","[]","[]","","SRC-02[84]","Autorizada para difusión","Pendiente de validación lingüística","Transcrito"
"RD-002445","tar","Tamujé","Pron","Tamujé","tamuje","","Pron","Nosotros","[]","[]","","SRC-02[84]","Autorizada para difusión","Pendiente de validación lingüística","Transcrito"
"RD-002446","tar","Tamujé níhuara","Pron","Tamujé níhuara","tamuje nihuara","","Pron","Nuestro","[]","[]","","SRC-02[84]","Autorizada para difusión","Pendiente de validación lingüística","Transcrito"
"RD-002447","tar","Tamuro","S","Tamuro","tamuro","","S","Mudo","[]","[]","","SRC-02[84]","Autorizada para difusión","Pendiente de validación lingüística","Transcrito"
"RD-002448","tar","Tana","Vt","Tana","tana","","Vt","Pedir","[]","[]","","SRC-02[84]","Autorizada para difusión","Pendiente de validación lingüística","Transcrito"
"RD-002449","tar","Tanehua","Vt","Tanehua","tanehua","","Vt","Fiar","[]","[]","","SRC-02[84]","Autorizada para difusión","Pendiente de validación lingüística","Transcrito"
"RD-002450","tar","Tanehui","Vt","Tanehui","tanehui","","Vt","Prestar","[]","[]","","SRC-02[84]","Autorizada para difusión","Pendiente de validación lingüística","Transcrito"
"RD-002451","tar","Tani","Vt","Tani","tani","","Vt","Rogar","[]","[]","","SRC-02[84]","Autorizada para difusión","Pendiente de validación lingüística","Transcrito"
"RD-002452","tar","Tapa","Vt pl","Tapa","tapa","","Vt","Acarrear, traer (en las manos)","[]","[]","","SRC-02[84]","Autorizada para difusión","Pendiente de validación lingüística","Transcrito"
"RD-002453","tar","Tará","Vt","Tará","tara","","Vt","Contar","[]","[]","","SRC-02[84]","Autorizada para difusión","Pendiente de validación lingüística","Transcrito"
"RD-002454","tar","Tarapé","Adv","Tarapé","tarape","","Adv","No","[]","[]","","SRC-02[84]","Autorizada para difusión","Pendiente de validación lingüística","Transcrito"
"RD-002455","tar","Tarari","S","Tarari","tarari","","S","Semana","[]","[]","","SRC-02[84]","Autorizada para difusión","Pendiente de validación lingüística","Transcrito"
"RD-002456","tar","Tarí","S","1Tarí","tari","1","S","Semilla (para sembrar)","[]","[]","","SRC-02[84]","Autorizada para difusión","Pendiente de validación lingüística","Transcrito"
"RD-002457","tar","Tarí","S","2Tarí","tari","2","S","Apuesta","[]","[]","","SRC-02[84]","Autorizada para difusión","Pendiente de validación lingüística","Transcrito"
"RD-002458","tar","Tasi","Adv","Tasi","tasi","","Adv","No","[]","[]","","SRC-02[84]","Autorizada para difusión","Pendiente de validación lingüística","Transcrito"
"RD-002459","tar","Tasina","Adv","Tasina","tasina","","Adv","Por el arroyo abajito","[]","[]","","SRC-02[84]","Autorizada para difusión","Pendiente de validación lingüística","Transcrito"
"RD-002460","tar","Tásirapé","","Tásirapé","tasirape","","Sin clasificar","No","[]","[]","","SRC-02[84]","Autorizada para difusión","Pendiente de validación lingüística","Transcrito"
"RD-002461","tar","Tata","s","Tata","tata","","S","Padre","[]","[]","","SRC-02[84]","Autorizada para difusión","Pendiente de validación lingüística","Transcrito"
"RD-002462","tar","Te","Vi","Te","te","","Vi","Tejer, extender (hilos para tejer)","[]","[]","","SRC-02[84]","Autorizada para difusión","Pendiente de validación lingüística","Transcrito"
"RD-002463","tar","Teca","Vt","Teca","teca","","Vt","Afinar el violín","[]","[]","","SRC-02[84]","Autorizada para difusión","Pendiente de validación lingüística","Transcrito"
"RD-002464","tar","Técara","S","Técara","tecara","","S","Cuerda de violín","[]","[]","","SRC-02[84]","Autorizada para difusión","Pendiente de validación lingüística","Transcrito"
"RD-002465","tar","Técuri","S pl","Técuri","tecuri","","S","Borrachos","[]","[]","","SRC-02[84]","Autorizada para difusión","Pendiente de validación lingüística","Transcrito"
"RD-002466","tar","Téeribi","Adv","Téeribi","teeribi","","Adv","Poco tiempo","[]","[]","","SRC-02[84]","Autorizada para difusión","Pendiente de validación lingüística","Transcrito"
"RD-002467","tar","Témari","","Témari","temari","","Sin clasificar","Jóvenes","[]","[]","","SRC-02[84]","Autorizada para difusión","Pendiente de validación lingüística","Transcrito"
"RD-002468","tar","Tera","S","Tera","tera","","S","Telar","[]","[]","","SRC-02[84]","Autorizada para difusión","Pendiente de validación lingüística","Transcrito"
"RD-002469","tar","Teri","Adj","Teri","teri","","Adj","Corto","[]","[]","","SRC-02[85]","Autorizada para difusión","Pendiente de validación lingüística","Transcrito"
"RD-002470","tar","Térico","Adv","Térico","terico","","Adv","Al rato, ahorita","[]","[]","","SRC-02[85]","Autorizada para difusión","Pendiente de validación lingüística","Transcrito"
"RD-002471","tar","Teta","Vt","Teta","teta","","Vt","Medir por comparación","[]","[]","","SRC-02[85]","Autorizada para difusión","Pendiente de validación lingüística","Transcrito"
"RD-002472","tar","Tétari","S","Tétari","tetari","","S","La medida, el plazo","[]","[]","","SRC-02[85]","Autorizada para difusión","Pendiente de validación lingüística","Transcrito"
"RD-002473","tar","Tibá","Vi","Tibá","tiba","","Vi","Aplastarse (un animalito en la trampa de piedras)","[]","[]","","SRC-02[85]","Autorizada para difusión","Pendiente de validación lingüística","Transcrito"
"RD-002474","tar","Tibí","Vi pl","Tibí","tibi","","Vi","1. quedar, sobrar 2. Permanecer","[]","[]","","SRC-02[85]","Autorizada para difusión","Pendiente de validación lingüística","Transcrito"
"RD-002475","tar","Tibú","Vi","Tibú","tibu","","Vi","Cuidar, vigilar","[]","[]","","SRC-02[85]","Autorizada para difusión","Pendiente de validación lingüística","Transcrito"
"RD-002476","tar","Tibuta","Vt","Tibuta","tibuta","","Vt","Guardar, proteger, vigilar","[]","[]","","SRC-02[85]","Autorizada para difusión","Pendiente de validación lingüística","Transcrito"
"RD-002477","tar","Tibútana","Vt","Tibútana","tibutana","","Vt","Encomendar","[]","[]","","SRC-02[85]","Autorizada para difusión","Pendiente de validación lingüística","Transcrito"
"RD-002478","tar","Tubútari","S","Tubútari","tubutari","","S","Espantajo, espantapájaros","[]","[]","","SRC-02[85]","Autorizada para difusión","Pendiente de validación lingüística","Transcrito"
"RD-002479","tar","Tichí","Vi","Tichí","tichi","","Vi","Peinar","[]","[]","","SRC-02[85]","Autorizada para difusión","Pendiente de validación lingüística","Transcrito"
"RD-002480","tar","Tigó, ticó","Vt","Tigó, ticó","tigo, tico","","Vt","Cercar, hacer (con piedra)","[""ticó""]","[]","","SRC-02[85]","Autorizada para difusión","Pendiente de validación lingüística","Transcrito"
"RD-002481","tar","Tiguina","Vi pl","Tiguina","tiguina","","Vi","Descender","[]","[]","","SRC-02[85]","Autorizada para difusión","Pendiente de validación lingüística","Transcrito"
"RD-002482","tar","Tihué","S sing","Tihué","tihue","","S","Muchacha","[]","[]","","SRC-02[85]","Autorizada para difusión","Pendiente de validación lingüística","Transcrito"
"RD-002483","tar","Tinicha","Vt","Tinicha","tinicha","","Vt","Burlar, repetir (la mism cosa que uno dice)","[]","[]","","SRC-02[85]","Autorizada para difusión","Pendiente de validación lingüística","Transcrito"
"RD-002484","tar","Tiquina","","Tiquina","tiquina","","Sin clasificar","Se bajan","[]","[]","","SRC-02[85]","Autorizada para difusión","Pendiente de validación lingüística","Transcrito"
"RD-002485","tar","Tisó","Vi","Tisó","tiso","","Vi","Usar bastón","[]","[]","","SRC-02[85]","Autorizada para difusión","Pendiente de validación lingüística","Transcrito"
"RD-002486","tar","Tisóta","Vi","Tisóta","tisota","","Vi","Caminar con bastón","[]","[]","","SRC-02[85]","Autorizada para difusión","Pendiente de validación lingüística","Transcrito"
"RD-002487","tar","Tisora","S","Tisora","tisora","","S","Bastón, bordón","[]","[]","","SRC-02[85]","Autorizada para difusión","Pendiente de validación lingüística","Transcrito"
"RD-002488","tar","Tisúhuati","","Tisúhuati","tisuhuati","","Sin clasificar","Pobres","[]","[]","","SRC-02[85]","Autorizada para difusión","Pendiente de validación lingüística","Transcrito"
"RD-002489","tar","To","Vt","1To","to","1","Vt","Llevar, tomar","[]","[]","","SRC-02[85]","Autorizada para difusión","Pendiente de validación lingüística","Transcrito"
"RD-002490","tar","To","Vt","2To","to","2","Vt","Enterrar","[]","[]","","SRC-02[85]","Autorizada para difusión","Pendiente de validación lingüística","Transcrito"
"RD-002491","tar","Tobá","Vi","Tobá","toba","","Vi","Atascarse","[]","[]","","SRC-02[85]","Autorizada para difusión","Pendiente de validación lingüística","Transcrito"
"RD-002492","tar","Tócuhui","S","Tócuhui","tocuhui","","S","Maíz (nacido para hacer tesgüino)","[]","[]","","SRC-02[85]","Autorizada para difusión","Pendiente de validación lingüística","Transcrito"
"RD-002493","tar","Tochapi","S","Tochapi","tochapi","","S","Pajarito (con pico fino; andan en muchos juntos; vienen en el tiempo de frío)","[]","[]","","SRC-02[85]","Autorizada para difusión","Pendiente de validación lingüística","Transcrito"
"RD-002494","tar","Tohuí","S sing","Tohuí","tohui","","S","Muchacho, niño","[]","[]","","SRC-02[85]","Autorizada para difusión","Pendiente de validación lingüística","Transcrito"
"RD-002495","tar","Toná","Vt","Toná","tona","","Vt","Poner parado","[]","[]","","SRC-02[85]","Autorizada para difusión","Pendiente de validación lingüística","Transcrito"
"RD-002496","tar","Tónari","S","Tónari","tonari","","S","Comida (de carne cocida)","[]","[]","","SRC-02[85]","Autorizada para difusión","Pendiente de validación lingüística","Transcrito"
"RD-002497","tar","Toni","S","Toni","toni","","S","Horcón, piedra parada, poste","[]","[]","","SRC-02[85]","Autorizada para difusión","Pendiente de validación lingüística","Transcrito"
"RD-002498","tar","Toreta","Vi","Toreta","toreta","","Vi","Cacarear","[]","[]","","SRC-02[85]","Autorizada para difusión","Pendiente de validación lingüística","Transcrito"
"RD-002499","tar","Torí","S","Torí","tori","","S","Gallina, pollo","[]","[]","","SRC-02[85]","Autorizada para difusión","Pendiente de validación lingüística","Transcrito"
"RD-002500","tar","Tosácami","Adj pl","Tosácami","tosacami","","Adj","Blancos","[]","[]","","SRC-02[85]","Autorizada para difusión","Pendiente de validación lingüística","Transcrito"
"RD-002501","tar","Tu","Adv","1Tu","tu","1","Adv","Abajo (por el arroyo)","[]","[]","","SRC-02[85]","Autorizada para difusión","Pendiente de validación lingüística","Transcrito"
"RD-002502","tar","Tu","Vt","2Tu","tu","2","Vt","Traer agua, sacar agua con una hueja","[]","[]","","SRC-02[85]","Autorizada para difusión","Pendiente de validación lingüística","Transcrito"
"RD-002503","tar","Tuca","Vt","Tuca","tuca","","Vt","Asar en las cenizas","[]","[]","","SRC-02[85]","Autorizada para difusión","Pendiente de validación lingüística","Transcrito"
"RD-002504","tar","Túcami","S","Túcami","tucami","","S","Asado","[]","[]","","SRC-02[85]","Autorizada para difusión","Pendiente de validación lingüística","Transcrito"
"RD-002505","tar","Tucua","","Tucua","tucua","","Sin clasificar","Desde abajo","[]","[]","","SRC-02[85]","Autorizada para difusión","Pendiente de validación lingüística","Transcrito"
"RD-002506","tar","Tumujé","Pron","Tumujé","tumuje","","Pron","Nosotros","[]","[]","","SRC-02[85]","Autorizada para difusión","Pendiente de validación lingüística","Transcrito"
"RD-002507","tar","Turio","S","Turio","turio","","S","Trigo","[]","[]","","SRC-02[85]","Autorizada para difusión","Pendiente de validación lingüística","Transcrito"
"RD-002508","tar","Turupa","Vi","Turupa","turupa","","Vi","Tropezar","[]","[]","","SRC-02[85]","Autorizada para difusión","Pendiente de validación lingüística","Transcrito"
"RD-002509","tar","Tutuburi","S","Tutuburi","tutuburi","","S","Baile indígena","[]","[]","","SRC-02[85]","Autorizada para difusión","Pendiente de validación lingüística","Transcrito"
"RD-002510","tar","Túrusi, tútusi","S","Túrusi, tútusi","turusi, tutusi","","S","Tipo de mata que lleva una frutita","[""tútusi""]","[]","","SRC-02[85]","Autorizada para difusión","Pendiente de validación lingüística","Transcrito"
"RD-002511","tar","Uba, huiba","Vi","Uba, huiba","uba, huiba","","Vi","Bañarse","[""huiba""]","[]","","SRC-02[86]","Autorizada para difusión","Pendiente de validación lingüística","Transcrito"
"RD-002512","tar","Úca, úcari","S","Úca, úcari","uca, ucari","","S","Espinazo","[""úcari""]","[]","","SRC-02[86]","Autorizada para difusión","Pendiente de validación lingüística","Transcrito"
"RD-002513","tar","Ucú","Vi","Ucú","ucu","","Vi","Llover","[]","[]","","SRC-02[86]","Autorizada para difusión","Pendiente de validación lingüística","Transcrito"
"RD-002514","tar","Ucuá","S","Ucuá","ucua","","S","Lágrima","[]","[]","","SRC-02[86]","Autorizada para difusión","Pendiente de validación lingüística","Transcrito"
"RD-002515","tar","Ucuí","S","Ucuí","ucui","","S","Lluvia","[]","[]","","SRC-02[86]","Autorizada para difusión","Pendiente de validación lingüística","Transcrito"
"RD-002516","tar","Ucuné","Vt pl","Ucuné","ucune","","Vt","Tienen maridos","[]","[]","","SRC-02[86]","Autorizada para difusión","Pendiente de validación lingüística","Transcrito"
"RD-002517","tar","Uchá","Vt","Uchá","ucha","","Vt","Poner parado (animal, caja boca abajo, persona agachada, cualquier cosa en cuatro patas)","[]","[]","","SRC-02[86]","Autorizada para difusión","Pendiente de validación lingüística","Transcrito"
"RD-002518","tar","Uchaba","Vt","Uchaba","uchaba","","Vt","Parar","[]","[]","","SRC-02[86]","Autorizada para difusión","Pendiente de validación lingüística","Transcrito"
"RD-002519","tar","Uché","Vt","Uché","uche","","Vt","1. Untar, ungir, frotar 2. Vacunar 3. Cargar (a un animal), echar carga","[]","[]","","SRC-02[86]","Autorizada para difusión","Pendiente de validación lingüística","Transcrito"
"RD-002520","tar","Uchíi","Adj","Uchíi","uchii","","Adj","Estrecho, angostito","[]","[]","","SRC-02[86]","Autorizada para difusión","Pendiente de validación lingüística","Transcrito"
"RD-002521","tar","Uchú","Vi pl","1Uchú","uchu","1","Vi","Estar parado (animal, barco, camión de carga, persona agachada)","[]","[]","","SRC-02[86]","Autorizada para difusión","Pendiente de validación lingüística","Transcrito"
"RD-002522","tar","Uchú","Vt","2Uchú","uchu","2","Vt","1. Chupar, besar 2. Picar, picotear","[]","[]","","SRC-02[86]","Autorizada para difusión","Pendiente de validación lingüística","Transcrito"
"RD-002523","tar","Uchucha","Vt","1Uchucha","uchucha","1","Vt","1. Poner parado (en las cuatro patas) 2. Dejar los animales","[]","[]","","SRC-02[86]","Autorizada para difusión","Pendiente de validación lingüística","Transcrito"
"RD-002524","tar","Uchucha","Vt","2Uchucha","uchucha","2","Vt","Traducir (al tarahumara o al español)","[]","[]","","SRC-02[86]","Autorizada para difusión","Pendiente de validación lingüística","Transcrito"
"RD-002525","tar","Uchupa","Vi","Uchupa","uchupa","","Vi","Pararse de cuatro patas","[]","[]","","SRC-02[86]","Autorizada para difusión","Pendiente de validación lingüística","Transcrito"
"RD-002526","tar","Uchurí","S","Uchurí","uchuri","","S","Tipo de nopal que florece","[]","[]","","SRC-02[86]","Autorizada para difusión","Pendiente de validación lingüística","Transcrito"
"RD-002527","tar","Uchurisa","Vi","Uchurisa","uchurisa","","Vi","Volver loco","[]","[]","","SRC-02[86]","Autorizada para difusión","Pendiente de validación lingüística","Transcrito"
"RD-002528","tar","Uchuta","Vi","Uchuta","uchuta","","Vi","Andan parados en cuatro patas","[]","[]","","SRC-02[86]","Autorizada para difusión","Pendiente de validación lingüística","Transcrito"
"RD-002529","tar","Ujuma","Vi pl","Ujuma","ujuma","","Vi","Correr","[]","[]","","SRC-02[86]","Autorizada para difusión","Pendiente de validación lingüística","Transcrito"
"RD-002530","tar","U’lú","Vt pl","U’lú","u'lu","","Vt","1. Tirar 2. Llevar (el agua)","[]","[]","","SRC-02[86]","Autorizada para difusión","Pendiente de validación lingüística","Transcrito"
"RD-002531","tar","Umí","S","Umí","umi","","S","Cintura","[]","[]","","SRC-02[86]","Autorizada para difusión","Pendiente de validación lingüística","Transcrito"
"RD-002532","tar","Umirá","S","Umirá","umira","","S","El último llano para abajo","[]","[]","","SRC-02[86]","Autorizada para difusión","Pendiente de validación lingüística","Transcrito"
"RD-002533","tar","Umpá","Vi","Umpá","umpa","","Vi","Perder (en el juego)","[]","[]","","SRC-02[86]","Autorizada para difusión","Pendiente de validación lingüística","Transcrito"
"RD-002534","tar","Umú","Vt","Umú","umu","","Vt","Tirar flecha o balazo","[]","[]","","SRC-02[86]","Autorizada para difusión","Pendiente de validación lingüística","Transcrito"
"RD-002535","tar","Umugusa","Vi","Umugusa","umugusa","","Vi","Desmayarse","[]","[]","","SRC-02[86]","Autorizada para difusión","Pendiente de validación lingüística","Transcrito"
"RD-002536","tar","Umuri","S","1Umuri","umuri","1","S","Bisabuelo, bisnieto","[]","[]","","SRC-02[86]","Autorizada para difusión","Pendiente de validación lingüística","Transcrito"
"RD-002537","tar","Umuri","S","2Umuri","umuri","2","S","Canasta (con tapadera)","[]","[]","","SRC-02[86]","Autorizada para difusión","Pendiente de validación lingüística","Transcrito"
"RD-002538","tar","Upé","Vi sing","Upé","upe","","Vi","Tener esposa","[]","[]","","SRC-02[86]","Autorizada para difusión","Pendiente de validación lingüística","Transcrito"
"RD-002539","tar","Upí","S sing","Upí","upi","","S","Esposa","[]","[]","","SRC-02[86]","Autorizada para difusión","Pendiente de validación lingüística","Transcrito"
"RD-002540","tar","Upima","Vi","Upima","upima","","Vi","Enviudar (hombre)","[]","[]","","SRC-02[86]","Autorizada para difusión","Pendiente de validación lingüística","Transcrito"
"RD-002541","tar","Upímami","S sing","Upímami","upimami","","S","Viudo","[]","[]","","SRC-02[86]","Autorizada para difusión","Pendiente de validación lingüística","Transcrito"
"RD-002542","tar","Upuyari","Vi","Upuyari","upuyari","","Vi","Salimos (del trabajo)","[]","[]","","SRC-02[86]","Autorizada para difusión","Pendiente de validación lingüística","Transcrito"
"RD-002543","tar","Uré","S","Uré","ure","","S","Fresno (árbol)","[]","[]","","SRC-02[86]","Autorizada para difusión","Pendiente de validación lingüística","Transcrito"
"RD-002544","tar","Urí","S","Urí","uri","","S","Barranca","[]","[]","","SRC-02[86]","Autorizada para difusión","Pendiente de validación lingüística","Transcrito"
"RD-002545","tar","Urúbasi","S","Urúbasi","urubasi","","S","Madroño (arbusto)","[]","[]","","SRC-02[86]","Autorizada para difusión","Pendiente de validación lingüística","Transcrito"
"RD-002546","tar","Usá","Vt","1Usá","usa","1","Vt","Azuzar (al perro)","[]","[]","","SRC-02[87]","Autorizada para difusión","Pendiente de validación lingüística","Transcrito"
"RD-002547","tar","Usá","","2Usá","usa","2","Sin clasificar","Cogido, agarrado","[]","[]","","SRC-02[87]","Autorizada para difusión","Pendiente de validación lingüística","Transcrito"
"RD-002548","tar","Usani","Adj","Usani","usani","","Adj","Seis","[]","[]","","SRC-02[87]","Autorizada para difusión","Pendiente de validación lingüística","Transcrito"
"RD-002549","tar","Usansa","Adj","Usansa","usansa","","Adj","Sexto","[]","[]","","SRC-02[87]","Autorizada para difusión","Pendiente de validación lingüística","Transcrito"
"RD-002550","tar","Usansa macoy","","Usansa macoy","usansa macoy","","Sin clasificar","Sesenta","[]","[]","","SRC-02[87]","Autorizada para difusión","Pendiente de validación lingüística","Transcrito"
"RD-002551","tar","Usí","Adv","Usí","usi","","Adv","Arriba por el arroyo","[]","[]","","SRC-02[87]","Autorizada para difusión","Pendiente de validación lingüística","Transcrito"
"RD-002552","tar","Usú","S","Usú","usu","","S","1. Abuela materna 2. Nieta de la abuela","[]","[]","","SRC-02[87]","Autorizada para difusión","Pendiente de validación lingüística","Transcrito"
"RD-002553","tar","Usuta","Adj","Usuta","usuta","","Adj","Zurdo","[]","[]","","SRC-02[87]","Autorizada para difusión","Pendiente de validación lingüística","Transcrito"
"RD-002554","tar","´Ya","Vt","´Ya","´ya","","Vt","Dar, convidar","[]","[]","","SRC-02[87]","Autorizada para difusión","Pendiente de validación lingüística","Transcrito"
"RD-002555","tar","Yáatari","Adv","Yáatari","yaatari","","Adv","De repente (en futuro)","[]","[]","","SRC-02[87]","Autorizada para difusión","Pendiente de validación lingüística","Transcrito"
"RD-002556","tar","Yáati","Adv","Yáati","yaati","","Adv","Inmediatamente, pronto","[]","[]","","SRC-02[87]","Autorizada para difusión","Pendiente de validación lingüística","Transcrito"
"RD-002557","tar","‘Yé","Vt","‘Yé","'ye","","Vt","Quitar","[]","[]","","SRC-02[87]","Autorizada para difusión","Pendiente de validación lingüística","Transcrito"
"RD-002558","tar","Ye","Adv","Ye","ye","","Adv","Por allá, alrededor","[]","[]","","SRC-02[87]","Autorizada para difusión","Pendiente de validación lingüística","Transcrito"
"RD-002559","tar","Yéachi","Adj","Yéachi","yeachi","","Adj","1. Abierto (puerta, ventana) 2. Abertura (de la puerta)","[]","[]","","SRC-02[87]","Autorizada para difusión","Pendiente de validación lingüística","Transcrito"
"RD-002560","tar","‘Yeba","Vt","‘Yeba","'yeba","","Vt","Trer (para alguien)","[]","[]","","SRC-02[87]","Autorizada para difusión","Pendiente de validación lingüística","Transcrito"
"RD-002561","tar","‘Yeca","Vi","‘Yeca","'yeca","","Vi","Engañar, decir mentiras","[]","[]","","SRC-02[87]","Autorizada para difusión","Pendiente de validación lingüística","Transcrito"
"RD-002562","tar","Yema","Vi","Yema","yema","","Vi","Estar vertiginoso","[]","[]","","SRC-02[87]","Autorizada para difusión","Pendiente de validación lingüística","Transcrito"
"RD-002563","tar","‘Yemi","Pron","‘Yemi","'yemi","","Pron","Ustedes","[]","[]","","SRC-02[87]","Autorizada para difusión","Pendiente de validación lingüística","Transcrito"
"RD-002564","tar","‘Yemi níhuara","Pron pos","‘Yemi níhuara","'yemi nihuara","","Pron","Vuestro, de ustedes","[]","[]","","SRC-02[87]","Autorizada para difusión","Pendiente de validación lingüística","Transcrito"
"RD-002565","tar","‘Yena","Vi pl","‘Yena","'yena","","Vi","Andar","[]","[]","","SRC-02[87]","Autorizada para difusión","Pendiente de validación lingüística","Transcrito"
"RD-002566","tar","Yena","","Yena","yena","","Sin clasificar","Andar","[]","[]","","SRC-02[87]","Autorizada para difusión","Pendiente de validación lingüística","Transcrito"
"RD-002567","tar","Yepu","Interr","Yepu","yepu","","Interr","¿Quién?","[]","[]","","SRC-02[87]","Autorizada para difusión","Pendiente de validación lingüística","Transcrito"
"RD-002568","tar","‘Yera","","‘Yera","'yera","","Sin clasificar","1. s Puerta (lo que cierra) 2. vt Cercar, cerrar, encerrar","[]","[]","","SRC-02[87]","Autorizada para difusión","Pendiente de validación lingüística","Transcrito"
"RD-002569","tar","Yera","Vi","Yera","yera","","Vi","Invitar","[]","[]","","SRC-02[87]","Autorizada para difusión","Pendiente de validación lingüística","Transcrito"
"RD-002570","tar","Yeri","Vt","Yeri","yeri","","Vt","Conducir","[]","[]","","SRC-02[87]","Autorizada para difusión","Pendiente de validación lingüística","Transcrito"
"RD-002571","tar","‘Yeta","Adj","‘Yeta","'yeta","","Adj","Cerrado","[]","[]","","SRC-02[87]","Autorizada para difusión","Pendiente de validación lingüística","Transcrito"
"RD-002572","tar","Yiri","S","1Yiri","yiri","1","S","Clase","[]","[]","","SRC-02[87]","Autorizada para difusión","Pendiente de validación lingüística","Transcrito"
"RD-002573","tar","Yiri","S","2Yiri","yiri","2","S","Semejanza","[]","[]","","SRC-02[87]","Autorizada para difusión","Pendiente de validación lingüística","Transcrito"
"RD-002574","tar","Yo","Vi sing","Yo","yo","","Vi","Enojarse","[]","[]","","SRC-02[87]","Autorizada para difusión","Pendiente de validación lingüística","Transcrito"
"RD-002575","tar","Yoca","Vt","Yoca","yoca","","Vt","Teñir","[]","[]","","SRC-02[87]","Autorizada para difusión","Pendiente de validación lingüística","Transcrito"
"RD-002576","tar","Yona","Vt","Yona","yona","","Vt","Regañar","[]","[]","","SRC-02[87]","Autorizada para difusión","Pendiente de validación lingüística","Transcrito"
"RD-002577","tar","Yora","Vt sing","1Yora","yora","1","Vt","Enojar","[]","[]","","SRC-02[87]","Autorizada para difusión","Pendiente de validación lingüística","Transcrito"
"RD-002578","tar","Yora","Vi","2Yora","yora","2","Vi","Inclinar la cabeza","[]","[]","","SRC-02[87]","Autorizada para difusión","Pendiente de validación lingüística","Transcrito"
"RD-002579","tar","Yuhua, yuga","Conj","Yuhua, yuga","yuhua, yuga","","Conj","Con","[""yuga""]","[]","","SRC-02[87]","Autorizada para difusión","Pendiente de validación lingüística","Transcrito"
"RD-002580","tar","Yura","Vi","Yura","yura","","Vi","1. Guiar 2. Llevar de compañero (en un viaje)","[]","[]","","SRC-02[87]","Autorizada para difusión","Pendiente de validación lingüística","Transcrito"
"RD-002581","tar","Yusa","Vt","Yusa","yusa","","Vt","Llevar a otro al caer (personas o cosas)","[]","[""Echi rité auchecho biré huarú rité yúsari. Esa piedra que rodó se llevó otra piedra grande también""]","Echi rité auchecho biré huarú rité yúsari. Esa piedra que rodó se llevó otra piedra grande también","SRC-02[87]","Autorizada para difusión","Pendiente de validación lingüística","Transcrito"
