"ID","Description","Entry_ID","Position","Description_Language"
"RD-000001-S01","Buscar","RD-000001","1","spa"
"RD-000002-S01","Hoy","RD-000002","1","spa"
"RD-000003-S01","Sí","RD-000003","1","spa"
"RD-000004-S01","Todavía, aún","RD-000004","1","spa"
"RD-000005-S01","Ellos, ellas","RD-000005","1","spa"
"RD-000006-S01","Cara, nariz","RD-000006","1","spa"
"RD-000007-S01","Tener sal","RD-000007","1","spa"
"RD-000007-S02","Está dulce o sabroso","RD-000007","2","spa"
"RD-000008-S01","Huarache","RD-000008","1","spa"
"RD-000009-S01","Poner (huaraches)","RD-000009","1","spa"
"RD-000010-S01","Quitarse (huaraches)","RD-000010","1","spa"
"RD-000011-S01","Quitar (huaraches)","RD-000011","1","spa"
"RD-000012-S01","Embotarse, quitarse (el filo)","RD-000012","1","spa"
"RD-000013-S01","Salado","RD-000013","1","spa"
"RD-000013-S02","Dulce","RD-000013","2","spa"
"RD-000014-S01","Sano de pie o de brazo (se usa negativamente)","RD-000014","1","spa"
"RD-000015-S01","Hoyo de la nariz, ventana de la nariz","RD-000015","1","spa"
"RD-000016-S01","Abuela paterna","RD-000016","1","spa"
"RD-000016-S02","Nieta (de la abuela paterna)","RD-000016","2","spa"
"RD-000017-S01","Salar","RD-000017","1","spa"
"RD-000018-S01","Correa","RD-000018","1","spa"
"RD-000019-S01","Ponerse correas a los huaraches","RD-000019","1","spa"
"RD-000020-S01","Vivo","RD-000020","1","spa"
"RD-000021-S01","Boca abajo","RD-000021","1","spa"
"RD-000022-S01","Aliviado (de pie, brazo, etc.), sano así","RD-000022","1","spa"
"RD-000023-S01","Herrar","RD-000023","1","spa"
"RD-000024-S01","Rostro","RD-000024","1","spa"
"RD-000025-S01","¿Acaso…? (solo se usa en preguntas)","RD-000025","1","spa"
"RD-000026-S01","Poner (una sola cosa o persona), colocar","RD-000026","1","spa"
"RD-000027-S01","Una mata espinosa (semejante a la manzanilla; las chivas comen las ramitas)","RD-000027","1","spa"
"RD-000028-S01","Golpear ropa o cobija sobre una roca o con un palo para quitar el agua.","RD-000028","1","spa"
"RD-000029-S01","Atiesarse (de frío), morirse (de frío)","RD-000029","1","spa"
"RD-000030-S01","Reír, sonreír","RD-000030","1","spa"
"RD-000031-S01","Risueño","RD-000031","1","spa"
"RD-000032-S01","Es igual","RD-000032","1","spa"
"RD-000033-S01","De la misma manera, así también","RD-000033","1","spa"
"RD-000034-S01","Brotar, nacer o germinar (semillas)","RD-000034","1","spa"
"RD-000035-S01","Solos","RD-000035","1","spa"
"RD-000036-S01","Aparte","RD-000036","1","spa"
"RD-000037-S01","Desgranar maíz","RD-000037","1","spa"
"RD-000038-S01","Mosquito, zancudo","RD-000038","1","spa"
"RD-000039-S01","Mejorar, arreglar, preparar","RD-000039","1","spa"
"RD-000040-S01","Decalitro","RD-000040","1","spa"
"RD-000041-S01","Hígado","RD-000041","1","spa"
"RD-000042-S01","Tener hígado","RD-000042","1","spa"
"RD-000043-S01","Rezar","RD-000043","1","spa"
"RD-000044-S01","Perteneciente a la acción de rezar","RD-000044","1","spa"
"RD-000045-S01","Estar entero","RD-000045","1","spa"
"RD-000046-S01","Entero","RD-000046","1","spa"
"RD-000047-S01","Buscar","RD-000047","1","spa"
"RD-000048-S01","Amigo","RD-000048","1","spa"
"RD-000049-S01","Panal, miel de abeja","RD-000049","1","spa"
"RD-000050-S01","De otro modo","RD-000050","1","spa"
"RD-000051-S01","Ala","RD-000051","1","spa"
"RD-000051-S02","Aleta","RD-000051","2","spa"
"RD-000052-S01","Juntarse","RD-000052","1","spa"
"RD-000053-S01","Aguantar","RD-000053","1","spa"
"RD-000054-S01","Aletear","RD-000054","1","spa"
"RD-000055-S01","Mutuamente, unos a otros","RD-000055","1","spa"
"RD-000056-S01","Aletear","RD-000056","1","spa"
"RD-000057-S01","Medir, pesar","RD-000057","1","spa"
"RD-000058-S01","Al mismo tiempo","RD-000058","1","spa"
"RD-000058-S02","igual","RD-000058","2","spa"
"RD-000059-S01","Perseguir","RD-000059","1","spa"
"RD-000060-S01","Uno encima del otro","RD-000060","1","spa"
"RD-000061-S01","Poner (uno encima del otro)","RD-000061","1","spa"
"RD-000062-S01","Igualar","RD-000062","1","spa"
"RD-000063-S01","Los que vivieron hace mucho, los espíritus de los antepasados","RD-000063","1","spa"
"RD-000064-S01","Decir","RD-000064","1","spa"
"RD-000065-S01","Sonar fuerte","RD-000065","1","spa"
"RD-000066-S01","Le fue dicho","RD-000066","1","spa"
"RD-000067-S01","Fue dicho fue avisado (pasivo)","RD-000067","1","spa"
"RD-000068-S01","Rezumbar","RD-000068","1","spa"
"RD-000069-S01","Decir","RD-000069","1","spa"
"RD-000070-S01","Querer decir","RD-000070","1","spa"
"RD-000071-S01","Decir","RD-000071","1","spa"
"RD-000072-S01","En el tiempo en que se dice","RD-000072","1","spa"
"RD-000073-S01","Nombrado","RD-000073","1","spa"
"RD-000074-S01","Tascatal","RD-000074","1","spa"
"RD-000075-S01","Táscate (un árbol de la familia del cedro)","RD-000075","1","spa"
"RD-000076-S01","Andar acarreando (en el lomo)","RD-000076","1","spa"
"RD-000077-S01","Compañero","RD-000077","1","spa"
"RD-000078-S01","Abuelo materno","RD-000078","1","spa"
"RD-000079-S01","Nieto (del abuelo materno)","RD-000079","1","spa"
"RD-000080-S01","Estar bravo","RD-000080","1","spa"
"RD-000081-S01","Bravo, cruel, feroz, malvado, valiente, violento","RD-000081","1","spa"
"RD-000082-S01","Echar a la espalda","RD-000082","1","spa"
"RD-000083-S01","Llevar en la espalda","RD-000083","1","spa"
"RD-000084-S01","Hacer olas (el agua)","RD-000084","1","spa"
"RD-000085-S01","Un árbol de la barranca","RD-000085","1","spa"
"RD-000086-S01","Tener huaraches","RD-000086","1","spa"
"RD-000087-S01","Nadar","RD-000087","1","spa"
"RD-000088-S01","Desaparecer","RD-000088","1","spa"
"RD-000089-S01","Arado","RD-000089","1","spa"
"RD-000090-S01","Descornar","RD-000090","1","spa"
"RD-000091-S01","Tarde","RD-000091","1","spa"
"RD-000092-S01","Entonces","RD-000092","1","spa"
"RD-000093-S01","Tardar, dilatar","RD-000093","1","spa"
"RD-000094-S01","A pesar de, de todos modos","RD-000094","1","spa"
"RD-000095-S01","Ser tarde, atardecer","RD-000095","1","spa"
"RD-000096-S01","Alma","RD-000096","1","spa"
"RD-000097-S01","Dejar","RD-000097","1","spa"
"RD-000098-S01","Almud","RD-000098","1","spa"
"RD-000099-S01","Al poco rato","RD-000099","1","spa"
"RD-000100-S01","¡Adiós!","RD-000100","1","spa"
"RD-000101-S01","iAy!","RD-000101","1","spa"
"RD-000102-S01","Marchitarse","RD-000102","1","spa"
"RD-000103-S01","Acudir","RD-000103","1","spa"
"RD-000104-S01","Sacudir","RD-000104","1","spa"
"RD-000105-S01","Enemigos","RD-000105","1","spa"
"RD-000106-S01","Montar (un animal)","RD-000106","1","spa"
"RD-000107-S01","También","RD-000107","1","spa"
"RD-000108-S01","Siéntate","RD-000108","1","spa"
"RD-000109-S01","Sentarse","RD-000109","1","spa"
"RD-000110-S01","Quedarse (cosa)","RD-000110","1","spa"
"RD-000111-S01","Estar sentado (haciendo algo)","RD-000111","1","spa"
"RD-000112-S01","Levantarse (de estar acostado)","RD-000112","1","spa"
"RD-000113-S01","Arco (para flechas)","RD-000113","1","spa"
"RD-000114-S01","Pudrirse (mazorcas)","RD-000114","1","spa"
"RD-000115-S01","Podar","RD-000115","1","spa"
"RD-000116-S01","Tener arco","RD-000116","1","spa"
"RD-000117-S01","Sing estar, estar sentado","RD-000117","1","spa"
"RD-000118-S01","Estornudar","RD-000118","1","spa"
"RD-000119-S01","Otro","RD-000119","1","spa"
"RD-000121-S01","Dando [Gerundio de ‘ya]","RD-000121","1","spa"
"RD-000122-S01","Uno tras otro","RD-000122","1","spa"
"RD-000123-S01","Sí","RD-000123","1","spa"
"RD-000124-S01","También, aún, sí","RD-000124","1","spa"
"RD-000125-S01","Mañana.","RD-000125","1","spa"
"RD-000126-S01","Al siguiente día (en el pasado) por la mañana","RD-000126","1","spa"
"RD-000127-S01","Carrizo","RD-000127","1","spa"
"RD-000128-S01","Hoja de la mazorca (seca)","RD-000128","1","spa"
"RD-000129-S01","Infectarse (llaga), hincharse (con pus)","RD-000129","1","spa"
"RD-000130-S01","Tipo de mata que crece en las barrancas. (ellos usan las raíces bien machucadas con un poco de agua para curarse cuando están ""fuera de sí"".).","RD-000130","1","spa"
"RD-000131-S01","Tipo de víbora chica con rayas blancas","RD-000131","1","spa"
"RD-000132-S01","Tener enfermedad venérea","RD-000132","1","spa"
"RD-000133-S01","Ponerse amarillo (las matas de maíz por haber llovido)","RD-000133","1","spa"
"RD-000134-S01","Río","RD-000134","1","spa"
"RD-000135-S01","Otate","RD-000135","1","spa"
"RD-000136-S01","Palo semejante al carrizo","RD-000136","1","spa"
"RD-000137-S01","Primeramente, adelante, enfrente","RD-000137","1","spa"
"RD-000138-S01","Meter (a la cárcel), poner (adentro)","RD-000138","1","spa"
"RD-000139-S01","Ante, delante, por delante, enfrente de","RD-000139","1","spa"
"RD-000140-S01","Parte gruesa del hueso que fue roto","RD-000140","1","spa"
"RD-000141-S01","Hueso del tobillo","RD-000141","1","spa"
"RD-000142-S01","Ir adelante.","RD-000142","1","spa"
"RD-000143-S01","Pret hacer preso","RD-000143","1","spa"
"RD-000144-S01","Apuntar bien jugando cuatro (tirando al hoyo)","RD-000144","1","spa"
"RD-000145-S01","Tener hermano mayor","RD-000145","1","spa"
"RD-000146-S01","Hermano mayor","RD-000146","1","spa"
"RD-000147-S01","Calabaza.","RD-000147","1","spa"
"RD-000148-S01","Rociar","RD-000148","1","spa"
"RD-000149-S01","Primogénito, hermano mayor","RD-000149","1","spa"
"RD-000150-S01","Hay agua","RD-000150","1","spa"
"RD-000151-S01","Agua","RD-000151","1","spa"
"RD-000152-S01","Herrar","RD-000152","1","spa"
"RD-000153-S01","Jugo, caldo","RD-000153","1","spa"
"RD-000154-S01","Hacer caldo, echar agua a un líquido","RD-000154","1","spa"
"RD-000155-S01","Tercero","RD-000155","1","spa"
"RD-000156-S01","Treinta","RD-000156","1","spa"
"RD-000157-S01","Hinchado","RD-000157","1","spa"
"RD-000158-S01","Tomar, beber (tesgüino, agua)","RD-000158","1","spa"
"RD-000159-S01","Curandero (que toma tesgüino)","RD-000159","1","spa"
"RD-000160-S01","Hinchado por desnutrición","RD-000160","1","spa"
"RD-000161-S01","Hacer norte (viento frío del norte)","RD-000161","1","spa"
"RD-000162-S01","Norte (viento frío del norte)","RD-000162","1","spa"
"RD-000163-S01","Pozo, ojo de agua, manantial.","RD-000163","1","spa"
"RD-000164-S01","Tiempo de tomar tesgüino","RD-000164","1","spa"
"RD-000165-S01","Potable (bebida)","RD-000165","1","spa"
"RD-000166-S01","Hincharse.","RD-000166","1","spa"
"RD-000167-S01","Hacer tomar o beber.","RD-000167","1","spa"
"RD-000168-S01","Salir agua","RD-000168","1","spa"
"RD-000169-S01","Ir a la tesgüinada (a tomar)","RD-000169","1","spa"
"RD-000170-S01","Invitar a la casa o al trabajo (a tomar tesgüino)","RD-000170","1","spa"
"RD-000171-S01","Nutria","RD-000171","1","spa"
"RD-000172-S01","Hacer un año","RD-000172","1","spa"
"RD-000173-S01","Año","RD-000173","1","spa"
"RD-000174-S01","Mejilla","RD-000174","1","spa"
"RD-000175-S01","Lama, moho","RD-000175","1","spa"
"RD-000176-S01","Víbora venenosa de menos de un metro, un poco negra, que no tiene cascabel, y vive en la barranca.","RD-000176","1","spa"
"RD-000177-S01","Tener mejillas.","RD-000177","1","spa"
"RD-000178-S01","Gastarse la cobija","RD-000178","1","spa"
"RD-000179-S01","Una cobija gastada.","RD-000179","1","spa"
"RD-000180-S01","Cierta hierba que produce semillas manchadas de rojo y negro. Las muelen con agua y se ponen en una hueja cerca de la cruz cuando bailan matachines. Lo rocían sobre las chivas para curarlas, y para protegerlas contra las enfermedades.","RD-000180","1","spa"
"RD-000181-S01","Crecer larga y enredada (mata)","RD-000181","1","spa"
"RD-000182-S01","Arrastrar, llevar (jalando con mecate).","RD-000182","1","spa"
"RD-000183-S01","Jalar (estirando)","RD-000183","1","spa"
"RD-000184-S01","Apedrear","RD-000184","1","spa"
"RD-000185-S01","Entrar (solo)","RD-000185","1","spa"
"RD-000186-S01","Padrino, madrina","RD-000186","1","spa"
"RD-000187-S01","El tiempo de lluvias","RD-000187","1","spa"
"RD-000188-S01","Tener sed","RD-000188","1","spa"
"RD-000189-S01","Huérfano","RD-000189","1","spa"
"RD-000190-S01","Tener sed","RD-000190","1","spa"
"RD-000191-S01","Llegar e l tiempo de lluvias","RD-000191","1","spa"
"RD-000192-S01","Cura","RD-000192","1","spa"
"RD-000193-S01","Quiote","RD-000193","1","spa"
"RD-000194-S01","Pardo","RD-000194","1","spa"
"RD-000195-S01","Apedrear","RD-000195","1","spa"
"RD-000196-S01","Coyote.","RD-000196","1","spa"
"RD-000197-S01","Pasear","RD-000197","1","spa"
"RD-000198-S01","Taza, vaso","RD-000198","1","spa"
"RD-000199-S01","Triguillo (la semilla con que hacen fermentar el tesgüino)","RD-000199","1","spa"
"RD-000200-S01","Apedrear","RD-000200","1","spa"
"RD-000201-S01","Lavarse (la cara)","RD-000201","1","spa"
"RD-000202-S01","Hierba que sirve para calmar el dolor de muelas","RD-000202","1","spa"
"RD-000203-S01","Pato","RD-000203","1","spa"
"RD-000204-S01","Derretir","RD-000204","1","spa"
"RD-000205-S01","Pozole (frijol cocido con nixtamal)","RD-000205","1","spa"
"RD-000206-S01","Cocer, hervir","RD-000206","1","spa"
"RD-000207-S01","Derretir","RD-000207","1","spa"
"RD-000208-S01","Mata de la barranca que produce las semillas que usan para hacer soguillas.","RD-000208","1","spa"
"RD-000209-S01","Tener tesgüino (en su casa)","RD-000209","1","spa"
"RD-000210-S01","Tesgüino","RD-000210","1","spa"
"RD-000211-S01","Mapache (mamífero)","RD-000211","1","spa"
"RD-000212-S01","Moler (en metate)","RD-000212","1","spa"
"RD-000213-S01","Masa","RD-000213","1","spa"
"RD-000214-S01","Llamar","RD-000214","1","spa"
"RD-000215-S01","Guiar, llevar","RD-000215","1","spa"
"RD-000216-S01","Sanguijuela","RD-000216","1","spa"
"RD-000217-S01","Invitar","RD-000217","1","spa"
"RD-000218-S01","Parecer bonito, estar bonito","RD-000218","1","spa"
"RD-000219-S01","Bello, chulo, hermoso, lindo, bonito","RD-000219","1","spa"
"RD-000220-S01","Hacer bonito","RD-000220","1","spa"
"RD-000221-S01","Adornar","RD-000221","1","spa"
"RD-000222-S01","Gustar (una cosa)","RD-000222","1","spa"
"RD-000223-S01","Pudrir","RD-000223","1","spa"
"RD-000224-S01","Podrido","RD-000224","1","spa"
"RD-000225-S01","Oler mal","RD-000225","1","spa"
"RD-000226-S01","Salir pus","RD-000226","1","spa"
"RD-000227-S01","En tres partes","RD-000227","1","spa"
"RD-000228-S01","Capar (animal)","RD-000228","1","spa"
"RD-000229-S01","Entonces, y.","RD-000229","1","spa"
"RD-000230-S01","Raspar, quitar la piel","RD-000230","1","spa"
"RD-000231-S01","Verdad","RD-000231","1","spa"
"RD-000232-S01","Jurar, prometer","RD-000232","1","spa"
"RD-000233-S01","Afirmar, comprometer","RD-000233","1","spa"
"RD-000234-S01","Verdadero","RD-000234","1","spa"
"RD-000235-S01","La verdad.","RD-000235","1","spa"
"RD-000236-S01","Cierto, verdad","RD-000236","1","spa"
"RD-000237-S01","Creer","RD-000237","1","spa"
"RD-000238-S01","Convencer, dar fe","RD-000238","1","spa"
"RD-000239-S01","Quitar (la cáscara), pelar, deshojar (mazorca)","RD-000239","1","spa"
"RD-000240-S01","Despellejar","RD-000240","1","spa"
"RD-000241-S01","Creyente","RD-000241","1","spa"
"RD-000242-S01","Estar duro","RD-000242","1","spa"
"RD-000243-S01","Limpiar","RD-000243","1","spa"
"RD-000244-S01","Endurecer","RD-000244","1","spa"
"RD-000245-S01","Hacer duro","RD-000245","1","spa"
"RD-000246-S01","Duro","RD-000246","1","spa"
"RD-000247-S01","Limpiarse, volverse blanco","RD-000247","1","spa"
"RD-000248-S01","Claro, limpio","RD-000248","1","spa"
"RD-000249-S01","Chueco, torcido","RD-000249","1","spa"
"RD-000250-S01","Fierro (de lumbre)","RD-000250","1","spa"
"RD-000251-S01","Neblina, polvo","RD-000251","1","spa"
"RD-000252-S01","Haber neblina, haber polvo, haber humo","RD-000252","1","spa"
"RD-000253-S01","Niebla, polvo","RD-000253","1","spa"
"RD-000254-S01","Aprender, estudiar","RD-000254","1","spa"
"RD-000255-S01","El que aprende, discípulo","RD-000255","1","spa"
"RD-000256-S01","Apartarse solo","RD-000256","1","spa"
"RD-000257-S01","Enseñar, instruir","RD-000257","1","spa"
"RD-000258-S01","Amansar","RD-000258","1","spa"
"RD-000259-S01","Apartar solo","RD-000259","1","spa"
"RD-000260-S01","Solo","RD-000260","1","spa"
"RD-000261-S01","Maestro, el que enseña","RD-000261","1","spa"
"RD-000262-S01","Único","RD-000262","1","spa"
"RD-000263-S01","Hermana menor (de mujer)","RD-000263","1","spa"
"RD-000264-S01","Anzuelo","RD-000264","1","spa"
"RD-000265-S01","Él, ella, él mismo","RD-000265","1","spa"
"RD-000266-S01","Tres","RD-000266","1","spa"
"RD-000267-S01","Uno","RD-000267","1","spa"
"RD-000268-S01","En una sola parte","RD-000268","1","spa"
"RD-000269-S01","Una parte (desconocida), alguna parte","RD-000269","1","spa"
"RD-000270-S01","En una sola parte","RD-000270","1","spa"
"RD-000271-S01","Sólo uno","RD-000271","1","spa"
"RD-000272-S01","Alguien","RD-000272","1","spa"
"RD-000273-S01","Torcerse","RD-000273","1","spa"
"RD-000274-S01","Encender lumbre con pedernal","RD-000274","1","spa"
"RD-000275-S01","Pedernal","RD-000275","1","spa"
"RD-000276-S01","Torcer, exprimir","RD-000276","1","spa"
"RD-000277-S01","Rasparse","RD-000277","1","spa"
"RD-000278-S01","Salir pus","RD-000278","1","spa"
"RD-000279-S01","Despellejar","RD-000279","1","spa"
"RD-000280-S01","Sing habitar, morar, vivir","RD-000280","1","spa"
"RD-000281-S01","Estar pesado","RD-000281","1","spa"
"RD-000282-S01","Morador, que vive","RD-000282","1","spa"
"RD-000283-S01","Pasar la noche, pernoctar","RD-000283","1","spa"
"RD-000284-S01","Casa","RD-000284","1","spa"
"RD-000285-S01","Estar acostados (varios)","RD-000285","1","spa"
"RD-000286-S01","Echarse (animales), están acostándose","RD-000286","1","spa"
"RD-000287-S01","Casa, habitación","RD-000287","1","spa"
"RD-000288-S01","Andar (como borracho)","RD-000288","1","spa"
"RD-000289-S01","Hacer cajetes","RD-000289","1","spa"
"RD-000290-S01","Cajete, plato, cazuela","RD-000290","1","spa"
"RD-000291-S01","Temprano","RD-000291","1","spa"
"RD-000292-S01","Ocultarse, ponerse el sol","RD-000292","1","spa"
"RD-000293-S01","Cascada, salto de agua","RD-000293","1","spa"
"RD-000294-S01","Preñada, encinta","RD-000294","1","spa"
"RD-000295-S01","Oveja, borrego","RD-000295","1","spa"
"RD-000296-S01","Tener lana, pelo","RD-000296","1","spa"
"RD-000297-S01","Postrarse","RD-000297","1","spa"
"RD-000298-S01","Buey","RD-000298","1","spa"
"RD-000299-S01","Pasar a pie al otro lado del agua, vadear","RD-000299","1","spa"
"RD-000300-S01","Arrancar, desherbar","RD-000300","1","spa"
"RD-000301-S01","Hermano menor","RD-000301","1","spa"
"RD-000302-S01","Hermano menor","RD-000302","1","spa"
"RD-000303-S01","Anzuelo","RD-000303","1","spa"
"RD-000304-S01","La otra banda (del arroyo)","RD-000304","1","spa"
"RD-000305-S01","Desplumar","RD-000305","1","spa"
"RD-000306-S01","A la otra banda","RD-000306","1","spa"
"RD-000307-S01","Producir lana","RD-000307","1","spa"
"RD-000308-S01","Caer el pelo ( a los animales)","RD-000308","1","spa"
"RD-000309-S01","Lana","RD-000309","1","spa"
"RD-000310-S01","Salto de agua","RD-000310","1","spa"
"RD-000311-S01","Correr el agua (en una corriente)","RD-000311","1","spa"
"RD-000312-S01","Amarrado","RD-000312","1","spa"
"RD-000313-S01","Llenarse, hartarse, (comiendo)","RD-000313","1","spa"
"RD-000314-S01","Llenarse.","RD-000314","1","spa"
"RD-000315-S01","Eructar","RD-000315","1","spa"
"RD-000316-S01","Estar lleno","RD-000316","1","spa"
"RD-000317-S01","Soltarse","RD-000317","1","spa"
"RD-000317-S02","Desatarse","RD-000317","2","spa"
"RD-000318-S01","Soltar, desamarrar, desatar","RD-000318","1","spa"
"RD-000319-S01","Hundir, sumergir.","RD-000319","1","spa"
"RD-000320-S01","Hundirse, zambullir Cara.","RD-000320","1","spa"
"RD-000321-S01","Poseedor (de un animal)","RD-000321","1","spa"
"RD-000322-S01","Hace poco, nuevamente, hace rato","RD-000322","1","spa"
"RD-000323-S01","Contener","RD-000323","1","spa"
"RD-000324-S01","Lleno","RD-000324","1","spa"
"RD-000325-S01","Llenar","RD-000325","1","spa"
"RD-000326-S01","Nuevo, fresco.","RD-000326","1","spa"
"RD-000327-S01","Estar lleno","RD-000327","1","spa"
"RD-000328-S01","Completamente.","RD-000328","1","spa"
"RD-000329-S01","En todas partes","RD-000329","1","spa"
"RD-000330-S01","Esperar","RD-000330","1","spa"
"RD-000331-S01","Camino","RD-000331","1","spa"
"RD-000332-S01","Acostarse (solo)","RD-000332","1","spa"
"RD-000333-S01","En el camino","RD-000333","1","spa"
"RD-000334-S01","Acostarse, caerse 2 . Echarse (un animal)","RD-000334","1","spa"
"RD-000334-S02","Derribarse (persona)","RD-000334","2","spa"
"RD-000335-S01","Estar esperando","RD-000335","1","spa"
"RD-000336-S01","Tambalearse","RD-000336","1","spa"
"RD-000337-S01","Cobrar, quitar algo, multar","RD-000337","1","spa"
"RD-000338-S01","Agacharse","RD-000338","1","spa"
"RD-000338-S02","Inclinarse","RD-000338","2","spa"
"RD-000339-S01","Ladear, agachar, inclinar","RD-000339","1","spa"
"RD-000340-S01","Tener, poseer (animal)","RD-000340","1","spa"
"RD-000341-S01","Hacer camino","RD-000341","1","spa"
"RD-000342-S01","Amarrar","RD-000342","1","spa"
"RD-000343-S01","Manojo","RD-000343","1","spa"
"RD-000344-S01","Llevar preso","RD-000344","1","spa"
"RD-000345-S01","Burro","RD-000345","1","spa"
"RD-000346-S01","Estar el camino (hacia e l lugar mencionado)","RD-000346","1","spa"
"RD-000347-S01","Condicional si le amarran","RD-000347","1","spa"
"RD-000348-S01","[Pretérito de burú]","RD-000348","1","spa"
"RD-000349-S01","Despertarse","RD-000349","1","spa"
"RD-000350-S01","Tener ojos","RD-000350","1","spa"
"RD-000351-S01","Ojo","RD-000351","1","spa"
"RD-000352-S01","Ciego (Una persona a quien se le acabó completamente la vista)","RD-000352","1","spa"
"RD-000353-S01","Despertar","RD-000353","1","spa"
"RD-000354-S01","Hundirse","RD-000354","1","spa"
"RD-000355-S01","Salir (animales del corral)","RD-000355","1","spa"
"RD-000356-S01","Enfermar (de viruela)","RD-000356","1","spa"
"RD-000357-S01","Llevar (en la mano)","RD-000357","1","spa"
"RD-000358-S01","Traer","RD-000358","1","spa"
"RD-000359-S01","Hacer sombra","RD-000359","1","spa"
"RD-000360-S01","Sombra","RD-000360","1","spa"
"RD-000361-S01","Ser","RD-000361","1","spa"
"RD-000362-S01","Estar bajo a la sombra","RD-000362","1","spa"
"RD-000363-S01","Enrollar","RD-000363","1","spa"
"RD-000364-S01","Rodarse (una cosa larga)","RD-000364","1","spa"
"RD-000365-S01","Rodar, envolver","RD-000365","1","spa"
"RD-000366-S01","Enrollar en una bola (mecate)","RD-000366","1","spa"
"RD-000367-S01","Pantorrilla","RD-000367","1","spa"
"RD-000368-S01","Músculo (de la pierna o del brazo)","RD-000368","1","spa"
"RD-000368-S02","En la pantorilla","RD-000368","2","spa"
"RD-000369-S01","Ser esféricos","RD-000369","1","spa"
"RD-000370-S01","Tecolote blanco (ave tamaño mediano), búho chico","RD-000370","1","spa"
"RD-000371-S01","¿cuándo?","RD-000371","1","spa"
"RD-000372-S01","Cadera","RD-000372","1","spa"
"RD-000373-S01","Escupir","RD-000373","1","spa"
"RD-000374-S01","Reírse","RD-000374","1","spa"
"RD-000375-S01","Cadera","RD-000375","1","spa"
"RD-000376-S01","Arrugarse","RD-000376","1","spa"
"RD-000377-S01","Arrugar","RD-000377","1","spa"
"RD-000378-S01","Poner huevos","RD-000378","1","spa"
"RD-000379-S01","Caballo","RD-000379","1","spa"
"RD-000380-S01","Tener liendres","RD-000380","1","spa"
"RD-000381-S01","Menospreciar, despreciar","RD-000381","1","spa"
"RD-000382-S01","Monte, terreno, tierra, campo, mundo","RD-000382","1","spa"
"RD-000383-S01","Aclarar (desaparecer las nubes)","RD-000383","1","spa"
"RD-000384-S01","Claro, limpio, sereno (el cielo)","RD-000384","1","spa"
"RD-000385-S01","Piña de pino","RD-000385","1","spa"
"RD-000386-S01","Cobija","RD-000386","1","spa"
"RD-000387-S01","Café","RD-000387","1","spa"
"RD-000388-S01","Cáscara delgada, vaina","RD-000388","1","spa"
"RD-000389-S01","Derribarse (una trinchera)","RD-000389","1","spa"
"RD-000390-S01","Derribar","RD-000390","1","spa"
"RD-000391-S01","Ampollarse","RD-000391","1","spa"
"RD-000392-S01","Ser bueno","RD-000392","1","spa"
"RD-000393-S01","Caerse (un poste o un pino)","RD-000393","1","spa"
"RD-000394-S01","Encarrujarse, torcerse","RD-000394","1","spa"
"RD-000395-S01","Extraordinario","RD-000395","1","spa"
"RD-000396-S01","Tumbar","RD-000396","1","spa"
"RD-000397-S01","Apretar, estrangular (con las manos)","RD-000397","1","spa"
"RD-000398-S01","Hincharse la cara","RD-000398","1","spa"
"RD-000399-S01","Taparse la garganta (cuando se come algo seco)","RD-000399","1","spa"
"RD-000400-S01","Tambor (se usa en la Semana Santa)","RD-000400","1","spa"
"RD-000401-S01","Maíz para hacer palomitas","RD-000401","1","spa"
"RD-000402-S01","Hacer palomitas (tostando el maíz)","RD-000402","1","spa"
"RD-000403-S01","Flotar","RD-000403","1","spa"
"RD-000404-S01","En muchas partes, en dondequiera","RD-000404","1","spa"
"RD-000405-S01","Guacamaya, perico","RD-000405","1","spa"
"RD-000406-S01","Alegrarse, complacerse","RD-000406","1","spa"
"RD-000407-S01","Complacer, contentar, regocijar","RD-000407","1","spa"
"RD-000408-S01","Estar contento, estar feliz","RD-000408","1","spa"
"RD-000409-S01","Arriba por el arroyo","RD-000409","1","spa"
"RD-000410-S01","Campana","RD-000410","1","spa"
"RD-000411-S01","Rodarse (una cosa larga, como un tronco)","RD-000411","1","spa"
"RD-000412-S01","Estar cilíndrico","RD-000412","1","spa"
"RD-000413-S01","Hacer cilíndrico","RD-000413","1","spa"
"RD-000414-S01","Se hizo cilíndrico","RD-000414","1","spa"
"RD-000415-S01","Cilíndrico","RD-000415","1","spa"
"RD-000416-S01","Hacer rodar (una cosa larga, como un tronco)","RD-000416","1","spa"
"RD-000417-S01","Capitán","RD-000417","1","spa"
"RD-000418-S01","Quebrarse (una cosa larga)","RD-000418","1","spa"
"RD-000418-S02","Inflarse","RD-000418","2","spa"
"RD-000419-S01","Quebrar","RD-000419","1","spa"
"RD-000419-S02","Desgajar","RD-000419","2","spa"
"RD-000419-S03","Inflar","RD-000419","3","spa"
"RD-000420-S01","Ser esférico","RD-000420","1","spa"
"RD-000421-S01","Esférico","RD-000421","1","spa"
"RD-000422-S01","Hacer esférico","RD-000422","1","spa"
"RD-000423-S01","Chilicote (Un árbol de barranca que tiene semillas rojas, se piensa que son venenosas)","RD-000423","1","spa"
"RD-000424-S01","Inflamarse, hincharse (tortilla)","RD-000424","1","spa"
"RD-000425-S01","Inflado, hinchado","RD-000425","1","spa"
"RD-000426-S01","Completamente","RD-000426","1","spa"
"RD-000427-S01","Por nada","RD-000427","1","spa"
"RD-000428-S01","Arma, rifle","RD-000428","1","spa"
"RD-000429-S01","Completamente.","RD-000429","1","spa"
"RD-000429-S02","De todas clases","RD-000429","2","spa"
"RD-000430-S01","Mejorar","RD-000430","1","spa"
"RD-000431-S01","Sombra","RD-000431","1","spa"
"RD-000432-S01","Parecerse","RD-000432","1","spa"
"RD-000433-S01","Amar, tener cariño","RD-000433","1","spa"
"RD-000434-S01","Amable","RD-000434","1","spa"
"RD-000435-S01","Quebrarse (un palo)","RD-000435","1","spa"
"RD-000436-S01","Casa","RD-000436","1","spa"
"RD-000437-S01","Es todo, estpa completo.","RD-000437","1","spa"
"RD-000438-S01","Tener casa","RD-000438","1","spa"
"RD-000439-S01","Arreglar","RD-000439","1","spa"
"RD-000439-S02","Alzar","RD-000439","2","spa"
"RD-000440-S01","Listo, arreglado","RD-000440","1","spa"
"RD-000441-S01","Quebrar","RD-000441","1","spa"
"RD-000442-S01","Hacer o construir una casa","RD-000442","1","spa"
"RD-000443-S01","Tipo de calabacilla (planta)","RD-000443","1","spa"
"RD-000444-S01","Llevar en la espalda (un niño).","RD-000444","1","spa"
"RD-000445-S01","De otro modo","RD-000445","1","spa"
"RD-000446-S01","Carrete (de hilo de algodón)","RD-000446","1","spa"
"RD-000447-S01","De todas clases","RD-000447","1","spa"
"RD-000448-S01","Chancear, charlar","RD-000448","1","spa"
"RD-000449-S01","Capulín (arbusto o árbol)","RD-000449","1","spa"
"RD-000450-S01","Zacate, hierba del campo, pasto","RD-000450","1","spa"
"RD-000451-S01","Haber zacate","RD-000451","1","spa"
"RD-000452-S01","Ninguna parte","RD-000452","1","spa"
"RD-000453-S01","Quebrarse, hacerse pedazos","RD-000453","1","spa"
"RD-000454-S01","Pierna, muslo","RD-000454","1","spa"
"RD-000455-S01","Pantalón, calzones","RD-000455","1","spa"
"RD-000456-S01","En el regazo","RD-000456","1","spa"
"RD-000457-S01","Cojo, rengo, sin pierna","RD-000457","1","spa"
"RD-000458-S01","Quebrar [pp.: casíami]","RD-000458","1","spa"
"RD-000459-S01","Ubre","RD-000459","1","spa"
"RD-000460-S01","Dar castigo","RD-000460","1","spa"
"RD-000461-S01","Bajarse (del monte, el sol un poco)","RD-000461","1","spa"
"RD-000462-S01","Limpiar (frijol o grano seco)","RD-000462","1","spa"
"RD-000463-S01","Bajar del monte","RD-000463","1","spa"
"RD-000464-S01","s arco","RD-000464","1","spa"
"RD-000465-S01","alzar","RD-000465","1","spa"
"RD-000465-S02","guardar. fut.: catihuama]","RD-000465","2","spa"
"RD-000466-S01","Alzado","RD-000466","1","spa"
"RD-000467-S01","Sentarse en cuclillas","RD-000467","1","spa"
"RD-000468-S01","Levantar cajón. Cayahui, levantar la caja (para volver a ponerla en el mismo lugar), levantar (maíz).","RD-000468","1","spa"
"RD-000469-S01","Donde se llega después de atravesar varios arroyos","RD-000469","1","spa"
"RD-000470-S01","terminar, levantar","RD-000470","1","spa"
"RD-000470-S02","cosechar","RD-000470","2","spa"
"RD-000471-S01","Atravesar, poner atravesado","RD-000471","1","spa"
"RD-000472-S01","Ser (Cuando uno dice: Echirigá ju. Así es. El otro contesta: Echirigá co. Así es.)","RD-000472","1","spa"
"RD-000473-S01","Picar (chile) Echi co'huáami huabé cóori. Ésa comida estaba muy picante. [pret: cóori; fut.: córama]","RD-000473","1","spa"
"RD-000474-S01","Picante","RD-000474","1","spa"
"RD-000475-S01","Enchilar (comiendo chile)","RD-000475","1","spa"
"RD-000476-S01","Enchilar a otra persona (dándole chile)","RD-000476","1","spa"
"RD-000477-S01","Comer pinole seco","RD-000477","1","spa"
"RD-000478-S01","Hacer pinole","RD-000478","1","spa"
"RD-000479-S01","Pinole","RD-000479","1","spa"
"RD-000480-S01","Ahogarse (por alguna cosa en la garganta)","RD-000480","1","spa"
"RD-000481-S01","Perro","RD-000481","1","spa"
"RD-000482-S01","Hermana mayor","RD-000482","1","spa"
"RD-000483-S01","Dormir","RD-000483","1","spa"
"RD-000484-S01","Marrano","RD-000484","1","spa"
"RD-000485-S01","Tener sueño, querer dormir","RD-000485","1","spa"
"RD-000486-S01","Ceja","RD-000486","1","spa"
"RD-000487-S01","Adormecer, hacer dormir","RD-000487","1","spa"
"RD-000488-S01","Dar de comer","RD-000488","1","spa"
"RD-000489-S01","Comer","RD-000489","1","spa"
"RD-000490-S01","Alimento, comida","RD-000490","1","spa"
"RD-000491-S01","Frente","RD-000491","1","spa"
"RD-000492-S01","Cuajo (lo que se echa a la lecha para hacer queso)","RD-000492","1","spa"
"RD-000493-S01","Escarpadura (la orilla de uma meseta elevada), cumbre","RD-000493","1","spa"
"RD-000494-S01","Comilón","RD-000494","1","spa"
"RD-000495-S01","(Pamachi) marrano, véase cochi","RD-000495","1","spa"
"RD-000496-S01","La flor del encino","RD-000496","1","spa"
"RD-000497-S01","Matar, asesinar","RD-000497","1","spa"
"RD-000498-S01","Asesinados, matados","RD-000498","1","spa"
"RD-000499-S01","Abotonar (flor)","RD-000499","1","spa"
"RD-000500-S01","Estar cortando (elotes, mazorcas)","RD-000500","1","spa"
"RD-000501-S01","Miel de colmena, enjambre","RD-000501","1","spa"
"RD-000502-S01","Bola (hecha de madera con la que corren en las carreras)","RD-000502","1","spa"
"RD-000503-S01","Rozar la tierra","RD-000503","1","spa"
"RD-000504-S01","Estar bajo","RD-000504","1","spa"
"RD-000504-S02","Hacer arroyo","RD-000504","2","spa"
"RD-000505-S01","Cóncavo, alabeado","RD-000505","1","spa"
"RD-000506-S01","Arroyo","RD-000506","1","spa"
"RD-000507-S01","Hacer como arroyo, hacer cóncavo","RD-000507","1","spa"
"RD-000508-S01","Pardo","RD-000508","1","spa"
"RD-000509-S01","Ser pardo","RD-000509","1","spa"
"RD-000510-S01","Cárcel, casa de la comunidad","RD-000510","1","spa"
"RD-000511-S01","Cuesta abajo","RD-000511","1","spa"
"RD-000512-S01","Olote (de la mazorca)","RD-000512","1","spa"
"RD-000513-S01","Tostar","RD-000513","1","spa"
"RD-000514-S01","Sal","RD-000514","1","spa"
"RD-000515-S01","Donar, regalar","RD-000515","1","spa"
"RD-000516-S01","Tener ganas de comer","RD-000516","1","spa"
"RD-000517-S01","No desgranado (mazorca de maíz, p. ej.: sunú co’néami, mazorcas no desgranadas)","RD-000517","1","spa"
"RD-000518-S01","Arcoiris","RD-000518","1","spa"
"RD-000519-S01","Dar de comer","RD-000519","1","spa"
"RD-000520-S01","Hacer esquiate","RD-000520","1","spa"
"RD-000521-S01","Esquiate (reg.), pinole (maíz tostado, molido, con agua)","RD-000521","1","spa"
"RD-000522-S01","Visitar las casas con la idea de recibir algo de comida","RD-000522","1","spa"
"RD-000523-S01","Obsequiar","RD-000523","1","spa"
"RD-000524-S01","Peña","RD-000524","1","spa"
"RD-000525-S01","Frente","RD-000525","1","spa"
"RD-000526-S01","s Un cerro despeñadero","RD-000526","1","spa"
"RD-000526-S02","adv En el cerro, en la peña","RD-000526","2","spa"
"RD-000527-S01","Ser amargo","RD-000527","1","spa"
"RD-000528-S01","Amargo","RD-000528","1","spa"
"RD-000529-S01","Cuervo","RD-000529","1","spa"
"RD-000530-S01","Parecer amargo","RD-000530","1","spa"
"RD-000531-S01","Chile","RD-000531","1","spa"
"RD-000532-S01","Otro lado del cerro","RD-000532","1","spa"
"RD-000533-S01","vt Regalar","RD-000533","1","spa"
"RD-000533-S02","vt Visitar las casas (con la esperanza de recibir algo)","RD-000533","2","spa"
"RD-000533-S03","s Obsequio","RD-000533","3","spa"
"RD-000534-S01","Miel de abejas","RD-000534","1","spa"
"RD-000535-S01","Al otro lado","RD-000535","1","spa"
"RD-000536-S01","Zopilote pinto, rayado","RD-000536","1","spa"
"RD-000537-S01","Saltamontes","RD-000537","1","spa"
"RD-000538-S01","Collar, soguilla con crucifijo","RD-000538","1","spa"
"RD-000539-S01","Codiciar, desear mucho","RD-000539","1","spa"
"RD-000540-S01","Envidioso, codicioso","RD-000540","1","spa"
"RD-000541-S01","Un palo podrido","RD-000541","1","spa"
"RD-000541-S02","Madera fofa seca","RD-000541","2","spa"
"RD-000542-S01","Pudrirse (madera)","RD-000542","1","spa"
"RD-000543-S01","Gorgojo (come la lana de las cobijas), termita","RD-000543","1","spa"
"RD-000544-S01","Poner banca (para sentarse","RD-000544","1","spa"
"RD-000545-S01","s Banquillo","RD-000545","1","spa"
"RD-000545-S02","vi Tener un banquillo","RD-000545","2","spa"
"RD-000546-S01","A comer","RD-000546","1","spa"
"RD-000547-S01","Ahogarse (al tragar).","RD-000547","1","spa"
"RD-000548-S01","Dar comida, llevar a pasto","RD-000548","1","spa"
"RD-000549-S01","Matar (animales)","RD-000549","1","spa"
"RD-000550-S01","s Sombrero","RD-000550","1","spa"
"RD-000550-S02","vi Ponerse sombrero, anton: co’yapa","RD-000550","2","spa"
"RD-000551-S01","El que come","RD-000551","1","spa"
"RD-000552-S01","Ponerse el paño de lienzo en la cabeza","RD-000552","1","spa"
"RD-000553-S01","Paño para la cabeza, la corona","RD-000553","1","spa"
"RD-000554-S01","Poner el paño (en cabeza de otro)","RD-000554","1","spa"
"RD-000555-S01","Otra vez","RD-000555","1","spa"
"RD-000556-S01","Leña, madera","RD-000556","1","spa"
"RD-000557-S01","Comer (esquite, granos enteros, fruta dura). Saquí cubo, vamos a comer esquite.","RD-000557","1","spa"
"RD-000557-S02","Morder. Ta tohuí biré corí cumiri. El niño mordió un chile.","RD-000557","2","spa"
"RD-000558-S01","Tipo de ave gris con pecho rojo que grita: “cóa”.","RD-000558","1","spa"
"RD-000559-S01","Hijos","RD-000559","1","spa"
"RD-000560-S01","Chiquitos","RD-000560","1","spa"
"RD-000561-S01","Agusanarse","RD-000561","1","spa"
"RD-000562-S01","Los puestos menores (entre las autoridades del pueblo)","RD-000562","1","spa"
"RD-000563-S01","Tener hijos","RD-000563","1","spa"
"RD-000564-S01","Grillo, oruga","RD-000564","1","spa"
"RD-000565-S01","Perritos","RD-000565","1","spa"
"RD-000566-S01","Tostar","RD-000566","1","spa"
"RD-000566-S02","Quemar (por el sol)","RD-000566","2","spa"
"RD-000567-S01","Al otro lado, detrás","RD-000567","1","spa"
"RD-000567-S02","De nuevo","RD-000567","2","spa"
"RD-000568-S01","La punta (de pino, grano de maíz)","RD-000568","1","spa"
"RD-000569-S01","El tiempo de calor (antes de las lluvias)","RD-000569","1","spa"
"RD-000570-S01","Escardar (por primera vez antes de que llueva)","RD-000570","1","spa"
"RD-000571-S01","Manzanilla","RD-000571","1","spa"
"RD-000572-S01","Espinilla","RD-000572","1","spa"
"RD-000573-S01","Salvador","RD-000573","1","spa"
"RD-000574-S01","Ayudar, salvar","RD-000574","1","spa"
"RD-000575-S01","¡Hola! (saludo)","RD-000575","1","spa"
"RD-000576-S01","Tipo de quelite que se come","RD-000576","1","spa"
"RD-000577-S01","Tirar (líquido)","RD-000577","1","spa"
"RD-000578-S01","Torcer","RD-000578","1","spa"
"RD-000578-S02","Dar vueltas","RD-000578","2","spa"
"RD-000578-S03","Voltear [fut.: cu’linama]","RD-000578","3","spa"
"RD-000579-S01","Espeso","RD-000579","1","spa"
"RD-000580-S01","Derramar, tirar (líquido)","RD-000580","1","spa"
"RD-000580-S02","vaciar [fut.: cu’luhuama; pp.: cu’luhuárami]","RD-000580","2","spa"
"RD-000581-S01","Curar (con humo, p. ej.: gente, animales, siembra)","RD-000581","1","spa"
"RD-000581-S02","Limpiar con humo (después de enterrar a un muerto","RD-000581","2","spa"
"RD-000582-S01","Estorbar, molestar","RD-000582","1","spa"
"RD-000583-S01","Comer (cosas duras como fruta, galletas, dulces)","RD-000583","1","spa"
"RD-000584-S01","¿Dónde?, ¿A dónde?","RD-000584","1","spa"
"RD-000585-S01","Tío (el hermano mayor del padre)","RD-000585","1","spa"
"RD-000586-S01","Casa de la comunidad","RD-000586","1","spa"
"RD-000587-S01","Marido, esposo","RD-000587","1","spa"
"RD-000588-S01","Enviudar (la mujer)","RD-000588","1","spa"
"RD-000589-S01","viuda","RD-000589","1","spa"
"RD-000590-S01","Tener marido, estar casada","RD-000590","1","spa"
"RD-000591-S01","Pelo, cabello","RD-000591","1","spa"
"RD-000592-S01","Tener cabello","RD-000592","1","spa"
"RD-000593-S01","Cerrar los ojos","RD-000593","1","spa"
"RD-000594-S01","Luciérnaga","RD-000594","1","spa"
"RD-000595-S01","Pestañear","RD-000595","1","spa"
"RD-000596-S01","Dar vueltas, revolver","RD-000596","1","spa"
"RD-000597-S01","Malacate","RD-000597","1","spa"
"RD-000598-S01","Hilo de lana, pedazos de hilo (que sobra al hacer una cobija)","RD-000598","1","spa"
"RD-000599-S01","Tío (hermano mayor de la madre)","RD-000599","1","spa"
"RD-000600-S01","Hace poco","RD-000600","1","spa"
"RD-000601-S01","Cruz","RD-000601","1","spa"
"RD-000602-S01","Palmillo con que hacen canastas","RD-000602","1","spa"
"RD-000603-S01","Espesarse","RD-000603","1","spa"
"RD-000604-S01","Niños, muchachos, chamacos","RD-000604","1","spa"
"RD-000605-S01","Estar dando vueltas","RD-000605","1","spa"
"RD-000606-S01","Saludar (tocando el brazo del otro)","RD-000606","1","spa"
"RD-000607-S01","Aguililla, gavilán blanco (ave)","RD-000607","1","spa"
"RD-000608-S01","Capulín","RD-000608","1","spa"
"RD-000609-S01","Tocar la flauta","RD-000609","1","spa"
"RD-000610-S01","Ahogarse, colgarse","RD-000610","1","spa"
"RD-000611-S01","Ahorcar, agarrotar, estrangular","RD-000611","1","spa"
"RD-000612-S01","Poner mango al hacha","RD-000612","1","spa"
"RD-000613-S01","Flauta","RD-000613","1","spa"
"RD-000614-S01","Palo","RD-000614","1","spa"
"RD-000615-S01","Tostar (los elotes o las mazorcas)","RD-000615","1","spa"
"RD-000616-S01","Banca","RD-000616","1","spa"
"RD-000617-S01","Tener un cetro de autoridad, tener cargo. Véase igúsuhua","RD-000617","1","spa"
"RD-000618-S01","Hacer justicia","RD-000618","1","spa"
"RD-000619-S01","Gritar, relinchar o bramar (animal), cantar (gallo)","RD-000619","1","spa"
"RD-000620-S01","Nalga","RD-000620","1","spa"
"RD-000621-S01","Cuello, garganta","RD-000621","1","spa"
"RD-000622-S01","Nuca.","RD-000622","1","spa"
"RD-000623-S01","vt Poner vigas (a la casa)","RD-000623","1","spa"
"RD-000623-S02","s Solera, viga, trozo","RD-000623","2","spa"
"RD-000624-S01","Cepa de un árbol","RD-000624","1","spa"
"RD-000625-S01","Menor (puesto)","RD-000625","1","spa"
"RD-000626-S01","Chicos, infantes","RD-000626","1","spa"
"RD-000627-S01","Feo","RD-000627","1","spa"
"RD-000628-S01","Tener granos o llagas","RD-000628","1","spa"
"RD-000629-S01","Antes, hace poco, el otro día","RD-000629","1","spa"
"RD-000630-S01","Astillarse","RD-000630","1","spa"
"RD-000631-S01","Barba, bigote","RD-000631","1","spa"
"RD-000632-S01","Mestizo","RD-000632","1","spa"
"RD-000633-S01","Tipo de araña (amarilla)","RD-000633","1","spa"
"RD-000634-S01","Arrancarse las barbas","RD-000634","1","spa"
"RD-000635-S01","Chanate (ave; zanate)","RD-000635","1","spa"
"RD-000636-S01","Lomo angosto y corto","RD-000636","1","spa"
"RD-000637-S01","Que tiene ángulo","RD-000637","1","spa"
"RD-000638-S01","Muy angosto (bordo)","RD-000638","1","spa"
"RD-000639-S01","Tipo de culebra de cascabel chico","RD-000639","1","spa"
"RD-000640-S01","Tocarse (una cosa con otra)","RD-000640","1","spa"
"RD-000641-S01","Secarse (hoja)","RD-000641","1","spa"
"RD-000642-S01","Envenenar","RD-000642","1","spa"
"RD-000643-S01","Apretarse, atorarse","RD-000643","1","spa"
"RD-000644-S01","Apretar","RD-000644","1","spa"
"RD-000645-S01","Raspar","RD-000645","1","spa"
"RD-000646-S01","Venado","RD-000646","1","spa"
"RD-000647-S01","Lengua","RD-000647","1","spa"
"RD-000648-S01","Lamer","RD-000648","1","spa"
"RD-000649-S01","Lo sorprendió","RD-000649","1","spa"
"RD-000650-S01","Cascabel","RD-000650","1","spa"
"RD-000651-S01","Tener cascabel","RD-000651","1","spa"
"RD-000652-S01","Enfermarse (salir granos)","RD-000652","1","spa"
"RD-000653-S01","Sonar mal","RD-000653","1","spa"
"RD-000653-S02","Resonar","RD-000653","2","spa"
"RD-000653-S03","Tocar a la puerta","RD-000653","3","spa"
"RD-000654-S01","Sonaja (bailarín), cascabel de pascolero","RD-000654","1","spa"
"RD-000655-S01","Sonaja de pascolero","RD-000655","1","spa"
"RD-000656-S01","vt Coger, agarrar (una persona","RD-000656","1","spa"
"RD-000656-S02","Tomar (coger)","RD-000656","2","spa"
"RD-000656-S03","Elegir","RD-000656","3","spa"
"RD-000656-S04","imper ¡Escójalo! [fut.: chapiméa]","RD-000656","4","spa"
"RD-000657-S01","Querer agarrar","RD-000657","1","spa"
"RD-000658-S01","Los ancianos (que se paran a un lado gritando cuando bailan los matachines)","RD-000658","1","spa"
"RD-000659-S01","A un lado (del camino)","RD-000659","1","spa"
"RD-000660-S01","Estar feo (un lugar)","RD-000660","1","spa"
"RD-000661-S01","Ramitas","RD-000661","1","spa"
"RD-000662-S01","Tener ramitas","RD-000662","1","spa"
"RD-000663-S01","Quijada","RD-000663","1","spa"
"RD-000664-S01","Barba","RD-000664","1","spa"
"RD-000665-S01","Feo, mal","RD-000665","1","spa"
"RD-000666-S01","Pegarse, permanecer fijo","RD-000666","1","spa"
"RD-000667-S01","Atajar, atrancar","RD-000667","1","spa"
"RD-000668-S01","Vieja (cosa)","RD-000668","1","spa"
"RD-000669-S01","Me","RD-000669","1","spa"
"RD-000670-S01","Chiva","RD-000670","1","spa"
"RD-000671-S01","Mal","RD-000671","1","spa"
"RD-000672-S01","Malo","RD-000672","1","spa"
"RD-000673-S01","Ardilla mediana (de la tierra)","RD-000673","1","spa"
"RD-000674-S01","Chueco","RD-000674","1","spa"
"RD-000675-S01","Tener comezón","RD-000675","1","spa"
"RD-000676-S01","Ratón","RD-000676","1","spa"
"RD-000677-S01","Ardillita de la tierra (vive entre las piedras)","RD-000677","1","spa"
"RD-000678-S01","Cuñado, cuñada (casada con el hermano mayor o la hermana mayor; con la prima hermana. Mujer casada con primo hermano mayor).","RD-000678","1","spa"
"RD-000679-S01","¿Quién?","RD-000679","1","spa"
"RD-000680-S01","Robar","RD-000680","1","spa"
"RD-000681-S01","Ladrón","RD-000681","1","spa"
"RD-000682-S01","Robar (de paso)","RD-000682","1","spa"
"RD-000683-S01","Pegar (un balazo o con otra cosa)","RD-000683","1","spa"
"RD-000683-S02","Apuñalar","RD-000683","2","spa"
"RD-000683-S03","Robar","RD-000683","3","spa"
"RD-000683-S04","Herir","RD-000683","4","spa"
"RD-000684-S01","Romperse","RD-000684","1","spa"
"RD-000684-S02","Cortarse","RD-000684","2","spa"
"RD-000685-S01","Robar mucho","RD-000685","1","spa"
"RD-000686-S01","Bolsa de cuero, saco de manta, talega","RD-000686","1","spa"
"RD-000687-S01","Romper","RD-000687","1","spa"
"RD-000687-S02","Cortar","RD-000687","2","spa"
"RD-000687-S03","Rasgar","RD-000687","3","spa"
"RD-000688-S01","Ubre","RD-000688","1","spa"
"RD-000689-S01","Cócono (silvestre), guajolote","RD-000689","1","spa"
"RD-000690-S01","Pegarse, golpearse","RD-000690","1","spa"
"RD-000690-S02","Cortarse","RD-000690","2","spa"
"RD-000691-S01","Mamar, tomar pecho","RD-000691","1","spa"
"RD-000692-S01","Mamador","RD-000692","1","spa"
"RD-000693-S01","Acornear, picar (con alguna cosa)","RD-000693","1","spa"
"RD-000694-S01","Amamantar, dar el pecho","RD-000694","1","spa"
"RD-000695-S01","Desparramarse","RD-000695","1","spa"
"RD-000696-S01","Picar (con alguna cosa)","RD-000696","1","spa"
"RD-000697-S01","Dar asco (por ser sucio o feo), menospreciar","RD-000697","1","spa"
"RD-000698-S01","Una mata parecida a la cebolla, pero no se come por su sabor fuerte; mata a los sembrados","RD-000698","1","spa"
"RD-000699-S01","Ardilla amarilla (se sube a los árboles)","RD-000699","1","spa"
"RD-000700-S01","Estar doblándose el filo","RD-000700","1","spa"
"RD-000701-S01","Calabacita","RD-000701","1","spa"
"RD-000702-S01","Estar doblando","RD-000702","1","spa"
"RD-000703-S01","Seno","RD-000703","1","spa"
"RD-000704-S01","Teta","RD-000704","1","spa"
"RD-000705-S01","Echar chispas (la lumbre)","RD-000705","1","spa"
"RD-000706-S01","Despeinado","RD-000706","1","spa"
"RD-000707-S01","Esconder","RD-000707","1","spa"
"RD-000708-S01","Manta, ropa","RD-000708","1","spa"
"RD-000709-S01","Peine comercial","RD-000709","1","spa"
"RD-000710-S01","Ardilla gris (de los árboles)","RD-000710","1","spa"
"RD-000711-S01","Plano","RD-000711","1","spa"
"RD-000712-S01","Palpitar","RD-000712","1","spa"
"RD-000713-S01","Salpicar, brincar (como manteca en la sartén)","RD-000713","1","spa"
"RD-000714-S01","Estar amargo (p. ej.: café)","RD-000714","1","spa"
"RD-000715-S01","Camote (se usa para hacer pegamento para los violines)","RD-000715","1","spa"
"RD-000716-S01","Amanecer (el día)","RD-000716","1","spa"
"RD-000717-S01","Estar tierno (elote, calabaza)","RD-000717","1","spa"
"RD-000718-S01","aplastar","RD-000718","1","spa"
"RD-000719-S01","Cuchichear, murmurar","RD-000719","1","spa"
"RD-000720-S01","Importar","RD-000720","1","spa"
"RD-000721-S01","1. pasar (un tiempo), pernoctar","RD-000721","1","spa"
"RD-000722-S01","Pasarea la noche, posar","RD-000722","1","spa"
"RD-000723-S01","Estar sudando","RD-000723","1","spa"
"RD-000724-S01","Queja","RD-000724","1","spa"
"RD-000725-S01","De ninguna manera","RD-000725","1","spa"
"RD-000726-S01","Humedecerse, tener sudor","RD-000726","1","spa"
"RD-000727-S01","No hay de qué","RD-000727","1","spa"
"RD-000728-S01","Amanecerá","RD-000728","1","spa"
"RD-000729-S01","Hacer echar chispas","RD-000729","1","spa"
"RD-000730-S01","Estar echando chispas","RD-000730","1","spa"
"RD-000731-S01","Llevar (en la punta de un palito)","RD-000731","1","spa"
"RD-000732-S01","El palo con que las mujeres tiran los aros cuando corren en las carreras.","RD-000732","1","spa"
"RD-000733-S01","Salpicar, aletear, brincar","RD-000733","1","spa"
"RD-000734-S01","Cuchichear","RD-000734","1","spa"
"RD-000735-S01","S Círculos","RD-000735","1","spa"
"RD-000735-S02","Adj pl Redondos [sing.: sitúrami]","RD-000735","2","spa"
"RD-000736-S01","Cuñado (esposo de la hermana mayor).","RD-000736","1","spa"
"RD-000737-S01","Borrego con cuatro cuernos","RD-000737","1","spa"
"RD-000738-S01","Tipo de ave de pecho amarillo","RD-000738","1","spa"
"RD-000739-S01","Todavía","RD-000739","1","spa"
"RD-000740-S01","Hacer trenzas","RD-000740","1","spa"
"RD-000741-S01","Quemarse (por el sol).","RD-000741","1","spa"
"RD-000742-S01","Ennegrecer","RD-000742","1","spa"
"RD-000743-S01","Negro","RD-000743","1","spa"
"RD-000744-S01","Estar agrio","RD-000744","1","spa"
"RD-000745-S01","vi Hincarse, ponerse de rodillas","RD-000745","1","spa"
"RD-000745-S02","s Rodilla","RD-000745","2","spa"
"RD-000746-S01","Madrastra","RD-000746","1","spa"
"RD-000747-S01","Cierta mata que tiene una flor muy bonita","RD-000747","1","spa"
"RD-000748-S01","Comenzar una carrera (tirando las bolas)","RD-000748","1","spa"
"RD-000749-S01","Entumirse (pie, brazo)","RD-000749","1","spa"
"RD-000750-S01","Apagar, extinguir (lumbre)","RD-000750","1","spa"
"RD-000751-S01","Apagarse, extinguirse","RD-000751","1","spa"
"RD-000752-S01","s Moco","RD-000752","1","spa"
"RD-000752-S02","vi Resfriarse","RD-000752","2","spa"
"RD-000753-S01","Nariz","RD-000753","1","spa"
"RD-000754-S01","Limpiarse la nariz","RD-000754","1","spa"
"RD-000755-S01","Estar ronco","RD-000755","1","spa"
"RD-000756-S01","Tener catarro","RD-000756","1","spa"
"RD-000757-S01","Hoyo de la nariz","RD-000757","1","spa"
"RD-000758-S01","Rojo oscuro, morado","RD-000758","1","spa"
"RD-000759-S01","Pegar (con la mano), abofetear, golpear (con alguna cosa)","RD-000759","1","spa"
"RD-000760-S01","Oscurecer","RD-000760","1","spa"
"RD-000760-S02","Ennegrecerse","RD-000760","2","spa"
"RD-000761-S01","A oscuras, en la oscuridad","RD-000761","1","spa"
"RD-000762-S01","Hocico","RD-000762","1","spa"
"RD-000763-S01","Máscara","RD-000763","1","spa"
"RD-000764-S01","Moverse el hocico","RD-000764","1","spa"
"RD-000765-S01","Amarrar el hocico (a un animal)","RD-000765","1","spa"
"RD-000766-S01","Taparse la boca y nariz (por vergüenza)","RD-000766","1","spa"
"RD-000767-S01","Ocote","RD-000767","1","spa"
"RD-000768-S01","adv Solamente","RD-000768","1","spa"
"RD-000768-S02","conj Pero, sino","RD-000768","2","spa"
"RD-000769-S01","Lo mismo, nada más","RD-000769","1","spa"
"RD-000770-S01","Cruzar las piernas","RD-000770","1","spa"
"RD-000771-S01","Vi Doblarse (un mecate por estar muy torcido)","RD-000771","1","spa"
"RD-000771-S02","Tener calambre","RD-000771","2","spa"
"RD-000772-S01","Ser ocotoso (reg.: resinoso, el tronco)","RD-000772","1","spa"
"RD-000773-S01","veces","RD-000773","1","spa"
"RD-000774-S01","Tipo de ave que grita temprano en la mañana","RD-000774","1","spa"
"RD-000775-S01","Al principio, en el principio","RD-000775","1","spa"
"RD-000776-S01","Culpable","RD-000776","1","spa"
"RD-000777-S01","Principio","RD-000777","1","spa"
"RD-000778-S01","vt pl Hacer cabecillas (reg.: para carreras), organizar carreras","RD-000778","1","spa"
"RD-000778-S02","s Cabecilla (para carreras)","RD-000778","2","spa"
"RD-000779-S01","vi Tener trementina (el pino)","RD-000779","1","spa"
"RD-000779-S02","s Resina","RD-000779","2","spa"
"RD-000780-S01","Mata extendida; sirve como quelite","RD-000780","1","spa"
"RD-000781-S01","Estar pegajoso","RD-000781","1","spa"
"RD-000782-S01","Mugre, suciedad","RD-000782","1","spa"
"RD-000783-S01","Ensuciarse","RD-000783","1","spa"
"RD-000784-S01","Comenzar, empezar, emprender","RD-000784","1","spa"
"RD-000785-S01","Encogerse","RD-000785","1","spa"
"RD-000786-S01","¿Qué?","RD-000786","1","spa"
"RD-000787-S01","De alguna manera","RD-000787","1","spa"
"RD-000788-S01","Cualquier color o clase, lo que sea","RD-000788","1","spa"
"RD-000789-S01","Comer con tortilla","RD-000789","1","spa"
"RD-000790-S01","Comida (carne cocida con frijol).","RD-000790","1","spa"
"RD-000791-S01","Estar parado (animal, barco, camión de carga, persona agachada)","RD-000791","1","spa"
"RD-000792-S01","Pararse (animal)","RD-000792","1","spa"
"RD-000793-S01","¿Qué?","RD-000793","1","spa"
"RD-000794-S01","Tipo de quelite con hojas anchas","RD-000794","1","spa"
"RD-000795-S01","Como quiera","RD-000795","1","spa"
"RD-000796-S01","panteón","RD-000796","1","spa"
"RD-000796-S02","sepulcro, tumba","RD-000796","2","spa"
"RD-000797-S01","Pájaro saltapared","RD-000797","1","spa"
"RD-000798-S01","Hacer como quiera, no hacerlo bien","RD-000798","1","spa"
"RD-000799-S01","espíritu, espanto, fantasma","RD-000799","1","spa"
"RD-000799-S02","cadáver","RD-000799","2","spa"
"RD-000800-S01","Sepultar enterrar","RD-000800","1","spa"
"RD-000801-S01","Chupar, picotear","RD-000801","1","spa"
"RD-000802-S01","Venado","RD-000802","1","spa"
"RD-000803-S01","Tener labios","RD-000803","1","spa"
"RD-000804-S01","chupar (comiendo)","RD-000804","1","spa"
"RD-000804-S02","comer comida aguada (con los dedos)","RD-000804","2","spa"
"RD-000805-S01","Labio","RD-000805","1","spa"
"RD-000806-S01","Ardilla (color gris, anda en los árboles)","RD-000806","1","spa"
"RD-000807-S01","Higuera","RD-000807","1","spa"
"RD-000808-S01","Chupar, absorber","RD-000808","1","spa"
"RD-000809-S01","Despuntar","RD-000809","1","spa"
"RD-000810-S01","Quebrarse la punta","RD-000810","1","spa"
"RD-000811-S01","Sacar punta","RD-000811","1","spa"
"RD-000812-S01","Agudo, puntiagudo","RD-000812","1","spa"
"RD-000813-S01","¿Por qué?","RD-000813","1","spa"
"RD-000814-S01","Coatí, cholubo (un ani,al que anda en los arroyos y hociquea la tierra)","RD-000814","1","spa"
"RD-000815-S01","Perrito","RD-000815","1","spa"
"RD-000816-S01","¿Cuándo? ¿Qué día?","RD-000816","1","spa"
"RD-000817-S01","Cerro picudo, pico, cima","RD-000817","1","spa"
"RD-000818-S01","¿Cómo?, ¿de qué modo?, ¿de qué manera?","RD-000818","1","spa"
"RD-000819-S01","Pollito","RD-000819","1","spa"
"RD-000820-S01","Pico del cerro, entre los cerros, en la punta del cerro","RD-000820","1","spa"
"RD-000821-S01","Tener reuma, sentir el cuerpo dolorido","RD-000821","1","spa"
"RD-000822-S01","Tamaño, tan grande","RD-000822","1","spa"
"RD-000823-S01","Ponerse paño (en la cabeza)","RD-000823","1","spa"
"RD-000824-S01","En todo tiempo","RD-000824","1","spa"
"RD-000825-S01","Cotense (tela)","RD-000825","1","spa"
"RD-000826-S01","Paño para la cabeza, un cotense","RD-000826","1","spa"
"RD-000827-S01","pájaro","RD-000827","1","spa"
"RD-000828-S01","¿Por qué?","RD-000828","1","spa"
"RD-000829-S01","Afilar","RD-000829","1","spa"
"RD-000830-S01","Azulejo (grande y copetudo)","RD-000830","1","spa"
"RD-000831-S01","Saltapared (más grande)","RD-000831","1","spa"
"RD-000832-S01","¿Cuál?, ¿de qué color?","RD-000832","1","spa"
"RD-000833-S01","Cualquiera","RD-000833","1","spa"
"RD-000834-S01","Así dice, eso dice","RD-000834","1","spa"
"RD-000835-S01","Entonces, más allá","RD-000835","1","spa"
"RD-000836-S01","Ése, ésa, aquél, eso","RD-000836","1","spa"
"RD-000837-S01","Ese, esa","RD-000837","1","spa"
"RD-000838-S01","Por algo, por causa de, por lo tanto","RD-000838","1","spa"
"RD-000839-S01","Aquel, aquella","RD-000839","1","spa"
"RD-000840-S01","Esa cantidad","RD-000840","1","spa"
"RD-000841-S01","Así, de esa manera","RD-000841","1","spa"
"RD-000842-S01","Ese tanto","RD-000842","1","spa"
"RD-000843-S01","Esa clase, tal","RD-000843","1","spa"
"RD-000844-S01","Allí, por atrás","RD-000844","1","spa"
"RD-000845-S01","Para allá","RD-000845","1","spa"
"RD-000846-S01","Allí, allá, ahí, hacia allá, por allá","RD-000846","1","spa"
"RD-000847-S01","Así hace, eso hace, de ese modo hace","RD-000847","1","spa"
"RD-000848-S01","Estuvimos acostados","RD-000848","1","spa"
"RD-000849-S01","bueno (sabroso)","RD-000849","1","spa"
"RD-000849-S02","bien (sano)","RD-000849","2","spa"
"RD-000850-S01","Ponerse de acuerdo","RD-000850","1","spa"
"RD-000851-S01","Muy bien, muy bueno, fino, perfecto","RD-000851","1","spa"
"RD-000852-S01","Muy bueno","RD-000852","1","spa"
"RD-000853-S01","Hacer muy bueno","RD-000853","1","spa"
"RD-000854-S01","Bolitas en el encino que se forman en mayo","RD-000854","1","spa"
"RD-000855-S01","Mejorarse, convertirse","RD-000855","1","spa"
"RD-000856-S01","Estoy seguro","RD-000856","1","spa"
"RD-000857-S01","Mejorar","RD-000857","1","spa"
"RD-000858-S01","Componer, mejorar","RD-000858","1","spa"
"RD-000859-S01","Amar, querer (véase 2caré)","RD-000859","1","spa"
"RD-000861-S01","Flecha","RD-000861","1","spa"
"RD-000862-S01","Madurarse","RD-000862","1","spa"
"RD-000863-S01","Sabina (árbol)","RD-000863","1","spa"
"RD-000864-S01","Vaca, res","RD-000864","1","spa"
"RD-000865-S01","Muchísimo.","RD-000865","1","spa"
"RD-000866-S01","Rana verde chiquita","RD-000866","1","spa"
"RD-000867-S01","Cuñado (esposo de la hermama menor)","RD-000867","1","spa"
"RD-000868-S01","Rajarse (una rama), mellarse","RD-000868","1","spa"
"RD-000869-S01","Tuétano, médula","RD-000869","1","spa"
"RD-000870-S01","maduro","RD-000870","1","spa"
"RD-000871-S01","Rajar (una bifurcación de ramas, etc.), mellar","RD-000871","1","spa"
"RD-000872-S01","Vaca, res","RD-000872","1","spa"
"RD-000873-S01","Estar chueco o encorvado (p. ej.: pierna que e quedó gruesa en una parte por haberse quebrado)","RD-000873","1","spa"
"RD-000873-S02","Estar chueco o grueso en partes (p. ej.: rama nudosa de encimo)","RD-000873","2","spa"
"RD-000874-S01","Animalito parecido al alacrán","RD-000874","1","spa"
"RD-000875-S01","Atiesarse de frío, enfriarse (una persona)","RD-000875","1","spa"
"RD-000876-S01","Enderezarse","RD-000876","1","spa"
"RD-000877-S01","Derecho (recto)","RD-000877","1","spa"
"RD-000878-S01","Costilla","RD-000878","1","spa"
"RD-000879-S01","Enderezar","RD-000879","1","spa"
"RD-000880-S01","Derecho","RD-000880","1","spa"
"RD-000881-S01","Garza","RD-000881","1","spa"
"RD-000882-S01","Esófago","RD-000882","1","spa"
"RD-000883-S01","Zancudo","RD-000883","1","spa"
"RD-000884-S01","Chirrionera (culebra látigo, grande, pinta, no muy peligrosa)","RD-000884","1","spa"
"RD-000885-S01","Salir (p. ej.: animales del corral)","RD-000885","1","spa"
"RD-000886-S01","Allá, más","RD-000886","1","spa"
"RD-000887-S01","Por allá","RD-000887","1","spa"
"RD-000888-S01","Abandonar","RD-000888","1","spa"
"RD-000889-S01","Escaparse","RD-000889","1","spa"
"RD-000890-S01","Arrojar","RD-000890","1","spa"
"RD-000891-S01","Más todavía, mucho más","RD-000891","1","spa"
"RD-000892-S01","Después, más adelante","RD-000892","1","spa"
"RD-000893-S01","Más allá (en el futuro), después","RD-000893","1","spa"
"RD-000894-S01","Aparte, lejos","RD-000894","1","spa"
"RD-000895-S01","Sacar (gusanos chupando con carrizo)","RD-000895","1","spa"
"RD-000896-S01","Apartarse","RD-000896","1","spa"
"RD-000897-S01","Pasado mañana, anteayer","RD-000897","1","spa"
"RD-000898-S01","Secar","RD-000898","1","spa"
"RD-000899-S01","Un palo o parbol seco","RD-000899","1","spa"
"RD-000900-S01","Secarse","RD-000900","1","spa"
"RD-000901-S01","Secar","RD-000901","1","spa"
"RD-000902-S01","Seco","RD-000902","1","spa"
"RD-000903-S01","Para acá, acá","RD-000903","1","spa"
"RD-000904-S01","Perico grande, verde","RD-000904","1","spa"
"RD-000905-S01","Endurecerse (un cuero)","RD-000905","1","spa"
"RD-000906-S01","Quizás, tal vez.","RD-000906","1","spa"
"RD-000907-S01","Huari (reg.), cesta, canasta","RD-000907","1","spa"
"RD-000908-S01","Ser muy ligero, veloz","RD-000908","1","spa"
"RD-000909-S01","Corre recio","RD-000909","1","spa"
"RD-000910-S01","Marchitarse, secarse por el sol","RD-000910","1","spa"
"RD-000911-S01","Secar, marchitar","RD-000911","1","spa"
"RD-000912-S01","Grande, mucho, muy","RD-000912","1","spa"
"RD-000913-S01","Enorme, gigante, inmenso","RD-000913","1","spa"
"RD-000914-S01","Jefe supremo","RD-000914","1","spa"
"RD-000915-S01","Jefe, un grande","RD-000915","1","spa"
"RD-000916-S01","Ciudad","RD-000916","1","spa"
"RD-000917-S01","Cocinar (p. ej.: tortillas, frijoles)","RD-000917","1","spa"
"RD-000918-S01","Tierra de cultivo","RD-000918","1","spa"
"RD-000919-S01","Tía (hermana mayor de la madre)","RD-000919","1","spa"
"RD-000920-S01","Arar, barbechar","RD-000920","1","spa"
"RD-000921-S01","Azadón","RD-000921","1","spa"
"RD-000922-S01","Alamillo (variedad de álamo)","RD-000922","1","spa"
"RD-000923-S01","Cola","RD-000923","1","spa"
"RD-000924-S01","Suegra","RD-000924","1","spa"
"RD-000925-S01","Chuchupate (hierba)","RD-000925","1","spa"
"RD-000926-S01","Menear la cola, colear","RD-000926","1","spa"
"RD-000927-S01","Pato","RD-000927","1","spa"
"RD-000928-S01","Estar fuerte","RD-000928","1","spa"
"RD-000929-S01","Fuerte (duro y flebible)","RD-000929","1","spa"
"RD-000930-S01","Derrumbarse (la tierra, un cerro)","RD-000930","1","spa"
"RD-000931-S01","Estirarse","RD-000931","1","spa"
"RD-000932-S01","Elástico","RD-000932","1","spa"
"RD-000933-S01","Huari grande, canasta grande","RD-000933","1","spa"
"RD-000934-S01","vt Estirar","RD-000934","1","spa"
"RD-000934-S02","adj Derecho, lado derecho, mano derecha","RD-000934","2","spa"
"RD-000935-S01","Hacer atole","RD-000935","1","spa"
"RD-000936-S01","Atole, pinole cocido","RD-000936","1","spa"
"RD-000937-S01","Hermana menor","RD-000937","1","spa"
"RD-000938-S01","Sangijuela","RD-000938","1","spa"
"RD-000939-S01","Muy, mucho","RD-000939","1","spa"
"RD-000940-S01","Las viejas","RD-000940","1","spa"
"RD-000941-S01","Otate, aguijada (palo con que pican a los bueyes)","RD-000941","1","spa"
"RD-000942-S01","Tener padres","RD-000942","1","spa"
"RD-000943-S01","Dinero, un real","RD-000943","1","spa"
"RD-000944-S01","Cambio","RD-000944","1","spa"
"RD-000945-S01","Solamente, nada más","RD-000945","1","spa"
"RD-000946-S01","Criar","RD-000946","1","spa"
"RD-000947-S01","Sierra alta","RD-000947","1","spa"
"RD-000948-S01","Con fuerza","RD-000948","1","spa"
"RD-000949-S01","¡Fuerte!, ¡ánimo!","RD-000949","1","spa"
"RD-000950-S01","Nadie","RD-000950","1","spa"
"RD-000951-S01","Cosechar, pizcar el maíz","RD-000951","1","spa"
"RD-000951-S02","coger","RD-000951","2","spa"
"RD-000952-S01","Bañarse","RD-000952","1","spa"
"RD-000953-S01","Perderse","RD-000953","1","spa"
"RD-000954-S01","Mucho","RD-000954","1","spa"
"RD-000955-S01","Palo picudo (para sembrar maíz)","RD-000955","1","spa"
"RD-000956-S01","Perdonar","RD-000956","1","spa"
"RD-000957-S01","De nada, por nada","RD-000957","1","spa"
"RD-000958-S01","Perdón","RD-000958","1","spa"
"RD-000959-S01","En muchas partes","RD-000959","1","spa"
"RD-000960-S01","Cantar (bailador o con nuna sonaja)","RD-000960","1","spa"
"RD-000961-S01","Olvidarse","RD-000961","1","spa"
"RD-000962-S01","Abejorro, un árbol de las barrancas donde se congregan los abejorros","RD-000962","1","spa"
"RD-000963-S01","Hongo","RD-000963","1","spa"
"RD-000964-S01","Corteza gruesa (de pino o encino)","RD-000964","1","spa"
"RD-000965-S01","Estar turbio (el agua)","RD-000965","1","spa"
"RD-000966-S01","Turbio","RD-000966","1","spa"
"RD-000967-S01","Enturbiar","RD-000967","1","spa"
"RD-000968-S01","Chiflar","RD-000968","1","spa"
"RD-000969-S01","Aguja","RD-000969","1","spa"
"RD-000970-S01","Castrar","RD-000970","1","spa"
"RD-000971-S01","Manzanilla","RD-000971","1","spa"
"RD-000972-S01","Piojoso","RD-000972","1","spa"
"RD-000973-S01","Cuero, piel","RD-000973","1","spa"
"RD-000973-S02","Piojo","RD-000973","2","spa"
"RD-000974-S01","Suelo","RD-000974","1","spa"
"RD-000975-S01","Caerse (de arriba)","RD-000975","1","spa"
"RD-000976-S01","A pie","RD-000976","1","spa"
"RD-000977-S01","Caer","RD-000977","1","spa"
"RD-000977-S02","Pegar (sol)","RD-000977","2","spa"
"RD-000978-S01","Estuche de cuero (para rifle o cuchillo)","RD-000978","1","spa"
"RD-000979-S01","Rasparse (por alguna cosa)","RD-000979","1","spa"
"RD-000980-S01","Una cuarta (látigo)","RD-000980","1","spa"
"RD-000981-S01","Ardilla chiquita (de la tierra)","RD-000981","1","spa"
"RD-000982-S01","Mundo","RD-000982","1","spa"
"RD-000983-S01","Lavar (ropa)","RD-000983","1","spa"
"RD-000984-S01","Quemar (la tortilla o el frijol), chamuscar","RD-000984","1","spa"
"RD-000985-S01","Barro","RD-000985","1","spa"
"RD-000986-S01","Estar haciéndose barroso","RD-000986","1","spa"
"RD-000987-S01","Barroso","RD-000987","1","spa"
"RD-000988-S01","Cacto redondo","RD-000988","1","spa"
"RD-000989-S01","Perdido (pl)","RD-000989","1","spa"
"RD-000990-S01","Pizca, tiempo de la pizca","RD-000990","1","spa"
"RD-000991-S01","Lanzar, amarrar (un animal)","RD-000991","1","spa"
"RD-000992-S01","Manteca, sebo","RD-000992","1","spa"
"RD-000993-S01","Que tiene mucha manteca (un marrano)","RD-000993","1","spa"
"RD-000994-S01","Engordar (marrano)","RD-000994","1","spa"
"RD-000995-S01","Sacar (de la lumbre)","RD-000995","1","spa"
"RD-000996-S01","Estar colgado","RD-000996","1","spa"
"RD-000997-S01","Colgar","RD-000997","1","spa"
"RD-000998-S01","Acusar, condenar","RD-000998","1","spa"
"RD-000999-S01","Dinero","RD-000999","1","spa"
"RD-001000-S01","Tabaco del campo","RD-001000","1","spa"
"RD-001001-S01","Chapalear (agua con la mano)","RD-001001","1","spa"
"RD-001002-S01","Azotar (con mano o cuarta), lo chicotea","RD-001002","1","spa"
"RD-001003-S01","Tener demasiada hambre o sed","RD-001003","1","spa"
"RD-001004-S01","Deber","RD-001004","1","spa"
"RD-001005-S01","Ser llorón","RD-001005","1","spa"
"RD-001006-S01","Extraviarse","RD-001006","1","spa"
"RD-001007-S01","Multiplicar","RD-001007","1","spa"
"RD-001008-S01","Arete","RD-001008","1","spa"
"RD-001009-S01","Tener aretes","RD-001009","1","spa"
"RD-001010-S01","Parar","RD-001010","1","spa"
"RD-001010-S02","Elegir, nombrar a una autoridad","RD-001010","2","spa"
"RD-001011-S01","Vieja, anciana","RD-001011","1","spa"
"RD-001012-S01","Parar (detener)","RD-001012","1","spa"
"RD-001013-S01","Envejecerse (mujer)","RD-001013","1","spa"
"RD-001014-S01","Levantar, parar (poste, persona)","RD-001014","1","spa"
"RD-001015-S01","Ancho","RD-001015","1","spa"
"RD-001016-S01","Estar largo (medida)","RD-001016","1","spa"
"RD-001016-S02","Extenso (tiempo)","RD-001016","2","spa"
"RD-001017-S01","Estar parado","RD-001017","1","spa"
"RD-001018-S01","Parado, nacido","RD-001018","1","spa"
"RD-001019-S01","Pararse (el hecho de pararse)","RD-001019","1","spa"
"RD-001020-S01","Empezar a llover","RD-001020","1","spa"
"RD-001021-S01","Después","RD-001021","1","spa"
"RD-001022-S01","Mucho después","RD-001022","1","spa"
"RD-001023-S01","Andar (haciendo algo)","RD-001023","1","spa"
"RD-001024-S01","Pararse, levantarse (de estar sentado)","RD-001024","1","spa"
"RD-001025-S01","Tirar (agua, tesgüino, sangre)","RD-001025","1","spa"
"RD-001025-S02","Desparramar (tierra o granos)","RD-001025","2","spa"
"RD-001026-S01","Zopilote","RD-001026","1","spa"
"RD-001027-S01","Coger, agarrar","RD-001027","1","spa"
"RD-001027-S02","Arrebatar","RD-001027","2","spa"
"RD-001028-S01","Muchas veces, frecuentemente","RD-001028","1","spa"
"RD-001029-S01","Poner la zapeta (taparrabo)","RD-001029","1","spa"
"RD-001030-S01","La pieza triangular de la zapeta, un cotense","RD-001030","1","spa"
"RD-001031-S01","Paño, trapo","RD-001031","1","spa"
"RD-001032-S01","Hacer lodo, batir lodo","RD-001032","1","spa"
"RD-001033-S01","Lodo, zoquete","RD-001033","1","spa"
"RD-001034-S01","Ciénaga","RD-001034","1","spa"
"RD-001035-S01","Enlodarse","RD-001035","1","spa"
"RD-001036-S01","Tipo de animalito carnívoro con cola larga","RD-001036","1","spa"
"RD-001037-S01","vt Dar leche, ordeñar","RD-001037","1","spa"
"RD-001037-S02","vi Salir un chorro","RD-001037","2","spa"
"RD-001038-S01","Ordeñar","RD-001038","1","spa"
"RD-001039-S01","vi Hacer estiércol","RD-001039","1","spa"
"RD-001039-S02","s Estiércol, excremento","RD-001039","2","spa"
"RD-001040-S01","Tener diarrea","RD-001040","1","spa"
"RD-001041-S01","Fertilizar la tierra con estiércol","RD-001041","1","spa"
"RD-001042-S01","Derrumbarse (tierra)","RD-001042","1","spa"
"RD-001043-S01","s Mecate","RD-001043","1","spa"
"RD-001043-S02","vt Persogar, lazar","RD-001043","2","spa"
"RD-001044-S01","Tierra, barro","RD-001044","1","spa"
"RD-001045-S01","Hay tierra","RD-001045","1","spa"
"RD-001046-S01","Madre","RD-001046","1","spa"
"RD-001047-S01","Tipo de pino (aguja fina)","RD-001047","1","spa"
"RD-001048-S01","Cada uno, unos a otros","RD-001048","1","spa"
"RD-001049-S01","Chile (colorado, grande, seco)","RD-001049","1","spa"
"RD-001050-S01","Bueyes","RD-001050","1","spa"
"RD-001051-S01","Hacer aire, soplar el viento","RD-001051","1","spa"
"RD-001052-S01","Abanicar","RD-001052","1","spa"
"RD-001053-S01","Mentir","RD-001053","1","spa"
"RD-001054-S01","Corteza gruesa (de pino o encino)","RD-001054","1","spa"
"RD-001055-S01","Quemar","RD-001055","1","spa"
"RD-001056-S01","Quemarse (el monte)","RD-001056","1","spa"
"RD-001057-S01","Son autoridades","RD-001057","1","spa"
"RD-001058-S01","Sembrar","RD-001058","1","spa"
"RD-001059-S01","Sembrador","RD-001059","1","spa"
"RD-001060-S01","Hay matas de maíz","RD-001060","1","spa"
"RD-001061-S01","Picar, punzar, inyectar","RD-001061","1","spa"
"RD-001062-S01","Matas de maíz","RD-001062","1","spa"
"RD-001063-S01","De siembra","RD-001063","1","spa"
"RD-001064-S01","Esconderse","RD-001064","1","spa"
"RD-001065-S01","Sembrado","RD-001065","1","spa"
"RD-001066-S01","Todo el cuerpo","RD-001066","1","spa"
"RD-001067-S01","Son autoridades (del pueblo)","RD-001067","1","spa"
"RD-001068-S01","Autoridades (del pueblo)","RD-001068","1","spa"
"RD-001069-S01","Tener agujero","RD-001069","1","spa"
"RD-001070-S01","Abertura, agujero","RD-001070","1","spa"
"RD-001071-S01","Agujerear, perforar","RD-001071","1","spa"
"RD-001072-S01","Atajar","RD-001072","1","spa"
"RD-001073-S01","Muchachas","RD-001073","1","spa"
"RD-001074-S01","Fuerte","RD-001074","1","spa"
"RD-001075-S01","Reforzar","RD-001075","1","spa"
"RD-001076-S01","Tirar (con fuerza al suelo)","RD-001076","1","spa"
"RD-001077-S01","Tener","RD-001077","1","spa"
"RD-001078-S01","adj Fuerte","RD-001078","1","spa"
"RD-001078-S02","adj Macizo","RD-001078","2","spa"
"RD-001079-S01","Largos","RD-001079","1","spa"
"RD-001080-S01","Respirar","RD-001080","1","spa"
"RD-001081-S01","Enredar","RD-001081","1","spa"
"RD-001081-S02","Lo amarra por las patas","RD-001081","2","spa"
"RD-001082-S01","Resollar","RD-001082","1","spa"
"RD-001083-S01","Manzanilla","RD-001083","1","spa"
"RD-001084-S01","Respiración","RD-001084","1","spa"
"RD-001085-S01","Bolsita de gusanos del madroño (árbol)","RD-001085","1","spa"
"RD-001086-S01","vi Enredarse","RD-001086","1","spa"
"RD-001086-S02","vt Dar la autoridad (pasándole los cetros de autoridad encima de la cabeza)","RD-001086","2","spa"
"RD-001087-S01","Éramos, eran","RD-001087","1","spa"
"RD-001088-S01","Hígado","RD-001088","1","spa"
"RD-001089-S01","vi Enfermarse (por tener el bazo hinchado)","RD-001089","1","spa"
"RD-001089-S02","s Bazo","RD-001089","2","spa"
"RD-001090-S01","Caerse (al suelo)","RD-001090","1","spa"
"RD-001090-S02","Tropezar (andando)","RD-001090","2","spa"
"RD-001091-S01","Voraz","RD-001091","1","spa"
"RD-001092-S01","Canasta (con tapadera), petaca","RD-001092","1","spa"
"RD-001093-S01","vi Ir","RD-001093","1","spa"
"RD-001093-S02","Venir","RD-001093","2","spa"
"RD-001093-S03","Caminar","RD-001093","3","spa"
"RD-001094-S01","Dar leche","RD-001094","1","spa"
"RD-001095-S01","Seguidor (a tros y no estar solo)","RD-001095","1","spa"
"RD-001096-S01","Entender y hablar español","RD-001096","1","spa"
"RD-001097-S01","Volar","RD-001097","1","spa"
"RD-001098-S01","Echar a voler","RD-001098","1","spa"
"RD-001099-S01","Volarse","RD-001099","1","spa"
"RD-001100-S01","Tipo de árbol chico con hojas amargosas","RD-001100","1","spa"
"RD-001101-S01","Ventilar","RD-001101","1","spa"
"RD-001102-S01","Acontecer, suceder","RD-001102","1","spa"
"RD-001103-S01","Picar","RD-001103","1","spa"
"RD-001103-S02","Morder","RD-001103","2","spa"
"RD-001104-S01","Desapareciéndose","RD-001104","1","spa"
"RD-001105-S01","Saber (lo que pasó)","RD-001105","1","spa"
"RD-001106-S01","Nopal","RD-001106","1","spa"
"RD-001107-S01","Abrir (puerta, caja)","RD-001107","1","spa"
"RD-001108-S01","Llave","RD-001108","1","spa"
"RD-001109-S01","Abrirse","RD-001109","1","spa"
"RD-001110-S01","Abierto","RD-001110","1","spa"
"RD-001111-S01","Estar bueno, servir","RD-001111","1","spa"
"RD-001112-S01","Explicar bien","RD-001112","1","spa"
"RD-001113-S01","Cerco (de palos)","RD-001113","1","spa"
"RD-001114-S01","Ciertamente","RD-001114","1","spa"
"RD-001115-S01","Descansar","RD-001115","1","spa"
"RD-001116-S01","Hacer, descansar","RD-001116","1","spa"
"RD-001117-S01","Distintos, diferentes, extraños","RD-001117","1","spa"
"RD-001118-S01","Orinar","RD-001118","1","spa"
"RD-001119-S01","Algunos días","RD-001119","1","spa"
"RD-001120-S01","Mojar con orina","RD-001120","1","spa"
"RD-001121-S01","Jugar","RD-001121","1","spa"
"RD-001122-S01","Madre, mamá","RD-001122","1","spa"
"RD-001123-S01","Que tiene mamá","RD-001123","1","spa"
"RD-001124-S01","Estar abierto","RD-001124","1","spa"
"RD-001125-S01","Andar","RD-001125","1","spa"
"RD-001126-S01","Hasta que","RD-001126","1","spa"
"RD-001127-S01","Pararse (varios)","RD-001127","1","spa"
"RD-001128-S01","Caballo","RD-001128","1","spa"
"RD-001129-S01","Vivo","RD-001129","1","spa"
"RD-001130-S01","Parar","RD-001130","1","spa"
"RD-001130-S02","Nombrar como autoridades","RD-001130","2","spa"
"RD-001131-S01","Estar parados","RD-001131","1","spa"
"RD-001132-S01","Estar parados","RD-001132","1","spa"
"RD-001133-S01","Por aquí, por este lado","RD-001133","1","spa"
"RD-001134-S01","Estar contento","RD-001134","1","spa"
"RD-001135-S01","¡Oiga!","RD-001135","1","spa"
"RD-001136-S01","Algunos, unos","RD-001136","1","spa"
"RD-001137-S01","Levantarse (de estar sentados)","RD-001137","1","spa"
"RD-001137-S02","Pararse (cesar)","RD-001137","2","spa"
"RD-001138-S01","Este, esta, esto","RD-001138","1","spa"
"RD-001139-S01","Aquí","RD-001139","1","spa"
"RD-001140-S01","Acá (en cierta parte)","RD-001140","1","spa"
"RD-001141-S01","Así es","RD-001141","1","spa"
"RD-001142-S01","Así (de esta manera)","RD-001142","1","spa"
"RD-001143-S01","Esta clase","RD-001143","1","spa"
"RD-001144-S01","¡Tómalo con la mano!","RD-001144","1","spa"
"RD-001145-S01","Peyote","RD-001145","1","spa"
"RD-001146-S01","Fierro","RD-001146","1","spa"
"RD-001147-S01","Fuerte","RD-001147","1","spa"
"RD-001148-S01","Tener fuerza","RD-001148","1","spa"
"RD-001149-S01","Poder","RD-001149","1","spa"
"RD-001150-S01","Vigoroso, firme","RD-001150","1","spa"
"RD-001151-S01","Hacer fuerte, fortalecer","RD-001151","1","spa"
"RD-001152-S01","Subir","RD-001152","1","spa"
"RD-001153-S01","Tener hijos","RD-001153","1","spa"
"RD-001154-S01","Ahora","RD-001154","1","spa"
"RD-001155-S01","Con","RD-001155","1","spa"
"RD-001155-S02","Por","RD-001155","2","spa"
"RD-001156-S01","Apresurarse","RD-001156","1","spa"
"RD-001157-S01","Apresurar","RD-001157","1","spa"
"RD-001158-S01","Tener prisa por irse","RD-001158","1","spa"
"RD-001159-S01","Seguir las huellas","RD-001159","1","spa"
"RD-001160-S01","Hierro","RD-001160","1","spa"
"RD-001161-S01","Seguir huelleando","RD-001161","1","spa"
"RD-001162-S01","Andar muchos","RD-001162","1","spa"
"RD-001163-S01","Hacer hoyo","RD-001163","1","spa"
"RD-001164-S01","Feroces, bravos","RD-001164","1","spa"
"RD-001165-S01","Camaleón, lagarto cornudo","RD-001165","1","spa"
"RD-001166-S01","Hoyo","RD-001166","1","spa"
"RD-001167-S01","Apuntar, señalar","RD-001167","1","spa"
"RD-001168-S01","Desde, de","RD-001168","1","spa"
"RD-001169-S01","Escarbar (un hoyo)","RD-001169","1","spa"
"RD-001170-S01","Ser, estar","RD-001170","1","spa"
"RD-001171-S01","Atrás","RD-001171","1","spa"
"RD-001172-S01","Oler","RD-001172","1","spa"
"RD-001173-S01","Jugar (tirando los palos)","RD-001173","1","spa"
"RD-001174-S01","Al fin, finalmente, último","RD-001174","1","spa"
"RD-001175-S01","Atrasarse","RD-001175","1","spa"
"RD-001176-S01","Anterior","RD-001176","1","spa"
"RD-001177-S01","Entarimar","RD-001177","1","spa"
"RD-001177-S02","Hacer","RD-001177","2","spa"
"RD-001178-S01","Tener esposas (varios hombres)","RD-001178","1","spa"
"RD-001179-S01","Mesa","RD-001179","1","spa"
"RD-001179-S02","Banca","RD-001179","2","spa"
"RD-001179-S03","Cama de tablas","RD-001179","3","spa"
"RD-001180-S01","Piso de tablas","RD-001180","1","spa"
"RD-001181-S01","Esposas","RD-001181","1","spa"
"RD-001182-S01","Oler","RD-001182","1","spa"
"RD-001183-S01","Correr","RD-001183","1","spa"
"RD-001184-S01","Huir","RD-001184","1","spa"
"RD-001185-S01","Echar a correr","RD-001185","1","spa"
"RD-001186-S01","Enviar, mandar","RD-001186","1","spa"
"RD-001187-S01","Mandado","RD-001187","1","spa"
"RD-001188-S01","Sí, seguro","RD-001188","1","spa"
"RD-001189-S01","Sangre","RD-001189","1","spa"
"RD-001190-S01","Hacer enramada","RD-001190","1","spa"
"RD-001191-S01","Hueja redonda (reg.), jícara","RD-001191","1","spa"
"RD-001192-S01","Vena","RD-001192","1","spa"
"RD-001193-S01","Nervio","RD-001193","1","spa"
"RD-001194-S01","Hacer huejas","RD-001194","1","spa"
"RD-001195-S01","Ardilla amarillenta (se sube a los árboles)","RD-001195","1","spa"
"RD-001196-S01","Sangre cocida, tripas cocidas","RD-001196","1","spa"
"RD-001197-S01","Sentirse adolorido por un golpe","RD-001197","1","spa"
"RD-001198-S01","Teñir de anarajnado","RD-001198","1","spa"
"RD-001199-S01","Anaranjado","RD-001199","1","spa"
"RD-001200-S01","Oxidarse","RD-001200","1","spa"
"RD-001201-S01","Enramada","RD-001201","1","spa"
"RD-001202-S01","Sangriento","RD-001202","1","spa"
"RD-001203-S01","Sangrar, desangrar","RD-001203","1","spa"
"RD-001204-S01","Botella de vidrio","RD-001204","1","spa"
"RD-001205-S01","Batir, mezclar (pinole en agua)","RD-001205","1","spa"
"RD-001206-S01","Tiene hambre","RD-001206","1","spa"
"RD-001207-S01","Hueja alargado especial para sacar agua","RD-001207","1","spa"
"RD-001208-S01","Tener hambre","RD-001208","1","spa"
"RD-001209-S01","Revolver, menear","RD-001209","1","spa"
"RD-001210-S01","Hambre","RD-001210","1","spa"
"RD-001211-S01","Abanicar","RD-001211","1","spa"
"RD-001211-S02","Dar vueltas al aire (con alguna cosa o con un mecate)","RD-001211","2","spa"
"RD-001211-S03","Tremolar","RD-001211","3","spa"
"RD-001212-S01","Abanico","RD-001212","1","spa"
"RD-001213-S01","Tener rabia, estar loco (que anda corriendo)","RD-001213","1","spa"
"RD-001214-S01","Coyuntura","RD-001214","1","spa"
"RD-001215-S01","Pegar la rabia a otro","RD-001215","1","spa"
"RD-001216-S01","Gastar (ropa)","RD-001216","1","spa"
"RD-001217-S01","Gastarse (ropa)","RD-001217","1","spa"
"RD-001218-S01","Correr","RD-001218","1","spa"
"RD-001219-S01","Ya","RD-001219","1","spa"
"RD-001220-S01","Caña de maíz","RD-001220","1","spa"
"RD-001221-S01","Cienpiés","RD-001221","1","spa"
"RD-001222-S01","Comer caña","RD-001222","1","spa"
"RD-001223-S01","¡Vamos!","RD-001223","1","spa"
"RD-001224-S01","Arrancarse brincando","RD-001224","1","spa"
"RD-001225-S01","Paloma","RD-001225","1","spa"
"RD-001226-S01","Víbora chica con rayas blancas","RD-001226","1","spa"
"RD-001227-S01","Cuarta (medida del dedo pulgar al meñique extendidos)","RD-001227","1","spa"
"RD-001228-S01","Agarrar (entre las manos)","RD-001228","1","spa"
"RD-001229-S01","Diez","RD-001229","1","spa"
"RD-001230-S01","Dedo","RD-001230","1","spa"
"RD-001231-S01","Garrapata","RD-001231","1","spa"
"RD-001232-S01","Saber, conocer","RD-001232","1","spa"
"RD-001232-S02","Hay luz","RD-001232","2","spa"
"RD-001232-S03","Verse bien","RD-001232","3","spa"
"RD-001233-S01","Afuera","RD-001233","1","spa"
"RD-001234-S01","Sacar","RD-001234","1","spa"
"RD-001235-S01","Afuera","RD-001235","1","spa"
"RD-001236-S01","Claramente","RD-001236","1","spa"
"RD-001237-S01","Salir","RD-001237","1","spa"
"RD-001238-S01","Descubrir, mostrar","RD-001238","1","spa"
"RD-001239-S01","Alacrán","RD-001239","1","spa"
"RD-001240-S01","Que puede ver","RD-001240","1","spa"
"RD-001241-S01","Sabido","RD-001241","1","spa"
"RD-001242-S01","Como deben saber","RD-001242","1","spa"
"RD-001243-S01","¡Que sepan!, ¡que conozcan!","RD-001243","1","spa"
"RD-001244-S01","Agarrar","RD-001244","1","spa"
"RD-001245-S01","Ir corriendo","RD-001245","1","spa"
"RD-001246-S01","Voltear, revolver","RD-001246","1","spa"
"RD-001247-S01","León, puma","RD-001247","1","spa"
"RD-001248-S01","Tener miedo","RD-001248","1","spa"
"RD-001249-S01","Cobarde, miedoso, temeroso","RD-001249","1","spa"
"RD-001250-S01","Temer","RD-001250","1","spa"
"RD-001251-S01","Asustar, espantar","RD-001251","1","spa"
"RD-001252-S01","Atónito","RD-001252","1","spa"
"RD-001253-S01","Meter la mano","RD-001253","1","spa"
"RD-001254-S01","Asustar","RD-001254","1","spa"
"RD-001255-S01","Nervioso","RD-001255","1","spa"
"RD-001256-S01","Estuche (para rifle)","RD-001256","1","spa"
"RD-001257-S01","Poner un recipiente (p. ej.: una olla, una caja)","RD-001257","1","spa"
"RD-001258-S01","Contener un líquido","RD-001258","1","spa"
"RD-001259-S01","Cuando","RD-001259","1","spa"
"RD-001260-S01","Donde","RD-001260","1","spa"
"RD-001261-S01","Para, que, el cual, quien","RD-001261","1","spa"
"RD-001262-S01","Conque, porque","RD-001262","1","spa"
"RD-001263-S01","Como, según","RD-001263","1","spa"
"RD-001264-S01","Mientras","RD-001264","1","spa"
"RD-001265-S01","Hasta que","RD-001265","1","spa"
"RD-001265-S02","Entre tanto, mientras","RD-001265","2","spa"
"RD-001266-S01","Semejante (en forma)","RD-001266","1","spa"
"RD-001267-S01","Cualquiera","RD-001267","1","spa"
"RD-001268-S01","Hija (habla del padre)","RD-001268","1","spa"
"RD-001269-S01","Paleta","RD-001269","1","spa"
"RD-001270-S01","Gemelo","RD-001270","1","spa"
"RD-001271-S01","Sobaco","RD-001271","1","spa"
"RD-001272-S01","Tener hija el padre","RD-001272","1","spa"
"RD-001273-S01","Cinco","RD-001273","1","spa"
"RD-001274-S01","Padre (de la hija)","RD-001274","1","spa"
"RD-001275-S01","Cervato (venadito)","RD-001275","1","spa"
"RD-001276-S01","Quinto","RD-001276","1","spa"
"RD-001277-S01","Cincuenta","RD-001277","1","spa"
"RD-001278-S01","Huir","RD-001278","1","spa"
"RD-001279-S01","Abanico (que lleva el bailador matachín)","RD-001279","1","spa"
"RD-001280-S01","Fugarse (el preso)","RD-001280","1","spa"
"RD-001281-S01","Huir","RD-001281","1","spa"
"RD-001282-S01","Amasar","RD-001282","1","spa"
"RD-001283-S01","Metate","RD-001283","1","spa"
"RD-001284-S01","Palma (de la mano)","RD-001284","1","spa"
"RD-001285-S01","Pinabete (árbol)","RD-001285","1","spa"
"RD-001286-S01","Hombro","RD-001286","1","spa"
"RD-001287-S01","Llevar (en hombros)","RD-001287","1","spa"
"RD-001288-S01","Canas","RD-001288","1","spa"
"RD-001289-S01","Creer que sí, pensar, opinar","RD-001289","1","spa"
"RD-001290-S01","Tener celos","RD-001290","1","spa"
"RD-001291-S01","Maguey","RD-001291","1","spa"
"RD-001292-S01","Traer","RD-001292","1","spa"
"RD-001293-S01","Tanto, mucho","RD-001293","1","spa"
"RD-001294-S01","Ganar sueldo","RD-001294","1","spa"
"RD-001295-S01","Mezcal","RD-001295","1","spa"
"RD-001296-S01","Cordero, borreguito","RD-001296","1","spa"
"RD-001297-S01","Estr sentado (con las piernas extendidas o cruzadas)","RD-001297","1","spa"
"RD-001298-S01","Corretear los animales","RD-001298","1","spa"
"RD-001299-S01","Arrear, llevar (animales)","RD-001299","1","spa"
"RD-001300-S01","adj Aquel, aquella","RD-001300","1","spa"
"RD-001300-S02","pron Tú, te","RD-001300","2","spa"
"RD-001301-S01","Lejos","RD-001301","1","spa"
"RD-001302-S01","vi Alejarse, retirarse","RD-001302","1","spa"
"RD-001302-S02","adv Un lugar lejos","RD-001302","2","spa"
"RD-001303-S01","Alejar","RD-001303","1","spa"
"RD-001304-S01","Hacer muescas, hacer hueco","RD-001304","1","spa"
"RD-001305-S01","Hecho con muescas","RD-001305","1","spa"
"RD-001306-S01","Luna, mes","RD-001306","1","spa"
"RD-001307-S01","Tener o hacer mes","RD-001307","1","spa"
"RD-001307-S02","Hacer luna","RD-001307","2","spa"
"RD-001308-S01","Labrar con el hacha","RD-001308","1","spa"
"RD-001309-S01","Labrado","RD-001309","1","spa"
"RD-001310-S01","Astilla","RD-001310","1","spa"
"RD-001311-S01","Alacrán","RD-001311","1","spa"
"RD-001312-S01","Pegar (con marro o piedra)","RD-001312","1","spa"
"RD-001313-S01","Martillar, pegar","RD-001313","1","spa"
"RD-001314-S01","Marro, mazo","RD-001314","1","spa"
"RD-001315-S01","Clavado","RD-001315","1","spa"
"RD-001316-S01","Cresta de gallo","RD-001316","1","spa"
"RD-001317-S01","Abollarse","RD-001317","1","spa"
"RD-001318-S01","Aplastar","RD-001318","1","spa"
"RD-001319-S01","Aplastarse","RD-001319","1","spa"
"RD-001320-S01","Gato","RD-001320","1","spa"
"RD-001321-S01","Asar","RD-001321","1","spa"
"RD-001322-S01","Asado, tatemado","RD-001322","1","spa"
"RD-001323-S01","Más allá, poco después","RD-001323","1","spa"
"RD-001324-S01","Matará","RD-001324","1","spa"
"RD-001325-S01","Querer matarlo","RD-001325","1","spa"
"RD-001326-S01","Desmayarse","RD-001326","1","spa"
"RD-001327-S01","Poner una trampa (de piedras para aplastar animales chicos)","RD-001327","1","spa"
"RD-001328-S01","Zarzamora","RD-001328","1","spa"
"RD-001329-S01","s Trampa de piedras","RD-001329","1","spa"
"RD-001329-S02","vt Estar poniéndole una trampa","RD-001329","2","spa"
"RD-001330-S01","Una trampa de piedras","RD-001330","1","spa"
"RD-001331-S01","Ganar (en el juego o carrera9","RD-001331","1","spa"
"RD-001332-S01","Aplastarse (cosa grande)","RD-001332","1","spa"
"RD-001333-S01","Aplastado","RD-001333","1","spa"
"RD-001334-S01","Aplastar","RD-001334","1","spa"
"RD-001335-S01","Trozar (con hacha), lo corta","RD-001335","1","spa"
"RD-001336-S01","Falsearse (tobillo)","RD-001336","1","spa"
"RD-001336-S02","Machucarse (tobillo)","RD-001336","2","spa"
"RD-001336-S03","Torcerse (tobillo)","RD-001336","3","spa"
"RD-001337-S01","Hacer ruido (cortando con hacha)","RD-001337","1","spa"
"RD-001338-S01","Doblarse (la pierna al andar)","RD-001338","1","spa"
"RD-001338-S02","Descoyuntarse","RD-001338","2","spa"
"RD-001339-S01","Sentarse (con los pies cruzados)","RD-001339","1","spa"
"RD-001340-S01","Asesinar, matar","RD-001340","1","spa"
"RD-001341-S01","Madrastra","RD-001341","1","spa"
"RD-001342-S01","Subir","RD-001342","1","spa"
"RD-001343-S01","Sobre, encima","RD-001343","1","spa"
"RD-001344-S01","Cuero curtido, vaqueta","RD-001344","1","spa"
"RD-001345-S01","Ponerse la corona","RD-001345","1","spa"
"RD-001346-S01","La corona (con plumas que llevan los bailadores matachines y los moros en la fiesta de Semana Santa)","RD-001346","1","spa"
"RD-001347-S01","Quelite (siembran; comen cocido)","RD-001347","1","spa"
"RD-001348-S01","Helecho","RD-001348","1","spa"
"RD-001349-S01","Tener cerebro","RD-001349","1","spa"
"RD-001350-S01","Poner adentro, encerrar (animales presos)","RD-001350","1","spa"
"RD-001351-S01","Poner (cartucho en el rifle)","RD-001351","1","spa"
"RD-001351-S02","meterse (el hilo al hacer una cobija)","RD-001351","2","spa"
"RD-001352-S01","Poner, apoyar (la cabeza en algo cuando se acuesta)","RD-001352","1","spa"
"RD-001353-S01","Entrar","RD-001353","1","spa"
"RD-001354-S01","Desaparecerse","RD-001354","1","spa"
"RD-001355-S01","Hacerse pedazos","RD-001355","1","spa"
"RD-001356-S01","Quebrar (en pedazos)","RD-001356","1","spa"
"RD-001357-S01","Yerno","RD-001357","1","spa"
"RD-001358-S01","Cabeza","RD-001358","1","spa"
"RD-001359-S01","Pájaro gris (mediano, anda sobre las paredes en el invierno)","RD-001359","1","spa"
"RD-001360-S01","Menear (cabeza)","RD-001360","1","spa"
"RD-001361-S01","Descabezar","RD-001361","1","spa"
"RD-001362-S01","Nuera","RD-001362","1","spa"
"RD-001363-S01","Tener nuera","RD-001363","1","spa"
"RD-001364-S01","Sahumar","RD-001364","1","spa"
"RD-001365-S01","Humo","RD-001365","1","spa"
"RD-001366-S01","Subir el humo","RD-001366","1","spa"
"RD-001367-S01","s Hollín","RD-001367","1","spa"
"RD-001367-S02","vi Ahumarse","RD-001367","2","spa"
"RD-001368-S01","Ponerse negro (de hollín), ahumarse","RD-001368","1","spa"
"RD-001369-S01","Ahumar","RD-001369","1","spa"
"RD-001370-S01","Moros (los que llevan coronas con plumas en la Semana Santa)","RD-001370","1","spa"
"RD-001371-S01","Hay humo, hacer humo","RD-001371","1","spa"
"RD-001372-S01","Incienso","RD-001372","1","spa"
"RD-001373-S01","Desmenuzar (entre las manos)","RD-001373","1","spa"
"RD-001374-S01","Poner almohada (bajo cabeza para dormir)","RD-001374","1","spa"
"RD-001374-S02","Amarrar yugo","RD-001374","2","spa"
"RD-001375-S01","Almohada, yugo","RD-001375","1","spa"
"RD-001376-S01","Chocarse","RD-001376","1","spa"
"RD-001377-S01","Canas","RD-001377","1","spa"
"RD-001378-S01","Tener canas","RD-001378","1","spa"
"RD-001379-S01","Encanecer","RD-001379","1","spa"
"RD-001380-S01","Pudrirse (maíz desgranado)","RD-001380","1","spa"
"RD-001381-S01","Ir subiendo","RD-001381","1","spa"
"RD-001382-S01","Elevar","RD-001382","1","spa"
"RD-001383-S01","Morirse, fallecer","RD-001383","1","spa"
"RD-001384-S01","Muerto, difunto","RD-001384","1","spa"
"RD-001385-S01","Nene, criatura","RD-001385","1","spa"
"RD-001386-S01","Sentar","RD-001386","1","spa"
"RD-001387-S01","Cuñado menor","RD-001387","1","spa"
"RD-001388-S01","Hacer sentarse, desear sentarse","RD-001388","1","spa"
"RD-001389-S01","Estar sentados","RD-001389","1","spa"
"RD-001390-S01","Levantarse (de estar acostados)","RD-001390","1","spa"
"RD-001391-S01","Poner (una cosa o persona)","RD-001391","1","spa"
"RD-001391-S02","Amontonar","RD-001391","2","spa"
"RD-001392-S01","Cuando están reunidos","RD-001392","1","spa"
"RD-001393-S01","Estar (sentados)","RD-001393","1","spa"
"RD-001394-S01","Mujeres","RD-001394","1","spa"
"RD-001395-S01","Dar ataques epilépticos","RD-001395","1","spa"
"RD-001396-S01","Epiléptico","RD-001396","1","spa"
"RD-001397-S01","Aumentarse, rendir mucho","RD-001397","1","spa"
"RD-001398-S01","Aumentado","RD-001398","1","spa"
"RD-001399-S01","Aumentar","RD-001399","1","spa"
"RD-001400-S01","Añadido","RD-001400","1","spa"
"RD-001401-S01","Tú, usted","RD-001401","1","spa"
"RD-001402-S01","Tirar flechas o balazos","RD-001402","1","spa"
"RD-001403-S01","Subir (de tierra baja)","RD-001403","1","spa"
"RD-001404-S01","Sembrar frijol","RD-001404","1","spa"
"RD-001405-S01","Frijol","RD-001405","1","spa"
"RD-001406-S01","Mujer","RD-001406","1","spa"
"RD-001407-S01","Hembra","RD-001407","1","spa"
"RD-001408-S01","Espiga","RD-001408","1","spa"
"RD-001409-S01","Espigar (la mata de maíz)","RD-001409","1","spa"
"RD-001410-S01","Cerca","RD-001410","1","spa"
"RD-001411-S01","Hacer un liacho (reg.)","RD-001411","1","spa"
"RD-001412-S01","Muy cerca","RD-001412","1","spa"
"RD-001413-S01","Prójimo, vecino","RD-001413","1","spa"
"RD-001414-S01","Acercarse, arrimarse","RD-001414","1","spa"
"RD-001415-S01","Poner cerca","RD-001415","1","spa"
"RD-001416-S01","Arrimar, acercar","RD-001416","1","spa"
"RD-001417-S01","Liacho (reg.), lío (una carga amarrada)","RD-001417","1","spa"
"RD-001418-S01","Chivato, cría de chivas","RD-001418","1","spa"
"RD-001419-S01","Llevar una carga (en animales)","RD-001419","1","spa"
"RD-001420-S01","Tipo de pez negro, bargón","RD-001420","1","spa"
"RD-001421-S01","Aplastarse","RD-001421","1","spa"
"RD-001422-S01","Falsearse, machucarse, torcerse (el tobillo)","RD-001422","1","spa"
"RD-001423-S01","s El gusano (del elote)","RD-001423","1","spa"
"RD-001423-S02","vi Agusanarse","RD-001423","2","spa"
"RD-001424-S01","Aplastar","RD-001424","1","spa"
"RD-001425-S01","Levantar (com los brazos)","RD-001425","1","spa"
"RD-001426-S01","Llevar (en los brazos)","RD-001426","1","spa"
"RD-001427-S01","Pudrirse (maíz, trapo mojado, cosa enterrada, madera)","RD-001427","1","spa"
"RD-001428-S01","Éste, ésta","RD-001428","1","spa"
"RD-001429-S01","Hacer lumbre","RD-001429","1","spa"
"RD-001429-S02","Quemar","RD-001429","2","spa"
"RD-001430-S01","Enojarse, reñir","RD-001430","1","spa"
"RD-001431-S01","Hacer enojar, alborotar","RD-001431","1","spa"
"RD-001432-S01","Alcanzar","RD-001432","1","spa"
"RD-001433-S01","Quemado","RD-001433","1","spa"
"RD-001434-S01","Mandó (llevar alguna cosa)","RD-001434","1","spa"
"RD-001435-S01","Seguir","RD-001435","1","spa"
"RD-001436-S01","Poco más allá","RD-001436","1","spa"
"RD-001437-S01","De lejos, de un lado","RD-001437","1","spa"
"RD-001438-S01","Oreja, oído","RD-001438","1","spa"
"RD-001439-S01","Mecapal","RD-001439","1","spa"
"RD-001440-S01","Oreja de alguien","RD-001440","1","spa"
"RD-001440-S02","Borlas de las cobijas","RD-001440","2","spa"
"RD-001441-S01","Ponerse de acuerdo","RD-001441","1","spa"
"RD-001442-S01","Mariposa","RD-001442","1","spa"
"RD-001443-S01","Hacer mucho ruido","RD-001443","1","spa"
"RD-001444-S01","Homicida","RD-001444","1","spa"
"RD-001445-S01","Pelear","RD-001445","1","spa"
"RD-001446-S01","Enchuecar","RD-001446","1","spa"
"RD-001447-S01","Maullar (el gatito)","RD-001447","1","spa"
"RD-001448-S01","Borrar, tapar la huella","RD-001448","1","spa"
"RD-001449-S01","Borrar","RD-001449","1","spa"
"RD-001450-S01","Cambiar","RD-001450","1","spa"
"RD-001451-S01","Transformar","RD-001451","1","spa"
"RD-001452-S01","Amarrar, anudar","RD-001452","1","spa"
"RD-001453-S01","Alcanzar","RD-001453","1","spa"
"RD-001454-S01","Pegarse, contagiarse","RD-001454","1","spa"
"RD-001455-S01","Poner juntos","RD-001455","1","spa"
"RD-001456-S01","Atizar los tizones (a la lumbre)","RD-001456","1","spa"
"RD-001457-S01","Conectar","RD-001457","1","spa"
"RD-001458-S01","Repartir, distribuir","RD-001458","1","spa"
"RD-001459-S01","Prender la lumbre, atizar","RD-001459","1","spa"
"RD-001459-S02","Quemar pelo (cuando le ponen nombre queman unos pelos del niño)","RD-001459","2","spa"
"RD-001460-S01","Prendido","RD-001460","1","spa"
"RD-001461-S01","Mirando","RD-001461","1","spa"
"RD-001462-S01","Llegar","RD-001462","1","spa"
"RD-001463-S01","Raíz","RD-001463","1","spa"
"RD-001464-S01","Cantar, entonar himnos","RD-001464","1","spa"
"RD-001465-S01","Enraizaar","RD-001465","1","spa"
"RD-001466-S01","Dar a luz, parir","RD-001466","1","spa"
"RD-001467-S01","Tener raíz","RD-001467","1","spa"
"RD-001468-S01","Entre los dos","RD-001468","1","spa"
"RD-001469-S01","Avisar, predicar","RD-001469","1","spa"
"RD-001470-S01","Acercarse","RD-001470","1","spa"
"RD-001471-S01","Hablar en público, predicar","RD-001471","1","spa"
"RD-001472-S01","Formar fila","RD-001472","1","spa"
"RD-001473-S01","Cuatro","RD-001473","1","spa"
"RD-001474-S01","Cuarto, cuarta","RD-001474","1","spa"
"RD-001475-S01","Aquí","RD-001475","1","spa"
"RD-001476-S01","Lumbre","RD-001476","1","spa"
"RD-001477-S01","Estar luchando","RD-001477","1","spa"
"RD-001478-S01","Luchador, abusador (de mujeres)","RD-001478","1","spa"
"RD-001479-S01","Seguir","RD-001479","1","spa"
"RD-001480-S01","Ser hermanos","RD-001480","1","spa"
"RD-001481-S01","Hermanos, primos hermanos","RD-001481","1","spa"
"RD-001482-S01","Metamorfosear","RD-001482","1","spa"
"RD-001483-S01","Caerse (muchas cosas, una trinchera)","RD-001483","1","spa"
"RD-001484-S01","Tumbar","RD-001484","1","spa"
"RD-001485-S01","Caerse (un pino, un poste)","RD-001485","1","spa"
"RD-001486-S01","Oír","RD-001486","1","spa"
"RD-001486-S02","Entender bien","RD-001486","2","spa"
"RD-001487-S01","Tumbar (un pino)","RD-001487","1","spa"
"RD-001488-S01","Cosa, animal","RD-001488","1","spa"
"RD-001489-S01","Sonar mucho","RD-001489","1","spa"
"RD-001490-S01","Tapar (por encima o de arriba)","RD-001490","1","spa"
"RD-001490-S02","Borrar","RD-001490","2","spa"
"RD-001491-S01","Tapado","RD-001491","1","spa"
"RD-001492-S01","Estar tirando (piedra)","RD-001492","1","spa"
"RD-001493-S01","Juntar, reunir","RD-001493","1","spa"
"RD-001494-S01","vi Tener camisa, ponerse la camisa","RD-001494","1","spa"
"RD-001494-S02","s Camisa","RD-001494","2","spa"
"RD-001495-S01","Quitar la camisa","RD-001495","1","spa"
"RD-001496-S01","Pegarse, quedarse pegados","RD-001496","1","spa"
"RD-001497-S01","Pegar, juntar, unir","RD-001497","1","spa"
"RD-001498-S01","Juntarse","RD-001498","1","spa"
"RD-001499-S01","Lugar donde se juntan, tiempo en el que se juntan","RD-001499","1","spa"
"RD-001500-S01","Juntos, unidos","RD-001500","1","spa"
"RD-001501-S01","Los que se juntan","RD-001501","1","spa"
"RD-001502-S01","Tipo de avispa amarilla","RD-001502","1","spa"
"RD-001503-S01","Tábano (insecto)","RD-001503","1","spa"
"RD-001504-S01","Remendar, volver a coser","RD-001504","1","spa"
"RD-001505-S01","Juntarse","RD-001505","1","spa"
"RD-001505-S02","Juntarse (casar)","RD-001505","2","spa"
"RD-001506-S01","También, con, juntos","RD-001506","1","spa"
"RD-001507-S01","En la chimenea, en la lumbre","RD-001507","1","spa"
"RD-001508-S01","Escardar, deshierbar con azadón","RD-001508","1","spa"
"RD-001509-S01","Hacer nixtamal","RD-001509","1","spa"
"RD-001510-S01","Nixtamal","RD-001510","1","spa"
"RD-001511-S01","s Polvo, ceniza","RD-001511","1","spa"
"RD-001511-S02","vr Pegarse con cenizas","RD-001511","2","spa"
"RD-001512-S01","vt Deshierbar (con la mano)","RD-001512","1","spa"
"RD-001512-S02","vi Quebrarse (palos)","RD-001512","2","spa"
"RD-001513-S01","Tuna","RD-001513","1","spa"
"RD-001514-S01","Clueca","RD-001514","1","spa"
"RD-001515-S01","Quebrar","RD-001515","1","spa"
"RD-001516-S01","Cubrirse la cara","RD-001516","1","spa"
"RD-001517-S01","Pañuelo, lienzo","RD-001517","1","spa"
"RD-001518-S01","vi Enclocarse (gallina)","RD-001518","1","spa"
"RD-001518-S02","vt Empollar","RD-001518","2","spa"
"RD-001519-S01","Puerto (entre las montañas)","RD-001519","1","spa"
"RD-001520-S01","Tener oídos","RD-001520","1","spa"
"RD-001521-S01","adj Sordo","RD-001521","1","spa"
"RD-001521-S02","Que tiene orejas (muy largas o muy chicas)","RD-001521","2","spa"
"RD-001522-S01","Querer, desear","RD-001522","1","spa"
"RD-001523-S01","Amarrar juntos","RD-001523","1","spa"
"RD-001524-S01","Despreciar","RD-001524","1","spa"
"RD-001524-S02","Odiar","RD-001524","2","spa"
"RD-001525-S01","Permitir","RD-001525","1","spa"
"RD-001526-S01","Llorar","RD-001526","1","spa"
"RD-001527-S01","Caracol","RD-001527","1","spa"
"RD-001528-S01","Llorón","RD-001528","1","spa"
"RD-001529-S01","Naranja","RD-001529","1","spa"
"RD-001530-S01","Recibir, aceptar","RD-001530","1","spa"
"RD-001531-S01","Saludar (con la mano, tocando el hombro)","RD-001531","1","spa"
"RD-001532-S01","Quebrarse (palo, pierna, cuerno)","RD-001532","1","spa"
"RD-001533-S01","Éste, ésta","RD-001533","1","spa"
"RD-001534-S01","Lobo","RD-001534","1","spa"
"RD-001535-S01","Lugar cerca (en el mismo nivel)","RD-001535","1","spa"
"RD-001536-S01","Quebrar","RD-001536","1","spa"
"RD-001537-S01","Lugar cerca (en el mismo nivel, escondido)","RD-001537","1","spa"
"RD-001538-S01","Con, también","RD-001538","1","spa"
"RD-001538-S02","Mezclado con","RD-001538","2","spa"
"RD-001539-S01","Araña","RD-001539","1","spa"
"RD-001540-S01","Hacerse enemigos","RD-001540","1","spa"
"RD-001541-S01","Tener flojera","RD-001541","1","spa"
"RD-001542-S01","Perezoso","RD-001542","1","spa"
"RD-001543-S01","Medio","RD-001543","1","spa"
"RD-001544-S01","Miércoles","RD-001544","1","spa"
"RD-001545-S01","Guardar, esconder","RD-001545","1","spa"
"RD-001546-S01","Mezclarse, revolver","RD-001546","1","spa"
"RD-001547-S01","Revuelto","RD-001547","1","spa"
"RD-001548-S01","Mezclar","RD-001548","1","spa"
"RD-001549-S01","Pensar","RD-001549","1","spa"
"RD-001550-S01","Perforar, taladrar","RD-001550","1","spa"
"RD-001551-S01","Tonto (no piensa bien)","RD-001551","1","spa"
"RD-001552-S01","Salir por el otro lado (después de perforarlo)","RD-001552","1","spa"
"RD-001553-S01","Pensador, inteligente","RD-001553","1","spa"
"RD-001554-S01","Difícil, trabajoso","RD-001554","1","spa"
"RD-001555-S01","Costoso, que vale","RD-001555","1","spa"
"RD-001556-S01","Cuesta","RD-001556","1","spa"
"RD-001557-S01","Encontrar","RD-001557","1","spa"
"RD-001558-S01","Listón (para el cabello)","RD-001558","1","spa"
"RD-001559-S01","Pagar","RD-001559","1","spa"
"RD-001560-S01","Pagar","RD-001560","1","spa"
"RD-001561-S01","Atajar","RD-001561","1","spa"
"RD-001562-S01","Paga, valor","RD-001562","1","spa"
"RD-001563-S01","Valer, costar","RD-001563","1","spa"
"RD-001564-S01","Tener lástima o compasión, compadecer","RD-001564","1","spa"
"RD-001565-S01","Encontrará","RD-001565","1","spa"
"RD-001566-S01","Mucho antes","RD-001566","1","spa"
"RD-001567-S01","Antepasado","RD-001567","1","spa"
"RD-001568-S01","Almas de los antepasados","RD-001568","1","spa"
"RD-001569-S01","Enfermarse, estar enfermo","RD-001569","1","spa"
"RD-001570-S01","Enfermo","RD-001570","1","spa"
"RD-001571-S01","Enfermedad","RD-001571","1","spa"
"RD-001572-S01","Poner enfermo","RD-001572","1","spa"
"RD-001573-S01","Ver","RD-001573","1","spa"
"RD-001574-S01","Mirar, observar","RD-001574","1","spa"
"RD-001575-S01","Cuando estaban viéndolo","RD-001575","1","spa"
"RD-001576-S01","Igual","RD-001576","1","spa"
"RD-001577-S01","Usar","RD-001577","1","spa"
"RD-001578-S01","Acordarse, recordar","RD-001578","1","spa"
"RD-001579-S01","Hacer recordar","RD-001579","1","spa"
"RD-001580-S01","Necesitar, hacer falta","RD-001580","1","spa"
"RD-001581-S01","Solamente se usa en sentido negativo; p. ej.: que nehuarita. Está loco, no piensa bien","RD-001581","1","spa"
"RD-001582-S01","Solamente se usa en sentido negativo; p. ej.: que nehuiquiri. Se desapareció","RD-001582","1","spa"
"RD-001583-S01","Estar mirando","RD-001583","1","spa"
"RD-001584-S01","Mirar","RD-001584","1","spa"
"RD-001585-S01","Voz","RD-001585","1","spa"
"RD-001586-S01","Hablar malas cosas","RD-001586","1","spa"
"RD-001586-S02","Ser hablador","RD-001586","2","spa"
"RD-001587-S01","Muchísimo","RD-001587","1","spa"
"RD-001588-S01","Mostrar","RD-001588","1","spa"
"RD-001589-S01","Ni uno","RD-001589","1","spa"
"RD-001590-S01","Ladrar","RD-001590","1","spa"
"RD-001591-S01","Estar orgulloso, vanagloriarse","RD-001591","1","spa"
"RD-001592-S01","Asesino, homicida","RD-001592","1","spa"
"RD-001593-S01","Hacer estorbo","RD-001593","1","spa"
"RD-001594-S01","Viéndolo, mirándolo","RD-001594","1","spa"
"RD-001595-S01","Ayudar, salvar","RD-001595","1","spa"
"RD-001596-S01","Hacer","RD-001596","1","spa"
"RD-001597-S01","Tener, poseer","RD-001597","1","spa"
"RD-001598-S01","Poseedor, rico","RD-001598","1","spa"
"RD-001599-S01","(posesión)","RD-001599","1","spa"
"RD-001600-S01","Hacerse","RD-001600","1","spa"
"RD-001601-S01","Estar haciéndose rico","RD-001601","1","spa"
"RD-001602-S01","Relampaguear","RD-001602","1","spa"
"RD-001603-S01","Comprador de maíz","RD-001603","1","spa"
"RD-001604-S01","Casarse","RD-001604","1","spa"
"RD-001605-S01","Hacer (alguna cosa)","RD-001605","1","spa"
"RD-001606-S01","Está haciéndose rico","RD-001606","1","spa"
"RD-001607-S01","Será, estará","RD-001607","1","spa"
"RD-001608-S01","Dar, entregar","RD-001608","1","spa"
"RD-001609-S01","Yo","RD-001609","1","spa"
"RD-001610-S01","Hacer caso","RD-001610","1","spa"
"RD-001610-S02","Contestar, responder","RD-001610","2","spa"
"RD-001611-S01","Dar, entregar, obsequiar","RD-001611","1","spa"
"RD-001612-S01","Le había dicho que le iba a dar","RD-001612","1","spa"
"RD-001613-S01","Estar luchando","RD-001613","1","spa"
"RD-001614-S01","Hacer caso, responder","RD-001614","1","spa"
"RD-001615-S01","Obedecer","RD-001615","1","spa"
"RD-001616-S01","Invitar (a ayudar en el trabajo)","RD-001616","1","spa"
"RD-001617-S01","Invitar (para tomar tesgüino)","RD-001617","1","spa"
"RD-001618-S01","Tener celos","RD-001618","1","spa"
"RD-001619-S01","Celoso","RD-001619","1","spa"
"RD-001620-S01","Yo a ti","RD-001620","1","spa"
"RD-001621-S01","Contradecir","RD-001621","1","spa"
"RD-001622-S01","Ver","RD-001622","1","spa"
"RD-001623-S01","Cobrar","RD-001623","1","spa"
"RD-001624-S01","Cobrador","RD-001624","1","spa"
"RD-001625-S01","Picar","RD-001625","1","spa"
"RD-001626-S01","Picador","RD-001626","1","spa"
"RD-001627-S01","Aullar (perros)","RD-001627","1","spa"
"RD-001628-S01","Parecer bien","RD-001628","1","spa"
"RD-001628-S02","Respetar","RD-001628","2","spa"
"RD-001629-S01","Como","RD-001629","1","spa"
"RD-001630-S01","Ser","RD-001630","1","spa"
"RD-001631-S01","Sean","RD-001631","1","spa"
"RD-001632-S01","Animar, dar fe","RD-001632","1","spa"
"RD-001633-S01","Jactancioso, vanidoso","RD-001633","1","spa"
"RD-001634-S01","Hay","RD-001634","1","spa"
"RD-001635-S01","Cuidar, pastorear","RD-001635","1","spa"
"RD-001636-S01","Pastor","RD-001636","1","spa"
"RD-001637-S01","Empujar (bueyes)","RD-001637","1","spa"
"RD-001637-S02","Aplastar","RD-001637","2","spa"
"RD-001638-S01","Patear (animal)","RD-001638","1","spa"
"RD-001639-S01","Adelantarse","RD-001639","1","spa"
"RD-001640-S01","Hacer sonidos (con la voz)","RD-001640","1","spa"
"RD-001641-S01","Soltar","RD-001641","1","spa"
"RD-001642-S01","Vencer, ganar","RD-001642","1","spa"
"RD-001643-S01","Soltarse, escaparse","RD-001643","1","spa"
"RD-001644-S01","Hijo (en relación al padre)","RD-001644","1","spa"
"RD-001645-S01","Confiar","RD-001645","1","spa"
"RD-001646-S01","Admirar","RD-001646","1","spa"
"RD-001647-S01","Moverse","RD-001647","1","spa"
"RD-001648-S01","Moverse","RD-001648","1","spa"
"RD-001649-S01","Moverse, temblar","RD-001649","1","spa"
"RD-001650-S01","Que se puede mover","RD-001650","1","spa"
"RD-001651-S01","Mover (ir)","RD-001651","1","spa"
"RD-001652-S01","Comezar a decir","RD-001652","1","spa"
"RD-001653-S01","Seguir haciendo algo","RD-001653","1","spa"
"RD-001654-S01","Tentar, tocar (con la mano)","RD-001654","1","spa"
"RD-001655-S01","Trabajar","RD-001655","1","spa"
"RD-001656-S01","Obrero, trabajador","RD-001656","1","spa"
"RD-001657-S01","Poner a trabajar, ocupar","RD-001657","1","spa"
"RD-001658-S01","Emplear","RD-001658","1","spa"
"RD-001659-S01","Difícil","RD-001659","1","spa"
"RD-001660-S01","Trabajo","RD-001660","1","spa"
"RD-001661-S01","A trabajar (varios)","RD-001661","1","spa"
"RD-001662-S01","Casi","RD-001662","1","spa"
"RD-001663-S01","Tener un hijo (hombre)","RD-001663","1","spa"
"RD-001664-S01","Gorgojo de la tierra","RD-001664","1","spa"
"RD-001665-S01","Orgulloso","RD-001665","1","spa"
"RD-001666-S01","Inundar","RD-001666","1","spa"
"RD-001667-S01","Cubrir (con agua)","RD-001667","1","spa"
"RD-001668-S01","Mover","RD-001668","1","spa"
"RD-001669-S01","Casi","RD-001669","1","spa"
"RD-001670-S01","Traer","RD-001670","1","spa"
"RD-001671-S01","Marchante (uno con quien trata la compra o venta)","RD-001671","1","spa"
"RD-001672-S01","Rodear","RD-001672","1","spa"
"RD-001673-S01","Estar nublado","RD-001673","1","spa"
"RD-001674-S01","Nublarse","RD-001674","1","spa"
"RD-001675-S01","Dar vuelta","RD-001675","1","spa"
"RD-001676-S01","Ir alrededor, rodear","RD-001676","1","spa"
"RD-001677-S01","Nube","RD-001677","1","spa"
"RD-001678-S01","Vuelta","RD-001678","1","spa"
"RD-001679-S01","Alrededor","RD-001679","1","spa"
"RD-001680-S01","Volver, venir","RD-001680","1","spa"
"RD-001681-S01","Andar dando vueltas","RD-001681","1","spa"
"RD-001682-S01","Semana santa","RD-001682","1","spa"
"RD-001683-S01","Ocultarse (al pasar al otro lado)","RD-001683","1","spa"
"RD-001684-S01","Desaparecerse (al pasar al otro lado del cerro)","RD-001684","1","spa"
"RD-001685-S01","Descomponer, echar a perder","RD-001685","1","spa"
"RD-001686-S01","Descomponerse","RD-001686","1","spa"
"RD-001687-S01","Que sigue a otro constantemente porque lo quiere","RD-001687","1","spa"
"RD-001688-S01","Mandar, ordenar","RD-001688","1","spa"
"RD-001689-S01","Ley, mandamiento","RD-001689","1","spa"
"RD-001690-S01","Mandar (a otro)","RD-001690","1","spa"
"RD-001691-S01","El que manda (a otro)","RD-001691","1","spa"
"RD-001692-S01","Guardar, retener","RD-001692","1","spa"
"RD-001692-S02","Alzar","RD-001692","2","spa"
"RD-001692-S03","Tener comida","RD-001692","3","spa"
"RD-001693-S01","Lonche, merienda","RD-001693","1","spa"
"RD-001694-S01","Doler","RD-001694","1","spa"
"RD-001695-S01","Pino","RD-001695","1","spa"
"RD-001696-S01","Dormir","RD-001696","1","spa"
"RD-001697-S01","Corcové","RD-001697","1","spa"
"RD-001698-S01","En dos partes","RD-001698","1","spa"
"RD-001699-S01","Hojarasca de pino","RD-001699","1","spa"
"RD-001700-S01","De (desde)","RD-001700","1","spa"
"RD-001701-S01","Dos","RD-001701","1","spa"
"RD-001702-S01","Estar plano","RD-001702","1","spa"
"RD-001703-S01","Criar","RD-001703","1","spa"
"RD-001704-S01","Tener huesos","RD-001704","1","spa"
"RD-001705-S01","Crecer","RD-001705","1","spa"
"RD-001705-S02","Envejecer (hombre)","RD-001705","2","spa"
"RD-001706-S01","Viejos, ancianos","RD-001706","1","spa"
"RD-001707-S01","adj Viejo (de hombres)","RD-001707","1","spa"
"RD-001707-S02","s Un viejo","RD-001707","2","spa"
"RD-001708-S01","Hueso","RD-001708","1","spa"
"RD-001709-S01","Abuelo paterno","RD-001709","1","spa"
"RD-001709-S02","Nieto (del abuelo paterno)","RD-001709","2","spa"
"RD-001710-S01","Pegar (con la mano)","RD-001710","1","spa"
"RD-001711-S01","Chamuscar","RD-001711","1","spa"
"RD-001712-S01","Quemarse (comida o alguna cosa dejada cerca de la lumbre)","RD-001712","1","spa"
"RD-001713-S01","Mugriento","RD-001713","1","spa"
"RD-001714-S01","Barro","RD-001714","1","spa"
"RD-001715-S01","Flecha","RD-001715","1","spa"
"RD-001716-S01","Medicina, remedio","RD-001716","1","spa"
"RD-001717-S01","Grande","RD-001717","1","spa"
"RD-001717-S02","Ruidoso, fuerte, recio","RD-001717","2","spa"
"RD-001718-S01","Los grandes, los jefes","RD-001718","1","spa"
"RD-001719-S01","Invitar","RD-001719","1","spa"
"RD-001720-S01","Lazar, enlazar (un animal)","RD-001720","1","spa"
"RD-001721-S01","Zurdo","RD-001721","1","spa"
"RD-001722-S01","Levantar (p. ej.: costal de maíz, piedra grande)","RD-001722","1","spa"
"RD-001723-S01","Levantarse","RD-001723","1","spa"
"RD-001724-S01","Comenzar","RD-001724","1","spa"
"RD-001725-S01","Izquierdo","RD-001725","1","spa"
"RD-001726-S01","Respetar, obedecer","RD-001726","1","spa"
"RD-001727-S01","Dar comida (regalada)","RD-001727","1","spa"
"RD-001728-S01","Macho","RD-001728","1","spa"
"RD-001729-S01","Oso","RD-001729","1","spa"
"RD-001730-S01","También","RD-001730","1","spa"
"RD-001731-S01","En todas partes (donde hay gente)","RD-001731","1","spa"
"RD-001732-S01","Hacer fiesta","RD-001732","1","spa"
"RD-001733-S01","Fiesta","RD-001733","1","spa"
"RD-001734-S01","Domingo","RD-001734","1","spa"
"RD-001735-S01","Vencer","RD-001735","1","spa"
"RD-001736-S01","Ser venenoso","RD-001736","1","spa"
"RD-001737-S01","Estar difícil","RD-001737","1","spa"
"RD-001738-S01","Poder","RD-001738","1","spa"
"RD-001739-S01","Poderoso","RD-001739","1","spa"
"RD-001740-S01","Poder","RD-001740","1","spa"
"RD-001741-S01","Estar triste","RD-001741","1","spa"
"RD-001742-S01","Triste","RD-001742","1","spa"
"RD-001743-S01","Doctor, médico","RD-001743","1","spa"
"RD-001744-S01","Tener padre","RD-001744","1","spa"
"RD-001745-S01","Padre (del hijo)","RD-001745","1","spa"
"RD-001746-S01","Estar enojado","RD-001746","1","spa"
"RD-001747-S01","Tener costumbre de hacerlo","RD-001747","1","spa"
"RD-001748-S01","Dios padre","RD-001748","1","spa"
"RD-001749-S01","Tener costumbre de hacerlo","RD-001749","1","spa"
"RD-001750-S01","Vomitar, basquear","RD-001750","1","spa"
"RD-001751-S01","Arrancar, sacar","RD-001751","1","spa"
"RD-001752-S01","Hueco","RD-001752","1","spa"
"RD-001753-S01","Tía (hermana menor del padre)","RD-001753","1","spa"
"RD-001754-S01","Rata de zacate","RD-001754","1","spa"
"RD-001755-S01","Hacer, obrar","RD-001755","1","spa"
"RD-001756-S01","Desgranar maíz","RD-001756","1","spa"
"RD-001757-S01","Tener filo","RD-001757","1","spa"
"RD-001758-S01","Afilado","RD-001758","1","spa"
"RD-001759-S01","Afilar","RD-001759","1","spa"
"RD-001760-S01","Querer","RD-001760","1","spa"
"RD-001761-S01","Huella","RD-001761","1","spa"
"RD-001762-S01","Ladear (un pino, un poste)","RD-001762","1","spa"
"RD-001763-S01","Español","RD-001763","1","spa"
"RD-001764-S01","Tambalearse","RD-001764","1","spa"
"RD-001765-S01","Táscate (árbol de la familia del cedro)","RD-001765","1","spa"
"RD-001766-S01","Español, mestizo","RD-001766","1","spa"
"RD-001767-S01","Hacer así","RD-001767","1","spa"
"RD-001768-S01","Curar","RD-001768","1","spa"
"RD-001769-S01","Gemir (perro)","RD-001769","1","spa"
"RD-001770-S01","Ladear","RD-001770","1","spa"
"RD-001771-S01","Quebrar","RD-001771","1","spa"
"RD-001772-S01","Plato regional (maíz blando remolido, y cocido en agua como un atole muy espeso)","RD-001772","1","spa"
"RD-001773-S01","Escribir","RD-001773","1","spa"
"RD-001774-S01","Segundo","RD-001774","1","spa"
"RD-001775-S01","Escribir","RD-001775","1","spa"
"RD-001775-S02","Pintarse, marcar (con cal)","RD-001775","2","spa"
"RD-001776-S01","Papel, carta","RD-001776","1","spa"
"RD-001777-S01","Tipo de quelite de agua","RD-001777","1","spa"
"RD-001778-S01","Muela","RD-001778","1","spa"
"RD-001779-S01","Canasta grande","RD-001779","1","spa"
"RD-001780-S01","Rama grande","RD-001780","1","spa"
"RD-001781-S01","Echar ramas grandes (árbol)","RD-001781","1","spa"
"RD-001782-S01","Tener ramas grandes","RD-001782","1","spa"
"RD-001783-S01","Enramada","RD-001783","1","spa"
"RD-001784-S01","Derecho","RD-001784","1","spa"
"RD-001785-S01","Curandero, médico","RD-001785","1","spa"
"RD-001786-S01","Regañar","RD-001786","1","spa"
"RD-001786-S02","Dar consejos (como cuando hacen justicia)","RD-001786","2","spa"
"RD-001787-S01","Vomitar, basquear","RD-001787","1","spa"
"RD-001788-S01","Poco a poco","RD-001788","1","spa"
"RD-001789-S01","Pájaro carpintero","RD-001789","1","spa"
"RD-001790-S01","Tener ganas de vomitar","RD-001790","1","spa"
"RD-001791-S01","Traer","RD-001791","1","spa"
"RD-001792-S01","Tirar","RD-001792","1","spa"
"RD-001793-S01","Arriba","RD-001793","1","spa"
"RD-001794-S01","Lavar (trastos u otras cosas)","RD-001794","1","spa"
"RD-001795-S01","Acarrear (en la espalda)","RD-001795","1","spa"
"RD-001796-S01","Colar (p. ej.: café, leche, agua)","RD-001796","1","spa"
"RD-001797-S01","Adentro","RD-001797","1","spa"
"RD-001798-S01","Dentro, por adentro","RD-001798","1","spa"
"RD-001799-S01","s Elote, mazorca","RD-001799","1","spa"
"RD-001799-S02","vi Hay elotes","RD-001799","2","spa"
"RD-001800-S01","Remendar","RD-001800","1","spa"
"RD-001801-S01","Gotear","RD-001801","1","spa"
"RD-001802-S01","Lavar","RD-001802","1","spa"
"RD-001802-S02","Bautizar","RD-001802","2","spa"
"RD-001803-S01","El que bautiza","RD-001803","1","spa"
"RD-001804-S01","El día anterior","RD-001804","1","spa"
"RD-001805-S01","Gente","RD-001805","1","spa"
"RD-001806-S01","Remojar","RD-001806","1","spa"
"RD-001807-S01","Que tiene granos el atole","RD-001807","1","spa"
"RD-001808-S01","Querer traer","RD-001808","1","spa"
"RD-001809-S01","Arriba (en la falda)","RD-001809","1","spa"
"RD-001810-S01","Lavarse las manos","RD-001810","1","spa"
"RD-001811-S01","Por allí más arriba","RD-001811","1","spa"
"RD-001812-S01","Echar, tirar","RD-001812","1","spa"
"RD-001813-S01","Remojar","RD-001813","1","spa"
"RD-001814-S01","Zorrillo","RD-001814","1","spa"
"RD-001815-S01","Echado","RD-001815","1","spa"
"RD-001816-S01","Zanja (donde se junta agua de arriba), aguaje, ojo de agua","RD-001816","1","spa"
"RD-001817-S01","Zorrillo pinto","RD-001817","1","spa"
"RD-001818-S01","Poco","RD-001818","1","spa"
"RD-001819-S01","Extender (para dormir)","RD-001819","1","spa"
"RD-001820-S01","Hacerse pedazos","RD-001820","1","spa"
"RD-001821-S01","Revisar","RD-001821","1","spa"
"RD-001822-S01","Por favor","RD-001822","1","spa"
"RD-001823-S01","Chaparro","RD-001823","1","spa"
"RD-001823-S02","Un rato","RD-001823","2","spa"
"RD-001824-S01","Demoran","RD-001824","1","spa"
"RD-001825-S01","Tendidos (para dormir)","RD-001825","1","spa"
"RD-001826-S01","Poquito","RD-001826","1","spa"
"RD-001827-S01","Fumar","RD-001827","1","spa"
"RD-001828-S01","Cigarro","RD-001828","1","spa"
"RD-001829-S01","Aprender","RD-001829","1","spa"
"RD-001830-S01","vt Poner (carona a la bestia)","RD-001830","1","spa"
"RD-001830-S02","s Carona","RD-001830","2","spa"
"RD-001831-S01","Petate","RD-001831","1","spa"
"RD-001832-S01","Por favor","RD-001832","1","spa"
"RD-001833-S01","Zambullirse","RD-001833","1","spa"
"RD-001834-S01","Formarse un remolino","RD-001834","1","spa"
"RD-001835-S01","Remolino","RD-001835","1","spa"
"RD-001836-S01","Hasta","RD-001836","1","spa"
"RD-001837-S01","Barrer","RD-001837","1","spa"
"RD-001838-S01","Escoba","RD-001838","1","spa"
"RD-001839-S01","Zorrillo (chico, pinto), gato de algalia","RD-001839","1","spa"
"RD-001840-S01","Fumador","RD-001840","1","spa"
"RD-001841-S01","Remoler","RD-001841","1","spa"
"RD-001842-S01","Peón","RD-001842","1","spa"
"RD-001843-S01","Quitar el aparejo","RD-001843","1","spa"
"RD-001844-S01","Vivir, morar, habitar","RD-001844","1","spa"
"RD-001845-S01","Moradores, los que viven","RD-001845","1","spa"
"RD-001846-S01","¿Qué?","RD-001846","1","spa"
"RD-001847-S01","En la laja (en el cerro)","RD-001847","1","spa"
"RD-001848-S01","Brincar","RD-001848","1","spa"
"RD-001849-S01","Pescar con anzuelo","RD-001849","1","spa"
"RD-001850-S01","Cubrir, tapar","RD-001850","1","spa"
"RD-001851-S01","Destapar","RD-001851","1","spa"
"RD-001852-S01","Llenarse (comiendo)","RD-001852","1","spa"
"RD-001853-S01","Estar desabrido (como maíz podrido)","RD-001853","1","spa"
"RD-001854-S01","Ponerse una faja","RD-001854","1","spa"
"RD-001855-S01","Faisán","RD-001855","1","spa"
"RD-001856-S01","Soplar","RD-001856","1","spa"
"RD-001857-S01","Tener, poseer (muchos animales)","RD-001857","1","spa"
"RD-001858-S01","Posesor (de animales)","RD-001858","1","spa"
"RD-001859-S01","Irse a ceñir","RD-001859","1","spa"
"RD-001860-S01","Cinturón, faja","RD-001860","1","spa"
"RD-001861-S01","Fue, era, siendo","RD-001861","1","spa"
"RD-001862-S01","Hija grande (dice la madre)","RD-001862","1","spa"
"RD-001863-S01","Retumbar","RD-001863","1","spa"
"RD-001864-S01","Masticar","RD-001864","1","spa"
"RD-001865-S01","tuyo","RD-001865","1","spa"
"RD-001866-S01","pron pos Mío, mía","RD-001866","1","spa"
"RD-001866-S02","adj pos Mi, mis","RD-001866","2","spa"
"RD-001867-S01","Su, sus (de él, de ella)","RD-001867","1","spa"
"RD-001868-S01","adv Quizá, quizás, tal vez","RD-001868","1","spa"
"RD-001868-S02","conj O","RD-001868","2","spa"
"RD-001869-S01","Nuestro, nuestra","RD-001869","1","spa"
"RD-001870-S01","Su, sus (de ustedes)","RD-001870","1","spa"
"RD-001871-S01","No","RD-001871","1","spa"
"RD-001872-S01","Siete","RD-001872","1","spa"
"RD-001873-S01","Setenta","RD-001873","1","spa"
"RD-001874-S01","Aborrecer","RD-001874","1","spa"
"RD-001875-S01","Hacer cosquillas (a otro)","RD-001875","1","spa"
"RD-001876-S01","Traer leña","RD-001876","1","spa"
"RD-001877-S01","s Cobija","RD-001877","1","spa"
"RD-001877-S02","vi Taparse con una cobija","RD-001877","2","spa"
"RD-001878-S01","Nueve","RD-001878","1","spa"
"RD-001879-S01","Noveno","RD-001879","1","spa"
"RD-001880-S01","Noventa","RD-001880","1","spa"
"RD-001881-S01","Tener cobija","RD-001881","1","spa"
"RD-001882-S01","Sábana (para arroparse)","RD-001882","1","spa"
"RD-001883-S01","Morder (muchas veces)","RD-001883","1","spa"
"RD-001884-S01","Acá, por acá","RD-001884","1","spa"
"RD-001885-S01","Después de lo acontecido","RD-001885","1","spa"
"RD-001886-S01","Nevar","RD-001886","1","spa"
"RD-001887-S01","Nieve","RD-001887","1","spa"
"RD-001888-S01","Escuchar","RD-001888","1","spa"
"RD-001889-S01","¿Cuánto?","RD-001889","1","spa"
"RD-001890-S01","Calmarse (tempestad)","RD-001890","1","spa"
"RD-001891-S01","Hija (de una mujer)","RD-001891","1","spa"
"RD-001892-S01","Crujir los dientes","RD-001892","1","spa"
"RD-001893-S01","Quieto, silencio","RD-001893","1","spa"
"RD-001894-S01","vi Cocer quelites","RD-001894","1","spa"
"RD-001894-S02","Juntar quelites","RD-001894","2","spa"
"RD-001895-S01","Acallar","RD-001895","1","spa"
"RD-001895-S02","Reprender","RD-001895","2","spa"
"RD-001895-S03","Prohibir","RD-001895","3","spa"
"RD-001896-S01","Cordón alto, cordillera, cerro","RD-001896","1","spa"
"RD-001897-S01","Tener calambre","RD-001897","1","spa"
"RD-001898-S01","Entumido","RD-001898","1","spa"
"RD-001899-S01","Semilla","RD-001899","1","spa"
"RD-001900-S01","Quitar las semillas","RD-001900","1","spa"
"RD-001901-S01","Lirio colorado","RD-001901","1","spa"
"RD-001902-S01","Llevar (en un trapo), envolver","RD-001902","1","spa"
"RD-001903-S01","Palma alta de las barrancas","RD-001903","1","spa"
"RD-001904-S01","Aplastarse","RD-001904","1","spa"
"RD-001905-S01","Aplastar","RD-001905","1","spa"
"RD-001906-S01","Estar pando","RD-001906","1","spa"
"RD-001907-S01","Asentarse (p. ej.: café, pinole)","RD-001907","1","spa"
"RD-001908-S01","Conocer (un lugar)","RD-001908","1","spa"
"RD-001909-S01","Ligamento","RD-001909","1","spa"
"RD-001910-S01","Día","RD-001910","1","spa"
"RD-001911-S01","s Pecho","RD-001911","1","spa"
"RD-001911-S02","vi Volver (el pecho hacia)","RD-001911","2","spa"
"RD-001912-S01","Gavilán negro","RD-001912","1","spa"
"RD-001913-S01","Mediodía","RD-001913","1","spa"
"RD-001914-S01","Que tiene apetito","RD-001914","1","spa"
"RD-001915-S01","Hablar, platicar","RD-001915","1","spa"
"RD-001916-S01","Hablador","RD-001916","1","spa"
"RD-001917-S01","Idioma","RD-001917","1","spa"
"RD-001918-S01","Palabra","RD-001918","1","spa"
"RD-001919-S01","Gustar (comida)","RD-001919","1","spa"
"RD-001920-S01","Alumbrar, arder, quemar","RD-001920","1","spa"
"RD-001921-S01","Ardiente","RD-001921","1","spa"
"RD-001922-S01","Peñasco","RD-001922","1","spa"
"RD-001923-S01","Encender ocote (para alumbrar)","RD-001923","1","spa"
"RD-001924-S01","Tener espinas (un tipo de oruga)","RD-001924","1","spa"
"RD-001925-S01","Prender, arder","RD-001925","1","spa"
"RD-001926-S01","Vela","RD-001926","1","spa"
"RD-001927-S01","Derramarse","RD-001927","1","spa"
"RD-001928-S01","Extender, esparcir","RD-001928","1","spa"
"RD-001929-S01","Diente","RD-001929","1","spa"
"RD-001930-S01","Ponerse negro por un golpe","RD-001930","1","spa"
"RD-001931-S01","Hacer bromas (con las cuñadas)","RD-001931","1","spa"
"RD-001932-S01","vt Parir","RD-001932","1","spa"
"RD-001932-S02","s Hijo","RD-001932","2","spa"
"RD-001933-S01","Sonar (oír ruido)","RD-001933","1","spa"
"RD-001934-S01","Tirar (con rifle)","RD-001934","1","spa"
"RD-001935-S01","Tener hijo","RD-001935","1","spa"
"RD-001936-S01","Talón, calcañar","RD-001936","1","spa"
"RD-001937-S01","Ortiga","RD-001937","1","spa"
"RD-001938-S01","Agacharse","RD-001938","1","spa"
"RD-001939-S01","Rajarse, partirse","RD-001939","1","spa"
"RD-001940-S01","Rajar, partir","RD-001940","1","spa"
"RD-001941-S01","Ayer","RD-001941","1","spa"
"RD-001942-S01","Rendija","RD-001942","1","spa"
"RD-001943-S01","Laja","RD-001943","1","spa"
"RD-001944-S01","Rebanar (la carne para hacer cecina)","RD-001944","1","spa"
"RD-001945-S01","Arreglar un patio para bailar","RD-001945","1","spa"
"RD-001946-S01","Hay laja","RD-001946","1","spa"
"RD-001947-S01","Rastrillo para limpiar el patio","RD-001947","1","spa"
"RD-001948-S01","Patio","RD-001948","1","spa"
"RD-001949-S01","Darse semilla o fruta, producir","RD-001949","1","spa"
"RD-001950-S01","Empujar","RD-001950","1","spa"
"RD-001951-S01","Desparramarse, extenderse","RD-001951","1","spa"
"RD-001952-S01","Desparramar, extender","RD-001952","1","spa"
"RD-001953-S01","Comprar","RD-001953","1","spa"
"RD-001954-S01","Pie","RD-001954","1","spa"
"RD-001955-S01","Correr con la bola","RD-001955","1","spa"
"RD-001956-S01","vt Rayar (un pino por un rayo)","RD-001956","1","spa"
"RD-001956-S02","vi Caer un rayo","RD-001956","2","spa"
"RD-001957-S01","Tarahumara, gente","RD-001957","1","spa"
"RD-001958-S01","Vender (cosa específica)","RD-001958","1","spa"
"RD-001959-S01","Vender","RD-001959","1","spa"
"RD-001960-S01","Machucarse","RD-001960","1","spa"
"RD-001961-S01","Blando","RD-001961","1","spa"
"RD-001962-S01","Machucar","RD-001962","1","spa"
"RD-001963-S01","Desobediente, que no hace caso; sigue haciendo lo mismo","RD-001963","1","spa"
"RD-001964-S01","Oxidarse","RD-001964","1","spa"
"RD-001965-S01","Ligamentos de rodilla","RD-001965","1","spa"
"RD-001966-S01","Deslumbrar","RD-001966","1","spa"
"RD-001967-S01","Calentarse (al sol)","RD-001967","1","spa"
"RD-001968-S01","Fibra de maguey","RD-001968","1","spa"
"RD-001969-S01","Hacer calor","RD-001969","1","spa"
"RD-001970-S01","Tirar con rifle","RD-001970","1","spa"
"RD-001971-S01","Relumbrar, resplandecer, brillar mucho","RD-001971","1","spa"
"RD-001972-S01","Calentar","RD-001972","1","spa"
"RD-001973-S01","Brillante","RD-001973","1","spa"
"RD-001974-S01","Tirar con rifle","RD-001974","1","spa"
"RD-001974-S02","Agujerear","RD-001974","2","spa"
"RD-001975-S01","Tener calentura","RD-001975","1","spa"
"RD-001976-S01","Tío, tía (hermano, hermana menor de la madre)","RD-001976","1","spa"
"RD-001976-S02","Primo, prima (hermano, hermana menor de la madre)","RD-001976","2","spa"
"RD-001977-S01","Hacer sol, brillar sol","RD-001977","1","spa"
"RD-001978-S01","El sol","RD-001978","1","spa"
"RD-001979-S01","Poner acostado (una cosa)","RD-001979","1","spa"
"RD-001980-S01","Tierra blanca (se usa para pintarse en las fiestas)","RD-001980","1","spa"
"RD-001981-S01","Tumbar (buey, persona)","RD-001981","1","spa"
"RD-001982-S01","Comadreja","RD-001982","1","spa"
"RD-001983-S01","Pedernal, piedra blanca (muy dura, sieve para picar el metate)","RD-001983","1","spa"
"RD-001984-S01","Tener troja (reg.: troj)","RD-001984","1","spa"
"RD-001985-S01","Troja (reg.: troje)","RD-001985","1","spa"
"RD-001986-S01","Hacerse un hoyito redondo","RD-001986","1","spa"
"RD-001987-S01","Frijol grande, colorado","RD-001987","1","spa"
"RD-001988-S01","Hacer un hoyito redondo en la laja blanca","RD-001988","1","spa"
"RD-001989-S01","Emborracharse","RD-001989","1","spa"
"RD-001990-S01","Peñasco, picacho","RD-001990","1","spa"
"RD-001991-S01","Grillo","RD-001991","1","spa"
"RD-001992-S01","Rana verde, grande (canta en primavera)","RD-001992","1","spa"
"RD-001993-S01","Lo emborrachó","RD-001993","1","spa"
"RD-001994-S01","Borracho","RD-001994","1","spa"
"RD-001995-S01","Rana grande, oscura","RD-001995","1","spa"
"RD-001996-S01","Tío (hermano menor del padre)","RD-001996","1","spa"
"RD-001997-S01","Estar pando, pandearse","RD-001997","1","spa"
"RD-001998-S01","Jugar","RD-001998","1","spa"
"RD-001999-S01","Malgastar","RD-001999","1","spa"
"RD-001999-S02","Jugar","RD-001999","2","spa"
"RD-002000-S01","Ver, hallar","RD-002000","1","spa"
"RD-002001-S01","Nombre","RD-002001","1","spa"
"RD-002002-S01","Hacerse liso","RD-002002","1","spa"
"RD-002003-S01","Alisar, aplanar, cepillar","RD-002003","1","spa"
"RD-002004-S01","Nombrar","RD-002004","1","spa"
"RD-002005-S01","Tener vergüenza","RD-002005","1","spa"
"RD-002006-S01","Cuesta arriba","RD-002006","1","spa"
"RD-002007-S01","Mostrarse","RD-002007","1","spa"
"RD-002008-S01","En el cielo, en la gloria","RD-002008","1","spa"
"RD-002009-S01","Cuesta arriba","RD-002009","1","spa"
"RD-002010-S01","Mostrar","RD-002010","1","spa"
"RD-002011-S01","Para arriba en la falda","RD-002011","1","spa"
"RD-002012-S01","Nopal castilla","RD-002012","1","spa"
"RD-002013-S01","Viéndolo","RD-002013","1","spa"
"RD-002014-S01","Gemir, lanzar quejas","RD-002014","1","spa"
"RD-002015-S01","Limpiar (frijol)","RD-002015","1","spa"
"RD-002016-S01","Echarse a perder","RD-002016","1","spa"
"RD-002016-S02","Desperdiciar","RD-002016","2","spa"
"RD-002017-S01","Gemir","RD-002017","1","spa"
"RD-002018-S01","Para arriba","RD-002018","1","spa"
"RD-002019-S01","Jugador","RD-002019","1","spa"
"RD-002020-S01","Arroyo (lugar desgastado por el agua)","RD-002020","1","spa"
"RD-002021-S01","Desgastarse (tierra por las lluvias)","RD-002021","1","spa"
"RD-002022-S01","Granizo","RD-002022","1","spa"
"RD-002023-S01","Mentar (el nombre de otro, en su presencia)","RD-002023","1","spa"
"RD-002023-S02","poner apellido","RD-002023","2","spa"
"RD-002024-S01","Jugar cuatro, jugar teja","RD-002024","1","spa"
"RD-002025-S01","Hermano","RD-002025","1","spa"
"RD-002026-S01","Tener hermano","RD-002026","1","spa"
"RD-002027-S01","Grajea (reg.), cellisca","RD-002027","1","spa"
"RD-002028-S01","Vivir allí (un hombre)","RD-002028","1","spa"
"RD-002029-S01","Lugar donde vive gente","RD-002029","1","spa"
"RD-002030-S01","¡Que vivan!","RD-002030","1","spa"
"RD-002031-S01","Aguantar (mucho)","RD-002031","1","spa"
"RD-002032-S01","Hombre","RD-002032","1","spa"
"RD-002033-S01","Joven","RD-002033","1","spa"
"RD-002034-S01","vt Hacer tortillas","RD-002034","1","spa"
"RD-002034-S02","s Tortilla","RD-002034","2","spa"
"RD-002035-S01","Curandero (lleva un crucifijo)","RD-002035","1","spa"
"RD-002035-S02","Crucifijo","RD-002035","2","spa"
"RD-002036-S01","Pisotear, trillar (trigo)","RD-002036","1","spa"
"RD-002037-S01","Sapo, rana","RD-002037","1","spa"
"RD-002038-S01","Pedregal","RD-002038","1","spa"
"RD-002039-S01","Soñar","RD-002039","1","spa"
"RD-002040-S01","Nivelar","RD-002040","1","spa"
"RD-002041-S01","Estar parejo","RD-002041","1","spa"
"RD-002042-S01","Boca arriba","RD-002042","1","spa"
"RD-002043-S01","Abrir (la boca)","RD-002043","1","spa"
"RD-002044-S01","Parejo","RD-002044","1","spa"
"RD-002045-S01","Voltear","RD-002045","1","spa"
"RD-002046-S01","Al revés","RD-002046","1","spa"
"RD-002047-S01","Voltearse","RD-002047","1","spa"
"RD-002048-S01","Revolcarse","RD-002048","1","spa"
"RD-002049-S01","Caerse (de espaldas)","RD-002049","1","spa"
"RD-002050-S01","Emparejar, hacer parejo","RD-002050","1","spa"
"RD-002050-S02","Entarimar","RD-002050","2","spa"
"RD-002051-S01","Lugar del patio donde está arreglado parejo","RD-002051","1","spa"
"RD-002052-S01","Boca","RD-002052","1","spa"
"RD-002053-S01","Un tipo de serpiente (larga, muy ligera, de color negro)","RD-002053","1","spa"
"RD-002054-S01","Tronar el cielo","RD-002054","1","spa"
"RD-002055-S01","Iglesia, templo","RD-002055","1","spa"
"RD-002056-S01","Dios","RD-002056","1","spa"
"RD-002057-S01","Arriba","RD-002057","1","spa"
"RD-002058-S01","Rascar","RD-002058","1","spa"
"RD-002059-S01","Para arriba (un poco lejos)","RD-002059","1","spa"
"RD-002060-S01","Loma","RD-002060","1","spa"
"RD-002061-S01","Quedar","RD-002061","1","spa"
"RD-002062-S01","Saltapared (pájaro)","RD-002062","1","spa"
"RD-002063-S01","En la laja","RD-002063","1","spa"
"RD-002064-S01","Cuchillo","RD-002064","1","spa"
"RD-002065-S01","Espalda","RD-002065","1","spa"
"RD-002066-S01","Despedir","RD-002066","1","spa"
"RD-002067-S01","Tuza","RD-002067","1","spa"
"RD-002068-S01","Tronarse, cortarse","RD-002068","1","spa"
"RD-002069-S01","Montón (de piedras y palos que echan al lado del camino o en un puerto entre las montañas)","RD-002069","1","spa"
"RD-002070-S01","Basura, abono","RD-002070","1","spa"
"RD-002071-S01","Pulga","RD-002071","1","spa"
"RD-002072-S01","Trozar, cortar (con hacha)","RD-002072","1","spa"
"RD-002073-S01","Hacha","RD-002073","1","spa"
"RD-002074-S01","1. vt Pisar","RD-002074","1","spa"
"RD-002075-S01","2. imper ¡Ponlo acostado!","RD-002075","1","spa"
"RD-002076-S01","Acornear","RD-002076","1","spa"
"RD-002077-S01","Bajar (de arriba)","RD-002077","1","spa"
"RD-002077-S02","ir cuesta abajo (fig.)","RD-002077","2","spa"
"RD-002078-S01","Abajo","RD-002078","1","spa"
"RD-002079-S01","Por abajo","RD-002079","1","spa"
"RD-002080-S01","Sur","RD-002080","1","spa"
"RD-002081-S01","De abajo","RD-002081","1","spa"
"RD-002082-S01","Más abajo","RD-002082","1","spa"
"RD-002083-S01","Por el lado de abajo","RD-002083","1","spa"
"RD-002084-S01","Lucero","RD-002084","1","spa"
"RD-002085-S01","Papas","RD-002085","1","spa"
"RD-002086-S01","Eructar","RD-002086","1","spa"
"RD-002086-S02","Zumbar","RD-002086","2","spa"
"RD-002087-S01","Licencia, permiso","RD-002087","1","spa"
"RD-002088-S01","Conceder, autorizar, permitir","RD-002088","1","spa"
"RD-002089-S01","Cansarse","RD-002089","1","spa"
"RD-002090-S01","Cansar","RD-002090","1","spa"
"RD-002091-S01","Miserable, tacaño","RD-002091","1","spa"
"RD-002092-S01","Cueva","RD-002092","1","spa"
"RD-002093-S01","Están cayendo (muchas cosas)","RD-002093","1","spa"
"RD-002094-S01","Pobre","RD-002094","1","spa"
"RD-002095-S01","Sufrir","RD-002095","1","spa"
"RD-002096-S01","Piedra","RD-002096","1","spa"
"RD-002097-S01","Patear","RD-002097","1","spa"
"RD-002098-S01","El que ve","RD-002098","1","spa"
"RD-002099-S01","Bostezar","RD-002099","1","spa"
"RD-002100-S01","Ver","RD-002100","1","spa"
"RD-002101-S01","Hermanos","RD-002101","1","spa"
"RD-002102-S01","Helarse","RD-002102","1","spa"
"RD-002103-S01","Mirar, admirar","RD-002103","1","spa"
"RD-002104-S01","Tecolote grande (blanco y amarillento)","RD-002104","1","spa"
"RD-002105-S01","Hay hierba (de toda clase)","RD-002105","1","spa"
"RD-002106-S01","Donde hay hierbas","RD-002106","1","spa"
"RD-002107-S01","Crecer muchas hierbas","RD-002107","1","spa"
"RD-002108-S01","Jugar","RD-002108","1","spa"
"RD-002109-S01","Tronar","RD-002109","1","spa"
"RD-002110-S01","Estar hondo","RD-002110","1","spa"
"RD-002111-S01","Hondo","RD-002111","1","spa"
"RD-002112-S01","Noche","RD-002112","1","spa"
"RD-002113-S01","Hay tinieblas","RD-002113","1","spa"
"RD-002114-S01","Oscuridad, en las tinieblas","RD-002114","1","spa"
"RD-002115-S01","Cóncavo","RD-002115","1","spa"
"RD-002116-S01","Hecho chueco","RD-002116","1","spa"
"RD-002117-S01","Hojas grandes de encino","RD-002117","1","spa"
"RD-002118-S01","Oscurecerse","RD-002118","1","spa"
"RD-002119-S01","Rata montés (anda entre el zacate)","RD-002119","1","spa"
"RD-002120-S01","Lagartija negra","RD-002120","1","spa"
"RD-002121-S01","Pez, pescado","RD-002121","1","spa"
"RD-002122-S01","Entretejer, hacer mecates","RD-002122","1","spa"
"RD-002123-S01","Tipo de quelite (comestible)","RD-002123","1","spa"
"RD-002124-S01","Codorniz (ave)","RD-002124","1","spa"
"RD-002125-S01","Derramar (un líquido)","RD-002125","1","spa"
"RD-002126-S01","Surcar (con el arado)","RD-002126","1","spa"
"RD-002127-S01","Poner acostados","RD-002127","1","spa"
"RD-002128-S01","Tumbar, poner acostados","RD-002128","1","spa"
"RD-002129-S01","Correr con aros (las mujeres)","RD-002129","1","spa"
"RD-002130-S01","Atizar","RD-002130","1","spa"
"RD-002131-S01","Cultivar (maíz)","RD-002131","1","spa"
"RD-002132-S01","Aro","RD-002132","1","spa"
"RD-002133-S01","Conejo","RD-002133","1","spa"
"RD-002134-S01","Volver por atrás, dar vueltas","RD-002134","1","spa"
"RD-002134-S02","Arrepentirse","RD-002134","2","spa"
"RD-002135-S01","Apartarse","RD-002135","1","spa"
"RD-002136-S01","Cambio (dinero)","RD-002136","1","spa"
"RD-002137-S01","Apartar","RD-002137","1","spa"
"RD-002138-S01","Separar","RD-002138","1","spa"
"RD-002139-S01","Aguantarse (en la carrera)","RD-002139","1","spa"
"RD-002139-S02","Durar mucho (ropa)","RD-002139","2","spa"
"RD-002140-S01","Lagartija pinta","RD-002140","1","spa"
"RD-002141-S01","Encino (de todos tipos)","RD-002141","1","spa"
"RD-002142-S01","Apartarse","RD-002142","1","spa"
"RD-002143-S01","Separado, apartado","RD-002143","1","spa"
"RD-002144-S01","Apartar, despedazar","RD-002144","1","spa"
"RD-002145-S01","Entre los encinos","RD-002145","1","spa"
"RD-002146-S01","Bellota","RD-002146","1","spa"
"RD-002147-S01","Flexible","RD-002147","1","spa"
"RD-002148-S01","Volver por atrás, dar vueltas (barbechando o en las carreras)","RD-002148","1","spa"
"RD-002149-S01","Doblar","RD-002149","1","spa"
"RD-002149-S02","Enrollar","RD-002149","2","spa"
"RD-002150-S01","Coyuntura","RD-002150","1","spa"
"RD-002150-S02","Tobillo","RD-002150","2","spa"
"RD-002151-S01","Hueso de la muñeca","RD-002151","1","spa"
"RD-002152-S01","Invierno","RD-002152","1","spa"
"RD-002153-S01","Lloviznar","RD-002153","1","spa"
"RD-002154-S01","Comenzar el invierno","RD-002154","1","spa"
"RD-002155-S01","Tener pies o patas","RD-002155","1","spa"
"RD-002156-S01","Hervir","RD-002156","1","spa"
"RD-002157-S01","Hacer espuma","RD-002157","1","spa"
"RD-002158-S01","Ponerse los pies (en una banca)","RD-002158","1","spa"
"RD-002159-S01","Hervirse","RD-002159","1","spa"
"RD-002160-S01","Pie, pata","RD-002160","1","spa"
"RD-002161-S01","Lavarse (pies, piernas)","RD-002161","1","spa"
"RD-002162-S01","Soba las piernas del corredor con agua mezclada con maguey para que no lo toque el hechicero","RD-002162","1","spa"
"RD-002163-S01","Manear","RD-002163","1","spa"
"RD-002164-S01","Estómago","RD-002164","1","spa"
"RD-002165-S01","Cinchar","RD-002165","1","spa"
"RD-002166-S01","Cincha","RD-002166","1","spa"
"RD-002167-S01","Tener estómago","RD-002167","1","spa"
"RD-002168-S01","Panzón","RD-002168","1","spa"
"RD-002169-S01","Jorobado","RD-002169","1","spa"
"RD-002170-S01","Panza","RD-002170","1","spa"
"RD-002171-S01","Rata","RD-002171","1","spa"
"RD-002172-S01","Bramar, mugir, rugir","RD-002172","1","spa"
"RD-002172-S02","Sonar (motor)","RD-002172","2","spa"
"RD-002172-S03","Gruñir","RD-002172","3","spa"
"RD-002172-S04","Roncar","RD-002172","4","spa"
"RD-002173-S01","Enfriar (lo que estaba en la lumbre)","RD-002173","1","spa"
"RD-002174-S01","Tráquea","RD-002174","1","spa"
"RD-002175-S01","Bramar (toro)","RD-002175","1","spa"
"RD-002175-S02","Zumbar","RD-002175","2","spa"
"RD-002176-S01","Cuajarse, congelarse","RD-002176","1","spa"
"RD-002177-S01","Lucero","RD-002177","1","spa"
"RD-002178-S01","Medio blanco, gris (como una camisa despintada), pardo","RD-002178","1","spa"
"RD-002179-S01","Blanco","RD-002179","1","spa"
"RD-002180-S01","Blanquearse","RD-002180","1","spa"
"RD-002181-S01","Blanquear","RD-002181","1","spa"
"RD-002182-S01","Pálido","RD-002182","1","spa"
"RD-002183-S01","Emblanquecer","RD-002183","1","spa"
"RD-002184-S01","Nido","RD-002184","1","spa"
"RD-002185-S01","Tordo","RD-002185","1","spa"
"RD-002186-S01","Despintarse","RD-002186","1","spa"
"RD-002187-S01","Toser","RD-002187","1","spa"
"RD-002188-S01","Pato","RD-002188","1","spa"
"RD-002189-S01","s Nido","RD-002189","1","spa"
"RD-002189-S02","vt Hacer nido","RD-002189","2","spa"
"RD-002190-S01","Tipo de maíz blando","RD-002190","1","spa"
"RD-002191-S01","Salamandra (reptil)","RD-002191","1","spa"
"RD-002192-S01","Sauz (árbol, sauce)","RD-002192","1","spa"
"RD-002193-S01","vi Avisar","RD-002193","1","spa"
"RD-002193-S02","vt Testificar","RD-002193","2","spa"
"RD-002194-S01","Descubrir","RD-002194","1","spa"
"RD-002195-S01","Estar oscureciéndose","RD-002195","1","spa"
"RD-002196-S01","Grillo","RD-002196","1","spa"
"RD-002197-S01","Preguntar","RD-002197","1","spa"
"RD-002198-S01","Gato montés","RD-002198","1","spa"
"RD-002199-S01","Liebre","RD-002199","1","spa"
"RD-002200-S01","Caerse (varias cosas)","RD-002200","1","spa"
"RD-002201-S01","Caminarse dormido","RD-002201","1","spa"
"RD-002202-S01","Estar grueso","RD-002202","1","spa"
"RD-002203-S01","Grueso","RD-002203","1","spa"
"RD-002204-S01","Frío, fresco","RD-002204","1","spa"
"RD-002205-S01","Hace frío","RD-002205","1","spa"
"RD-002206-S01","Sonaja (que llevan los corredores)","RD-002206","1","spa"
"RD-002207-S01","Tomatillo (una frutita que crece en una mata entre las siembras)","RD-002207","1","spa"
"RD-002208-S01","Intérprete","RD-002208","1","spa"
"RD-002209-S01","Moler","RD-002209","1","spa"
"RD-002210-S01","Molleja, buche","RD-002210","1","spa"
"RD-002211-S01","Avisar, aconsejar, informar","RD-002211","1","spa"
"RD-002212-S01","Oler, olfatear","RD-002212","1","spa"
"RD-002213-S01","Seguir olfateando","RD-002213","1","spa"
"RD-002214-S01","Hacer brasas","RD-002214","1","spa"
"RD-002215-S01","Conseguir","RD-002215","1","spa"
"RD-002216-S01","Zacate","RD-002216","1","spa"
"RD-002217-S01","Tipo de rana verde, sapo","RD-002217","1","spa"
"RD-002218-S01","Secar (verdura)","RD-002218","1","spa"
"RD-002219-S01","Tipo de pino (con corteza gruesa y agujas delgadas)","RD-002219","1","spa"
"RD-002219-S02","Hoja","RD-002219","2","spa"
"RD-002220-S01","Quemar","RD-002220","1","spa"
"RD-002221-S01","Curar, sanar","RD-002221","1","spa"
"RD-002222-S01","Sonaja (de los matachines)","RD-002222","1","spa"
"RD-002223-S01","Brotar (hojas nuevas)","RD-002223","1","spa"
"RD-002224-S01","Retoñar","RD-002224","1","spa"
"RD-002225-S01","Caerse (las hojas)","RD-002225","1","spa"
"RD-002226-S01","Quemarse, hacerse brasas","RD-002226","1","spa"
"RD-002227-S01","Aliviarse","RD-002227","1","spa"
"RD-002228-S01","Brasas, carbón","RD-002228","1","spa"
"RD-002229-S01","Temblar","RD-002229","1","spa"
"RD-002230-S01","Oler, olfatear","RD-002230","1","spa"
"RD-002231-S01","Lombriz de tierra","RD-002231","1","spa"
"RD-002232-S01","Remojar, mojar","RD-002232","1","spa"
"RD-002233-S01","Estar mojado","RD-002233","1","spa"
"RD-002234-S01","En algún lugar mojado","RD-002234","1","spa"
"RD-002235-S01","Humedecerse","RD-002235","1","spa"
"RD-002236-S01","Mojarse","RD-002236","1","spa"
"RD-002237-S01","Remojar","RD-002237","1","spa"
"RD-002238-S01","Sedimento del tesgüino","RD-002238","1","spa"
"RD-002239-S01","Carne","RD-002239","1","spa"
"RD-002240-S01","Engordarse","RD-002240","1","spa"
"RD-002241-S01","Engordar","RD-002241","1","spa"
"RD-002242-S01","Enflaquecerse","RD-002242","1","spa"
"RD-002243-S01","Estar gordo, tener cuerpo","RD-002243","1","spa"
"RD-002244-S01","Desnudarse","RD-002244","1","spa"
"RD-002245-S01","Hacer palomitas de maíz","RD-002245","1","spa"
"RD-002246-S01","Apurarse","RD-002246","1","spa"
"RD-002247-S01","vt Hacer esquite","RD-002247","1","spa"
"RD-002247-S02","s Esquite","RD-002247","2","spa"
"RD-002248-S01","Comal","RD-002248","1","spa"
"RD-002249-S01","Saliva","RD-002249","1","spa"
"RD-002250-S01","Salivar, babear","RD-002250","1","spa"
"RD-002251-S01","Amarillo, anaranjado","RD-002251","1","spa"
"RD-002252-S01","Resbalarse","RD-002252","1","spa"
"RD-002253-S01","Arena","RD-002253","1","spa"
"RD-002254-S01","Arenal","RD-002254","1","spa"
"RD-002255-S01","Arenoso","RD-002255","1","spa"
"RD-002256-S01","Ensuciar con arena","RD-002256","1","spa"
"RD-002257-S01","Quitar la arena","RD-002257","1","spa"
"RD-002258-S01","Víbora de cascabel (grande)","RD-002258","1","spa"
"RD-002259-S01","Enemigo","RD-002259","1","spa"
"RD-002260-S01","Sonaja de pascolero","RD-002260","1","spa"
"RD-002261-S01","De repente","RD-002261","1","spa"
"RD-002262-S01","Temblarse","RD-002262","1","spa"
"RD-002263-S01","Alcanzar, llegar","RD-002263","1","spa"
"RD-002263-S02","Lograr","RD-002263","2","spa"
"RD-002263-S03","Llegar a ser","RD-002263","3","spa"
"RD-002264-S01","Lugar donde lo alcanza","RD-002264","1","spa"
"RD-002265-S01","Completar, cumplir","RD-002265","1","spa"
"RD-002266-S01","Bastante","RD-002266","1","spa"
"RD-002266-S02","Completo","RD-002266","2","spa"
"RD-002267-S01","Florecer","RD-002267","1","spa"
"RD-002268-S01","Llegan","RD-002268","1","spa"
"RD-002269-S01","Hacer","RD-002269","1","spa"
"RD-002270-S01","Dilatarse","RD-002270","1","spa"
"RD-002271-S01","Suegro","RD-002271","1","spa"
"RD-002272-S01","Chiltipiquín (tipo de chile)","RD-002272","1","spa"
"RD-002273-S01","Renacuajo","RD-002273","1","spa"
"RD-002274-S01","Trasquilar","RD-002274","1","spa"
"RD-002275-S01","Brazo","RD-002275","1","spa"
"RD-002276-S01","A mano","RD-002276","1","spa"
"RD-002277-S01","Aplaudir","RD-002277","1","spa"
"RD-002278-S01","Bracear","RD-002278","1","spa"
"RD-002279-S01","Estar mocho de una mano","RD-002279","1","spa"
"RD-002280-S01","Mover (brazos)","RD-002280","1","spa"
"RD-002281-S01","Tipo de calabaza (blanca o pintada)","RD-002281","1","spa"
"RD-002282-S01","En un rincón","RD-002282","1","spa"
"RD-002283-S01","Hacer ruido (estómago)","RD-002283","1","spa"
"RD-002284-S01","Salir lagaña (en los ojos)","RD-002284","1","spa"
"RD-002285-S01","Olla, jarro","RD-002285","1","spa"
"RD-002286-S01","Hormiga","RD-002286","1","spa"
"RD-002287-S01","Tripas, intestino","RD-002287","1","spa"
"RD-002288-S01","Florecer","RD-002288","1","spa"
"RD-002289-S01","Flor","RD-002289","1","spa"
"RD-002290-S01","Calmarse (viento)","RD-002290","1","spa"
"RD-002291-S01","Pestaña(s)","RD-002291","1","spa"
"RD-002292-S01","En otra parte","RD-002292","1","spa"
"RD-002293-S01","Estar empachado (del estómago)","RD-002293","1","spa"
"RD-002293-S02","Se hincha (el nixtamal)","RD-002293","2","spa"
"RD-002294-S01","Vejiga, ampolla","RD-002294","1","spa"
"RD-002295-S01","Plegar","RD-002295","1","spa"
"RD-002296-S01","Irse","RD-002296","1","spa"
"RD-002297-S01","Pasan","RD-002297","1","spa"
"RD-002298-S01","Bonito, hermoso","RD-002298","1","spa"
"RD-002299-S01","Tocar (instrumento musical)","RD-002299","1","spa"
"RD-002300-S01","Pasar","RD-002300","1","spa"
"RD-002301-S01","Irse","RD-002301","1","spa"
"RD-002302-S01","Caminar","RD-002302","1","spa"
"RD-002303-S01","¡Vaya!","RD-002303","1","spa"
"RD-002304-S01","Querían irse","RD-002304","1","spa"
"RD-002305-S01","Pasar","RD-002305","1","spa"
"RD-002305-S02","Sobrar","RD-002305","2","spa"
"RD-002306-S01","Sobrante, demás","RD-002306","1","spa"
"RD-002307-S01","Colibrí, chupamirto","RD-002307","1","spa"
"RD-002308-S01","Gritar","RD-002308","1","spa"
"RD-002309-S01","s Vez","RD-002309","1","spa"
"RD-002309-S02","adj Uno","RD-002309","2","spa"
"RD-002310-S01","Todo, toda la gente","RD-002310","1","spa"
"RD-002311-S01","Siempre","RD-002311","1","spa"
"RD-002312-S01","Culebras, víboras (de todos tipos)","RD-002312","1","spa"
"RD-002313-S01","A veces, de vez en cuando","RD-002313","1","spa"
"RD-002314-S01","Distinto, diferente","RD-002314","1","spa"
"RD-002315-S01","Al contrario","RD-002315","1","spa"
"RD-002316-S01","Abeja","RD-002316","1","spa"
"RD-002316-S02","Mosca","RD-002316","2","spa"
"RD-002317-S01","Rascar, lijar, raspar, cepillar","RD-002317","1","spa"
"RD-002318-S01","Curandero, hechicero (que raspa una hueja o jícara con un palito y canta)","RD-002318","1","spa"
"RD-002319-S01","Hechizar","RD-002319","1","spa"
"RD-002320-S01","Ejote","RD-002320","1","spa"
"RD-002321-S01","Tipo de hierba de la milpa","RD-002321","1","spa"
"RD-002322-S01","Espejo","RD-002322","1","spa"
"RD-002323-S01","Enfriarse (p. ej.: comida, agua)","RD-002323","1","spa"
"RD-002324-S01","Enfriar (lo que estaba en la lumbre)","RD-002324","1","spa"
"RD-002325-S01","Pelar, mondar","RD-002325","1","spa"
"RD-002326-S01","Sarampión","RD-002326","1","spa"
"RD-002327-S01","Falda, enaguas","RD-002327","1","spa"
"RD-002328-S01","Tipo de encino (con hojas pequeñas)","RD-002328","1","spa"
"RD-002329-S01","Tipo de encino (con hojas pequeñas)","RD-002329","1","spa"
"RD-002330-S01","Tarántula","RD-002330","1","spa"
"RD-002331-S01","Tener brazo","RD-002331","1","spa"
"RD-002332-S01","Trasquilará","RD-002332","1","spa"
"RD-002333-S01","Cortar (con un cuchillo)","RD-002333","1","spa"
"RD-002334-S01","Gavilán (amarillo, pequeño)","RD-002334","1","spa"
"RD-002335-S01","Lanza (que llevan en semana santa)","RD-002335","1","spa"
"RD-002336-S01","Ir","RD-002336","1","spa"
"RD-002337-S01","Cierta mata con hojas angostas que crece en tierra caliente. La usan para hacer canastas, o en semana santa, para hacer flores para la fiesta","RD-002337","1","spa"
"RD-002338-S01","Ahogarse","RD-002338","1","spa"
"RD-002339-S01","Tijera","RD-002339","1","spa"
"RD-002340-S01","Llegaron","RD-002340","1","spa"
"RD-002341-S01","Gobernador tradicional","RD-002341","1","spa"
"RD-002342-S01","Tipo de hongo venenoso","RD-002342","1","spa"
"RD-002343-S01","Arrugarse","RD-002343","1","spa"
"RD-002344-S01","Cazar, pescar","RD-002344","1","spa"
"RD-002345-S01","Cazador","RD-002345","1","spa"
"RD-002346-S01","Arrugar, plegar","RD-002346","1","spa"
"RD-002346-S02","Aflojar","RD-002346","2","spa"
"RD-002347-S01","Llegando","RD-002347","1","spa"
"RD-002348-S01","Siguieron haciéndolo","RD-002348","1","spa"
"RD-002349-S01","¡Vénganse!","RD-002349","1","spa"
"RD-002350-S01","Resbalarse","RD-002350","1","spa"
"RD-002351-S01","Tinta (colorada, de la tierra, con que se pintan los tambores)","RD-002351","1","spa"
"RD-002352-S01","Ponerse colorado","RD-002352","1","spa"
"RD-002353-S01","Rojear, enrojecer","RD-002353","1","spa"
"RD-002354-S01","Pintar de rojo","RD-002354","1","spa"
"RD-002355-S01","Feo, que no sirve","RD-002355","1","spa"
"RD-002356-S01","Esquina, codo","RD-002356","1","spa"
"RD-002357-S01","En la esquina o rincón","RD-002357","1","spa"
"RD-002358-S01","Estar redondo","RD-002358","1","spa"
"RD-002359-S01","Redondo","RD-002359","1","spa"
"RD-002360-S01","Hacer redondo","RD-002360","1","spa"
"RD-002361-S01","Suegro","RD-002361","1","spa"
"RD-002362-S01","Llegamos","RD-002362","1","spa"
"RD-002363-S01","Ser verde, ser azul","RD-002363","1","spa"
"RD-002364-S01","Pintar de verde o de azul","RD-002364","1","spa"
"RD-002365-S01","Verde, azul","RD-002365","1","spa"
"RD-002366-S01","Cierta clase de palma (la utilizan para hacer tiras delgadas con que se amarran trastrojo y otras cosas)","RD-002366","1","spa"
"RD-002367-S01","Atascarse","RD-002367","1","spa"
"RD-002368-S01","Estar blando","RD-002368","1","spa"
"RD-002369-S01","Lagaña","RD-002369","1","spa"
"RD-002370-S01","Pájaro carpintero (con cabeza colorada)","RD-002370","1","spa"
"RD-002371-S01","Calentarse (a la lumbre)","RD-002371","1","spa"
"RD-002372-S01","Casi","RD-002372","1","spa"
"RD-002373-S01","Espinas","RD-002373","1","spa"
"RD-002374-S01","Sonar al resoplar o al respirar","RD-002374","1","spa"
"RD-002375-S01","Golondrina","RD-002375","1","spa"
"RD-002376-S01","Espinarse","RD-002376","1","spa"
"RD-002377-S01","Espinar","RD-002377","1","spa"
"RD-002378-S01","Honda","RD-002378","1","spa"
"RD-002379-S01","Cornear","RD-002379","1","spa"
"RD-002380-S01","Lavarse la cabeza","RD-002380","1","spa"
"RD-002381-S01","Rastrojo","RD-002381","1","spa"
"RD-002382-S01","Los pulmones","RD-002382","1","spa"
"RD-002383-S01","Soldado","RD-002383","1","spa"
"RD-002384-S01","Sacar tiras de palma o de cuero","RD-002384","1","spa"
"RD-002385-S01","Espamto (creen que un muerto sale como un animal)","RD-002385","1","spa"
"RD-002386-S01","Murciélago","RD-002386","1","spa"
"RD-002387-S01","Estrella","RD-002387","1","spa"
"RD-002388-S01","Despeinado","RD-002388","1","spa"
"RD-002389-S01","Yesca del corazón del encino","RD-002389","1","spa"
"RD-002390-S01","Tía (hermana mayor del padre)","RD-002390","1","spa"
"RD-002391-S01","Pudrirse (la madera)","RD-002391","1","spa"
"RD-002392-S01","Ratoncito (amarillento, del monte)","RD-002392","1","spa"
"RD-002393-S01","Chaparro","RD-002393","1","spa"
"RD-002394-S01","Espina","RD-002394","1","spa"
"RD-002395-S01","Coser","RD-002395","1","spa"
"RD-002396-S01","Raspar, rascarse","RD-002396","1","spa"
"RD-002397-S01","En el ombligo","RD-002397","1","spa"
"RD-002398-S01","Pellizcar, rasguñar (con las uñas)","RD-002398","1","spa"
"RD-002399-S01","Hormiga","RD-002399","1","spa"
"RD-002400-S01","Llenar de hormigas","RD-002400","1","spa"
"RD-002401-S01","Hechizar","RD-002401","1","spa"
"RD-002402-S01","Hechicero, brujo","RD-002402","1","spa"
"RD-002403-S01","Tesgüino","RD-002403","1","spa"
"RD-002404-S01","Estar mugriento, estar roñoso","RD-002404","1","spa"
"RD-002405-S01","Acabar (completamente)","RD-002405","1","spa"
"RD-002406-S01","Todo","RD-002406","1","spa"
"RD-002407-S01","Destruir, acabar","RD-002407","1","spa"
"RD-002408-S01","Acabar","RD-002408","1","spa"
"RD-002409-S01","Orilla, borde","RD-002409","1","spa"
"RD-002410-S01","Bonito","RD-002410","1","spa"
"RD-002411-S01","Acabarse","RD-002411","1","spa"
"RD-002411-S02","pl Morirse","RD-002411","2","spa"
"RD-002412-S01","Cadáveres","RD-002412","1","spa"
"RD-002413-S01","Orilla","RD-002413","1","spa"
"RD-002414-S01","Sobar","RD-002414","1","spa"
"RD-002415-S01","Chupamirto","RD-002415","1","spa"
"RD-002416-S01","Terminar, acabar, cumplir","RD-002416","1","spa"
"RD-002417-S01","En todas partes","RD-002417","1","spa"
"RD-002418-S01","Maíz","RD-002418","1","spa"
"RD-002419-S01","Murciélago","RD-002419","1","spa"
"RD-002420-S01","Ombligo","RD-002420","1","spa"
"RD-002421-S01","Pájaro carpintero (pinto)","RD-002421","1","spa"
"RD-002422-S01","Aflojarse","RD-002422","1","spa"
"RD-002422-S02","Rebajar la cuenta (fig.)","RD-002422","2","spa"
"RD-002423-S01","Corazón","RD-002423","1","spa"
"RD-002424-S01","Tener corazón","RD-002424","1","spa"
"RD-002425-S01","No querer convidar","RD-002425","1","spa"
"RD-002425-S02","No querer dejarle ir","RD-002425","2","spa"
"RD-002426-S01","Soltar","RD-002426","1","spa"
"RD-002427-S01","Uña, pezuña","RD-002427","1","spa"
"RD-002428-S01","Manear (a un animal)","RD-002428","1","spa"
"RD-002429-S01","Soltar (el mecate con que fue maneado)","RD-002429","1","spa"
"RD-002430-S01","Pedir","RD-002430","1","spa"
"RD-002431-S01","Chiquito","RD-002431","1","spa"
"RD-002432-S01","Tocar (un instrumento)","RD-002432","1","spa"
"RD-002433-S01","Chico, infante, pequeño","RD-002433","1","spa"
"RD-002434-S01","Músico, tocador","RD-002434","1","spa"
"RD-002435-S01","Ponerse la zapeta (taparrabo que se lleva en lugar de pantalón)","RD-002435","1","spa"
"RD-002436-S01","Luchar","RD-002436","1","spa"
"RD-002437-S01","Calentar","RD-002437","1","spa"
"RD-002438-S01","Lugar estrecho","RD-002438","1","spa"
"RD-002439-S01","Zapeta (reg.)","RD-002439","1","spa"
"RD-002440-S01","Tabla","RD-002440","1","spa"
"RD-002441-S01","Más chiquito","RD-002441","1","spa"
"RD-002442-S01","Menor","RD-002442","1","spa"
"RD-002443-S01","Tocar (instrumento musical)","RD-002443","1","spa"
"RD-002444-S01","Me, a mi","RD-002444","1","spa"
"RD-002445-S01","Nosotros","RD-002445","1","spa"
"RD-002446-S01","Nuestro","RD-002446","1","spa"
"RD-002447-S01","Mudo","RD-002447","1","spa"
"RD-002448-S01","Pedir","RD-002448","1","spa"
"RD-002449-S01","Fiar","RD-002449","1","spa"
"RD-002450-S01","Prestar","RD-002450","1","spa"
"RD-002451-S01","Rogar","RD-002451","1","spa"
"RD-002452-S01","Acarrear, traer (en las manos)","RD-002452","1","spa"
"RD-002453-S01","Contar","RD-002453","1","spa"
"RD-002454-S01","No","RD-002454","1","spa"
"RD-002455-S01","Semana","RD-002455","1","spa"
"RD-002456-S01","Semilla (para sembrar)","RD-002456","1","spa"
"RD-002457-S01","Apuesta","RD-002457","1","spa"
"RD-002458-S01","No","RD-002458","1","spa"
"RD-002459-S01","Por el arroyo abajito","RD-002459","1","spa"
"RD-002460-S01","No","RD-002460","1","spa"
"RD-002461-S01","Padre","RD-002461","1","spa"
"RD-002462-S01","Tejer, extender (hilos para tejer)","RD-002462","1","spa"
"RD-002463-S01","Afinar el violín","RD-002463","1","spa"
"RD-002464-S01","Cuerda de violín","RD-002464","1","spa"
"RD-002465-S01","Borrachos","RD-002465","1","spa"
"RD-002466-S01","Poco tiempo","RD-002466","1","spa"
"RD-002467-S01","Jóvenes","RD-002467","1","spa"
"RD-002468-S01","Telar","RD-002468","1","spa"
"RD-002469-S01","Corto","RD-002469","1","spa"
"RD-002470-S01","Al rato, ahorita","RD-002470","1","spa"
"RD-002471-S01","Medir por comparación","RD-002471","1","spa"
"RD-002472-S01","La medida, el plazo","RD-002472","1","spa"
"RD-002473-S01","Aplastarse (un animalito en la trampa de piedras)","RD-002473","1","spa"
"RD-002474-S01","quedar, sobrar","RD-002474","1","spa"
"RD-002474-S02","Permanecer","RD-002474","2","spa"
"RD-002475-S01","Cuidar, vigilar","RD-002475","1","spa"
"RD-002476-S01","Guardar, proteger, vigilar","RD-002476","1","spa"
"RD-002477-S01","Encomendar","RD-002477","1","spa"
"RD-002478-S01","Espantajo, espantapájaros","RD-002478","1","spa"
"RD-002479-S01","Peinar","RD-002479","1","spa"
"RD-002480-S01","Cercar, hacer (con piedra)","RD-002480","1","spa"
"RD-002481-S01","Descender","RD-002481","1","spa"
"RD-002482-S01","Muchacha","RD-002482","1","spa"
"RD-002483-S01","Burlar, repetir (la mism cosa que uno dice)","RD-002483","1","spa"
"RD-002484-S01","Se bajan","RD-002484","1","spa"
"RD-002485-S01","Usar bastón","RD-002485","1","spa"
"RD-002486-S01","Caminar con bastón","RD-002486","1","spa"
"RD-002487-S01","Bastón, bordón","RD-002487","1","spa"
"RD-002488-S01","Pobres","RD-002488","1","spa"
"RD-002489-S01","Llevar, tomar","RD-002489","1","spa"
"RD-002490-S01","Enterrar","RD-002490","1","spa"
"RD-002491-S01","Atascarse","RD-002491","1","spa"
"RD-002492-S01","Maíz (nacido para hacer tesgüino)","RD-002492","1","spa"
"RD-002493-S01","Pajarito (con pico fino; andan en muchos juntos; vienen en el tiempo de frío)","RD-002493","1","spa"
"RD-002494-S01","Muchacho, niño","RD-002494","1","spa"
"RD-002495-S01","Poner parado","RD-002495","1","spa"
"RD-002496-S01","Comida (de carne cocida)","RD-002496","1","spa"
"RD-002497-S01","Horcón, piedra parada, poste","RD-002497","1","spa"
"RD-002498-S01","Cacarear","RD-002498","1","spa"
"RD-002499-S01","Gallina, pollo","RD-002499","1","spa"
"RD-002500-S01","Blancos","RD-002500","1","spa"
"RD-002501-S01","Abajo (por el arroyo)","RD-002501","1","spa"
"RD-002502-S01","Traer agua, sacar agua con una hueja","RD-002502","1","spa"
"RD-002503-S01","Asar en las cenizas","RD-002503","1","spa"
"RD-002504-S01","Asado","RD-002504","1","spa"
"RD-002505-S01","Desde abajo","RD-002505","1","spa"
"RD-002506-S01","Nosotros","RD-002506","1","spa"
"RD-002507-S01","Trigo","RD-002507","1","spa"
"RD-002508-S01","Tropezar","RD-002508","1","spa"
"RD-002509-S01","Baile indígena","RD-002509","1","spa"
"RD-002510-S01","Tipo de mata que lleva una frutita","RD-002510","1","spa"
"RD-002511-S01","Bañarse","RD-002511","1","spa"
"RD-002512-S01","Espinazo","RD-002512","1","spa"
"RD-002513-S01","Llover","RD-002513","1","spa"
"RD-002514-S01","Lágrima","RD-002514","1","spa"
"RD-002515-S01","Lluvia","RD-002515","1","spa"
"RD-002516-S01","Tienen maridos","RD-002516","1","spa"
"RD-002517-S01","Poner parado (animal, caja boca abajo, persona agachada, cualquier cosa en cuatro patas)","RD-002517","1","spa"
"RD-002518-S01","Parar","RD-002518","1","spa"
"RD-002519-S01","Untar, ungir, frotar","RD-002519","1","spa"
"RD-002519-S02","Vacunar","RD-002519","2","spa"
"RD-002519-S03","Cargar (a un animal), echar carga","RD-002519","3","spa"
"RD-002520-S01","Estrecho, angostito","RD-002520","1","spa"
"RD-002521-S01","Estar parado (animal, barco, camión de carga, persona agachada)","RD-002521","1","spa"
"RD-002522-S01","Chupar, besar","RD-002522","1","spa"
"RD-002522-S02","Picar, picotear","RD-002522","2","spa"
"RD-002523-S01","Poner parado (en las cuatro patas)","RD-002523","1","spa"
"RD-002523-S02","Dejar los animales","RD-002523","2","spa"
"RD-002524-S01","Traducir (al tarahumara o al español)","RD-002524","1","spa"
"RD-002525-S01","Pararse de cuatro patas","RD-002525","1","spa"
"RD-002526-S01","Tipo de nopal que florece","RD-002526","1","spa"
"RD-002527-S01","Volver loco","RD-002527","1","spa"
"RD-002528-S01","Andan parados en cuatro patas","RD-002528","1","spa"
"RD-002529-S01","Correr","RD-002529","1","spa"
"RD-002530-S01","Tirar","RD-002530","1","spa"
"RD-002530-S02","Llevar (el agua)","RD-002530","2","spa"
"RD-002531-S01","Cintura","RD-002531","1","spa"
"RD-002532-S01","El último llano para abajo","RD-002532","1","spa"
"RD-002533-S01","Perder (en el juego)","RD-002533","1","spa"
"RD-002534-S01","Tirar flecha o balazo","RD-002534","1","spa"
"RD-002535-S01","Desmayarse","RD-002535","1","spa"
"RD-002536-S01","Bisabuelo, bisnieto","RD-002536","1","spa"
"RD-002537-S01","Canasta (con tapadera)","RD-002537","1","spa"
"RD-002538-S01","Tener esposa","RD-002538","1","spa"
"RD-002539-S01","Esposa","RD-002539","1","spa"
"RD-002540-S01","Enviudar (hombre)","RD-002540","1","spa"
"RD-002541-S01","Viudo","RD-002541","1","spa"
"RD-002542-S01","Salimos (del trabajo)","RD-002542","1","spa"
"RD-002543-S01","Fresno (árbol)","RD-002543","1","spa"
"RD-002544-S01","Barranca","RD-002544","1","spa"
"RD-002545-S01","Madroño (arbusto)","RD-002545","1","spa"
"RD-002546-S01","Azuzar (al perro)","RD-002546","1","spa"
"RD-002547-S01","Cogido, agarrado","RD-002547","1","spa"
"RD-002548-S01","Seis","RD-002548","1","spa"
"RD-002549-S01","Sexto","RD-002549","1","spa"
"RD-002550-S01","Sesenta","RD-002550","1","spa"
"RD-002551-S01","Arriba por el arroyo","RD-002551","1","spa"
"RD-002552-S01","Abuela materna","RD-002552","1","spa"
"RD-002552-S02","Nieta de la abuela","RD-002552","2","spa"
"RD-002553-S01","Zurdo","RD-002553","1","spa"
"RD-002554-S01","Dar, convidar","RD-002554","1","spa"
"RD-002555-S01","De repente (en futuro)","RD-002555","1","spa"
"RD-002556-S01","Inmediatamente, pronto","RD-002556","1","spa"
"RD-002557-S01","Quitar","RD-002557","1","spa"
"RD-002558-S01","Por allá, alrededor","RD-002558","1","spa"
"RD-002559-S01","Abierto (puerta, ventana)","RD-002559","1","spa"
"RD-002559-S02","Abertura (de la puerta)","RD-002559","2","spa"
"RD-002560-S01","Trer (para alguien)","RD-002560","1","spa"
"RD-002561-S01","Engañar, decir mentiras","RD-002561","1","spa"
"RD-002562-S01","Estar vertiginoso","RD-002562","1","spa"
"RD-002563-S01","Ustedes","RD-002563","1","spa"
"RD-002564-S01","Vuestro, de ustedes","RD-002564","1","spa"
"RD-002565-S01","Andar","RD-002565","1","spa"
"RD-002566-S01","Andar","RD-002566","1","spa"
"RD-002567-S01","¿Quién?","RD-002567","1","spa"
"RD-002568-S01","s Puerta (lo que cierra)","RD-002568","1","spa"
"RD-002568-S02","vt Cercar, cerrar, encerrar","RD-002568","2","spa"
"RD-002569-S01","Invitar","RD-002569","1","spa"
"RD-002570-S01","Conducir","RD-002570","1","spa"
"RD-002571-S01","Cerrado","RD-002571","1","spa"
"RD-002572-S01","Clase","RD-002572","1","spa"
"RD-002573-S01","Semejanza","RD-002573","1","spa"
"RD-002574-S01","Enojarse","RD-002574","1","spa"
"RD-002575-S01","Teñir","RD-002575","1","spa"
"RD-002576-S01","Regañar","RD-002576","1","spa"
"RD-002577-S01","Enojar","RD-002577","1","spa"
"RD-002578-S01","Inclinar la cabeza","RD-002578","1","spa"
"RD-002579-S01","Con","RD-002579","1","spa"
"RD-002580-S01","Guiar","RD-002580","1","spa"
"RD-002580-S02","Llevar de compañero (en un viaje)","RD-002580","2","spa"
"RD-002581-S01","Llevar a otro al caer (personas o cosas)","RD-002581","1","spa"
